feature_set,n_features,model,calibration,Delta,mean,mean_err
30,30,Logistic Regression,calibrated,0.036,0.000150581755334161,3.43255757869837E-06
30,30,Logistic Regression,calibrated,0.0366,0.000774814177374229,9.16163836526433E-05
30,30,Logistic Regression,calibrated,0.037,0.00980357171076766,0.00327159378408798
30,30,Logistic Regression,calibrated,0.0374,0.0879329505428236,0.039118311764685
30,30,Logistic Regression,calibrated,0.0378,0.337437355900981,0.0368119085784733
30,30,Logistic Regression,calibrated,0.0382,0.820148246157349,0.0593825821139966
30,30,Logistic Regression,calibrated,0.0386,0.962275415761781,0.0140909355566101
30,30,Logistic Regression,calibrated,0.039,0.998456158781218,0.000615455026386103
30,30,Logistic Regression,calibrated,0.0394,0.999425243657555,7.26759629751617E-05
30,30,Logistic Regression,calibrated,0.0398,0.999700339986536,1.93995078906493E-05
30,30,Logistic Regression,calibrated,0.0402,0.999692430580303,3.63220851569146E-05
30,30,Logistic Regression,calibrated,0.041,0.999801558214177,1.77644242139014E-06
30,30,Logistic Regression,uncalibrated,0.036,1.51080492712323E-09,1.42985055905828E-10
30,30,Logistic Regression,uncalibrated,0.0366,2.6891448522241E-07,1.13757491570772E-07
30,30,Logistic Regression,uncalibrated,0.037,0.000212965519193805,0.000180041521196826
30,30,Logistic Regression,uncalibrated,0.0374,0.0296389653664363,0.0237445456168691
30,30,Logistic Regression,uncalibrated,0.0378,0.338352623160185,0.0553755389285016
30,30,Logistic Regression,uncalibrated,0.0382,0.923178609189334,0.0325066543865571
30,30,Logistic Regression,uncalibrated,0.0386,0.998950424910036,0.000568217277954845
30,30,Logistic Regression,uncalibrated,0.039,0.999999742671637,1.50856185099357E-07
30,30,Logistic Regression,uncalibrated,0.0394,0.999999987645919,4.54158862912122E-09
30,30,Logistic Regression,uncalibrated,0.0398,0.999999998034938,4.17421353199115E-10
30,30,Logistic Regression,uncalibrated,0.0402,0.999999997925217,6.07022099252674E-10
30,30,Logistic Regression,uncalibrated,0.041,0.999999999355373,1.42551133258818E-11
30,30,Logistic Regression C = 0.00175,calibrated,0.036,0.000151507263993552,3.45293165651124E-06
30,30,Logistic Regression C = 0.00175,calibrated,0.0366,0.000779326966951896,9.21290328381705E-05
30,30,Logistic Regression C = 0.00175,calibrated,0.037,0.00985514907371836,0.00328763790844224
30,30,Logistic Regression C = 0.00175,calibrated,0.0374,0.0883069181215538,0.0392611434084498
30,30,Logistic Regression C = 0.00175,calibrated,0.0378,0.33835588929377,0.0368558983751571
30,30,Logistic Regression C = 0.00175,calibrated,0.0382,0.820728779439402,0.0591998183641527
30,30,Logistic Regression C = 0.00175,calibrated,0.0386,0.962442947267534,0.0140279871849464
30,30,Logistic Regression C = 0.00175,calibrated,0.039,0.998462144589422,0.000612897668069656
30,30,Logistic Regression C = 0.00175,calibrated,0.0394,0.999427223048976,7.23911123469433E-05
30,30,Logistic Regression C = 0.00175,calibrated,0.0398,0.99970118550935,1.93590082234549E-05
30,30,Logistic Regression C = 0.00175,calibrated,0.0402,0.999693399474805,3.6180950690301E-05
30,30,Logistic Regression C = 0.00175,calibrated,0.041,0.999802111056573,1.77165803766364E-06
30,30,Logistic Regression C = 0.00175,uncalibrated,0.036,1.7089258357724E-09,1.59810161629663E-10
30,30,Logistic Regression C = 0.00175,uncalibrated,0.0366,2.9127359580014E-07,1.22010228962087E-07
30,30,Logistic Regression C = 0.00175,uncalibrated,0.037,0.000220387990997624,0.000185634951286118
30,30,Logistic Regression C = 0.00175,uncalibrated,0.0374,0.0299090277075387,0.0238962907845542
30,30,Logistic Regression C = 0.00175,uncalibrated,0.0378,0.338601980129638,0.05529176382246
30,30,Logistic Regression C = 0.00175,uncalibrated,0.0382,0.922912065431623,0.0325778609006837
30,30,Logistic Regression C = 0.00175,uncalibrated,0.0386,0.998919550142549,0.000583317008121161
30,30,Logistic Regression C = 0.00175,uncalibrated,0.039,0.999999719975996,1.64042342098991E-07
30,30,Logistic Regression C = 0.00175,uncalibrated,0.0394,0.999999986231996,5.01923571345152E-09
30,30,Logistic Regression C = 0.00175,uncalibrated,0.0398,0.999999997777895,4.67393441524855E-10
30,30,Logistic Regression C = 0.00175,uncalibrated,0.0402,0.999999997653343,6.8228972471829E-10
30,30,Logistic Regression C = 0.00175,uncalibrated,0.041,0.999999999264718,1.61512089126372E-11
30,30,Decision Tree,calibrated,0.036,0.000221650878584332,1.19692678976814E-18
30,30,Decision Tree,calibrated,0.0366,0.000221650878584334,1.19692678976814E-18
30,30,Decision Tree,calibrated,0.037,0.000221650878584332,1.051173006585E-18
30,30,Decision Tree,calibrated,0.0374,0.00181898478872436,0.00158134057941001
30,30,Decision Tree,calibrated,0.0378,0.121810639645774,0.0347925131118843
30,30,Decision Tree,calibrated,0.0382,0.816049450651108,0.0701668155590225
30,30,Decision Tree,calibrated,0.0386,0.996572771779648,0.00202278124695115
30,30,Decision Tree,calibrated,0.039,0.999804824711331,5.88313455706836E-15
30,30,Decision Tree,calibrated,0.0394,0.999804824711349,5.88313455706836E-15
30,30,Decision Tree,calibrated,0.0398,0.999804824711337,5.57327535144975E-15
30,30,Decision Tree,calibrated,0.0402,0.999804824711345,5.57327535144975E-15
30,30,Decision Tree,calibrated,0.041,0.999804824711357,3.92208970471224E-15
30,30,Decision Tree,uncalibrated,0.036,0,0
30,30,Decision Tree,uncalibrated,0.0366,0,0
30,30,Decision Tree,uncalibrated,0.037,0,0
30,30,Decision Tree,uncalibrated,0.0374,0.00118,0.00118
30,30,Decision Tree,uncalibrated,0.0378,0.108852181279119,0.0327794571121097
30,30,Decision Tree,uncalibrated,0.0382,0.80428,0.07422
30,30,Decision Tree,uncalibrated,0.0386,0.996270755640741,0.00231950396297433
30,30,Decision Tree,uncalibrated,0.039,1,0
30,30,Decision Tree,uncalibrated,0.0394,1,0
30,30,Decision Tree,uncalibrated,0.0398,1,0
30,30,Decision Tree,uncalibrated,0.0402,1,0
30,30,Decision Tree,uncalibrated,0.041,1,0
30,30,Random Forest,calibrated,0.036,0.000221650878584332,1.19692678976814E-18
30,30,Random Forest,calibrated,0.0366,0.000243519541341938,8.93328640877436E-06
30,30,Random Forest,calibrated,0.037,0.000927020316415324,0.000112457482112392
30,30,Random Forest,calibrated,0.0374,0.00308599490213896,0.00134782456745292
30,30,Random Forest,calibrated,0.0378,0.152153418526906,0.044445713354727
30,30,Random Forest,calibrated,0.0382,0.851708982648486,0.0545959177805703
30,30,Random Forest,calibrated,0.0386,0.985611847590539,0.00525549423264815
30,30,Random Forest,calibrated,0.039,0.99966296630999,9.47994133499996E-05
30,30,Random Forest,calibrated,0.0394,0.999803420596264,1.28099479367633E-06
30,30,Random Forest,calibrated,0.0398,0.999804824711337,5.57327535144975E-15
30,30,Random Forest,calibrated,0.0402,0.999804824711345,5.57327535144975E-15
30,30,Random Forest,calibrated,0.041,0.999804824711357,3.92208970471224E-15
30,30,Random Forest,uncalibrated,0.036,0,0
30,30,Random Forest,uncalibrated,0.0366,0.00267245,0.000992809342919822
30,30,Random Forest,uncalibrated,0.037,0.0675843779648358,0.00827676174327299
30,30,Random Forest,uncalibrated,0.0374,0.1254063,0.0133404
30,30,Random Forest,uncalibrated,0.0378,0.255162456511874,0.0270060772326262
30,30,Random Forest,uncalibrated,0.0382,0.66258635,0.0427187042539428
30,30,Random Forest,uncalibrated,0.0386,0.782559889594834,0.0434978127278409
30,30,Random Forest,uncalibrated,0.039,0.985026973950477,0.0098476535192612
30,30,Random Forest,uncalibrated,0.0394,0.999786966637583,0.000193208477019141
30,30,Random Forest,uncalibrated,0.0398,1,0
30,30,Random Forest,uncalibrated,0.0402,1,0
30,30,Random Forest,uncalibrated,0.041,1,0
30,30,Gradient Boosted Trees,calibrated,0.036,0.000221650852704149,9.19177112777249E-19
30,30,Gradient Boosted Trees,calibrated,0.0366,0.000251326845459126,1.0726817259439E-05
30,30,Gradient Boosted Trees,calibrated,0.037,0.00101310117500729,0.000111594791393974
30,30,Gradient Boosted Trees,calibrated,0.0374,0.00280105273130005,0.00104698430897463
30,30,Gradient Boosted Trees,calibrated,0.0378,0.122877853112695,0.0375348402773331
30,30,Gradient Boosted Trees,calibrated,0.0382,0.813229677166905,0.0649012196053498
30,30,Gradient Boosted Trees,calibrated,0.0386,0.978992521988047,0.00754319997165931
30,30,Gradient Boosted Trees,calibrated,0.039,0.999590320334061,0.000142108004216546
30,30,Gradient Boosted Trees,calibrated,0.0394,0.999802358003575,2.27102010631459E-06
30,30,Gradient Boosted Trees,calibrated,0.0398,0.999804824737256,2.18688573956263E-15
30,30,Gradient Boosted Trees,calibrated,0.0402,0.999804824737267,3.26337589322524E-15
30,30,Gradient Boosted Trees,calibrated,0.041,0.999804824737245,3.26337589322524E-15
30,30,Gradient Boosted Trees,uncalibrated,0.036,2.32127408636935E-05,1.06712705539645E-19
30,30,Gradient Boosted Trees,uncalibrated,0.0366,2.83569206486274E-05,1.914843321905E-06
30,30,Gradient Boosted Trees,uncalibrated,0.037,0.000170820673655751,2.27161205012939E-05
30,30,Gradient Boosted Trees,uncalibrated,0.0374,0.000915249946640506,0.000577911955352909
30,30,Gradient Boosted Trees,uncalibrated,0.0378,0.11308614426897,0.0367141080701208
30,30,Gradient Boosted Trees,uncalibrated,0.0382,0.819219936787614,0.0673213262619782
30,30,Gradient Boosted Trees,uncalibrated,0.0386,0.990618551597375,0.00364891290326144
30,30,Gradient Boosted Trees,uncalibrated,0.039,0.99993303390434,3.08143615816991E-05
30,30,Gradient Boosted Trees,uncalibrated,0.0394,0.999978988593887,4.08249280338512E-07
30,30,Gradient Boosted Trees,uncalibrated,0.0398,0.999979423407847,5.88313455706836E-15
30,30,Gradient Boosted Trees,uncalibrated,0.0402,0.999979423407825,6.50215457669137E-15
30,30,Gradient Boosted Trees,uncalibrated,0.041,0.999979423407847,5.88313455706836E-15
30,30,kNN kd_tree,calibrated,0.036,0.000221650878584332,1.19692678976814E-18
30,30,kNN kd_tree,calibrated,0.0366,0.000221650878584334,1.19692678976814E-18
30,30,kNN kd_tree,calibrated,0.037,0.000221650878584332,1.051173006585E-18
30,30,kNN kd_tree,calibrated,0.0374,0.000586683578458934,0.000365032699874612
30,30,kNN kd_tree,calibrated,0.0378,0.137983315065822,0.0447677721567583
30,30,kNN kd_tree,calibrated,0.0382,0.863468148788928,0.0568329059707583
30,30,kNN kd_tree,calibrated,0.0386,0.999600446628314,0.00017558636206838
30,30,kNN kd_tree,calibrated,0.039,0.999804824711331,5.88313455706836E-15
30,30,kNN kd_tree,calibrated,0.0394,0.999804824711349,5.88313455706836E-15
30,30,kNN kd_tree,calibrated,0.0398,0.999804824711337,5.57327535144975E-15
30,30,kNN kd_tree,calibrated,0.0402,0.999804824711345,5.57327535144975E-15
30,30,kNN kd_tree,calibrated,0.041,0.999804824711357,3.92208970471224E-15
30,30,kNN kd_tree,uncalibrated,0.036,0,0
30,30,kNN kd_tree,uncalibrated,0.0366,0,0
30,30,kNN kd_tree,uncalibrated,0.037,0,0
30,30,kNN kd_tree,uncalibrated,0.0374,0.000370003700037,0.000370003700037
30,30,kNN kd_tree,uncalibrated,0.0378,0.138311046570259,0.0448614353570685
30,30,kNN kd_tree,uncalibrated,0.0382,0.864,0.0566976750610935
30,30,kNN kd_tree,uncalibrated,0.0386,0.999806110641991,0.000165282889106084
30,30,kNN kd_tree,uncalibrated,0.039,1,0
30,30,kNN kd_tree,uncalibrated,0.0394,1,0
30,30,kNN kd_tree,uncalibrated,0.0398,1,0
30,30,kNN kd_tree,uncalibrated,0.0402,1,0
30,30,kNN kd_tree,uncalibrated,0.041,1,0
30,30,kNN,calibrated,0.036,0.000221650878584332,1.19692678976814E-18
30,30,kNN,calibrated,0.0366,0.000221650878584334,1.19692678976814E-18
30,30,kNN,calibrated,0.037,0.000221650878584332,1.051173006585E-18
30,30,kNN,calibrated,0.0374,0.000586683578458934,0.000365032699874612
30,30,kNN,calibrated,0.0378,0.137983315065822,0.0447677721567583
30,30,kNN,calibrated,0.0382,0.863468148788928,0.0568329059707583
30,30,kNN,calibrated,0.0386,0.999600446628314,0.00017558636206838
30,30,kNN,calibrated,0.039,0.999804824711331,5.88313455706836E-15
30,30,kNN,calibrated,0.0394,0.999804824711349,5.88313455706836E-15
30,30,kNN,calibrated,0.0398,0.999804824711337,5.57327535144975E-15
30,30,kNN,calibrated,0.0402,0.999804824711345,5.57327535144975E-15
30,30,kNN,calibrated,0.041,0.999804824711357,3.92208970471224E-15
30,30,kNN,uncalibrated,0.036,0,0
30,30,kNN,uncalibrated,0.0366,0,0
30,30,kNN,uncalibrated,0.037,0,0
30,30,kNN,uncalibrated,0.0374,0.000370003700037,0.000370003700037
30,30,kNN,uncalibrated,0.0378,0.138311046570259,0.0448614353570685
30,30,kNN,uncalibrated,0.0382,0.864,0.0566976750610935
30,30,kNN,uncalibrated,0.0386,0.999806110641991,0.000165282889106084
30,30,kNN,uncalibrated,0.039,1,0
30,30,kNN,uncalibrated,0.0394,1,0
30,30,kNN,uncalibrated,0.0398,1,0
30,30,kNN,uncalibrated,0.0402,1,0
30,30,kNN,uncalibrated,0.041,1,0
30,30,kNN ball_tree,calibrated,0.036,0.000221650878584332,1.19692678976814E-18
30,30,kNN ball_tree,calibrated,0.0366,0.000221650878584334,1.19692678976814E-18
30,30,kNN ball_tree,calibrated,0.037,0.000221650878584332,1.051173006585E-18
30,30,kNN ball_tree,calibrated,0.0374,0.000586683578458934,0.000365032699874612
30,30,kNN ball_tree,calibrated,0.0378,0.137983315065822,0.0447677721567583
30,30,kNN ball_tree,calibrated,0.0382,0.863468148788928,0.0568329059707583
30,30,kNN ball_tree,calibrated,0.0386,0.999600446628314,0.00017558636206838
30,30,kNN ball_tree,calibrated,0.039,0.999804824711331,5.88313455706836E-15
30,30,kNN ball_tree,calibrated,0.0394,0.999804824711349,5.88313455706836E-15
30,30,kNN ball_tree,calibrated,0.0398,0.999804824711337,5.57327535144975E-15
30,30,kNN ball_tree,calibrated,0.0402,0.999804824711345,5.57327535144975E-15
30,30,kNN ball_tree,calibrated,0.041,0.999804824711357,3.92208970471224E-15
30,30,kNN ball_tree,uncalibrated,0.036,0,0
30,30,kNN ball_tree,uncalibrated,0.0366,0,0
30,30,kNN ball_tree,uncalibrated,0.037,0,0
30,30,kNN ball_tree,uncalibrated,0.0374,0.000370003700037,0.000370003700037
30,30,kNN ball_tree,uncalibrated,0.0378,0.138311046570259,0.0448614353570685
30,30,kNN ball_tree,uncalibrated,0.0382,0.864,0.0566976750610935
30,30,kNN ball_tree,uncalibrated,0.0386,0.999806110641991,0.000165282889106084
30,30,kNN ball_tree,uncalibrated,0.039,1,0
30,30,kNN ball_tree,uncalibrated,0.0394,1,0
30,30,kNN ball_tree,uncalibrated,0.0398,1,0
30,30,kNN ball_tree,uncalibrated,0.0402,1,0
30,30,kNN ball_tree,uncalibrated,0.041,1,0
30,30,SVM (RBF),calibrated,0.036,0.000221339236702279,4.09483677684853E-06
30,30,SVM (RBF),calibrated,0.0366,0.000908000163569393,9.64956200659642E-05
30,30,SVM (RBF),calibrated,0.037,0.0102662662564558,0.00341913214330863
30,30,SVM (RBF),calibrated,0.0374,0.0938766370007467,0.0424410113289909
30,30,SVM (RBF),calibrated,0.0378,0.361871769242843,0.0391035851289018
30,30,SVM (RBF),calibrated,0.0382,0.842994621561732,0.0526930406949982
30,30,SVM (RBF),calibrated,0.0386,0.970615495440414,0.0111301323428996
30,30,SVM (RBF),calibrated,0.039,0.998798843020009,0.000459934037358722
30,30,SVM (RBF),calibrated,0.0394,0.999516976779404,5.56948106155435E-05
30,30,SVM (RBF),calibrated,0.0398,0.999729338933931,1.49125605761507E-05
30,30,SVM (RBF),calibrated,0.0402,0.999721103918389,3.01920800402922E-05
30,30,SVM (RBF),calibrated,0.041,0.999808222637009,1.42485717056802E-06
30,30,SVM (RBF),uncalibrated,0.036,0.230133448916836,0.0003431049266966
30,30,SVM (RBF),uncalibrated,0.0366,0.258931752415599,0.00206408904524077
30,30,SVM (RBF),uncalibrated,0.037,0.321031743392288,0.00731723003338472
30,30,SVM (RBF),uncalibrated,0.0374,0.3946406299527,0.0188881979346509
30,30,SVM (RBF),uncalibrated,0.0378,0.462946501161103,0.00744569543661696
30,30,SVM (RBF),uncalibrated,0.0382,0.567554721411707,0.0234593884732912
30,30,SVM (RBF),uncalibrated,0.0386,0.624508632425488,0.017906785930938
30,30,SVM (RBF),uncalibrated,0.039,0.714290467439372,0.0129230885496567
30,30,SVM (RBF),uncalibrated,0.0394,0.732739870038594,0.00281144617666145
30,30,SVM (RBF),uncalibrated,0.0398,0.746669218338876,0.00120184205829707
30,30,SVM (RBF),uncalibrated,0.0402,0.746032026447528,0.00268625353718749
30,30,SVM (RBF),uncalibrated,0.041,0.755027857197943,0.000186038710218358
30,30,Neural Network,calibrated,0.036,0.000221650878584332,1.19692678976814E-18
30,30,Neural Network,calibrated,0.0366,0.000221650878584334,1.19692678976814E-18
30,30,Neural Network,calibrated,0.037,0.0137023233681206,0.00911167038478988
30,30,Neural Network,calibrated,0.0374,0.189308545311927,0.0627075244724744
30,30,Neural Network,calibrated,0.0378,0.423165370674884,0.0251292309929539
30,30,Neural Network,calibrated,0.0382,0.721298424542039,0.068227765830226
30,30,Neural Network,calibrated,0.0386,0.881323231456395,0.0500410682704176
30,30,Neural Network,calibrated,0.039,0.999791950891195,8.31912538294958E-06
30,30,Neural Network,calibrated,0.0394,0.999804824711349,5.88313455706836E-15
30,30,Neural Network,calibrated,0.0398,0.999804824711337,5.57327535144975E-15
30,30,Neural Network,calibrated,0.0402,0.999804824711345,5.57327535144975E-15
30,30,Neural Network,calibrated,0.041,0.999804824711357,3.92208970471224E-15
30,30,Neural Network,uncalibrated,0.036,0,0
30,30,Neural Network,uncalibrated,0.0366,0,0
30,30,Neural Network,uncalibrated,0.037,0,0
30,30,Neural Network,uncalibrated,0.0374,0.0116548488755557,0.0116148488755659
30,30,Neural Network,uncalibrated,0.0378,0.353241002332292,0.0678882144580695
30,30,Neural Network,uncalibrated,0.0382,0.955750616207969,0.0253260862815526
30,30,Neural Network,uncalibrated,0.0386,1,0
30,30,Neural Network,uncalibrated,0.039,1,0
30,30,Neural Network,uncalibrated,0.0394,1,0
30,30,Neural Network,uncalibrated,0.0398,1,0
30,30,Neural Network,uncalibrated,0.0402,1,0
30,30,Neural Network,uncalibrated,0.041,1,0
20,20,Logistic Regression,calibrated,0.036,9.28760074652651E-05,2.14610094023698E-06
20,20,Logistic Regression,calibrated,0.0366,0.000487151534781913,5.82408659124592E-05
20,20,Logistic Regression,calibrated,0.037,0.00638769767988042,0.0021805482271231
20,20,Logistic Regression,calibrated,0.0374,0.0607912767697317,0.0280600216734536
20,20,Logistic Regression,calibrated,0.0378,0.26062607098645,0.0319272952317117
20,20,Logistic Regression,calibrated,0.0382,0.761736990103872,0.077848783648903
20,20,Logistic Regression,calibrated,0.0386,0.944111439061175,0.0212096360931371
20,20,Logistic Regression,calibrated,0.039,0.998092176250119,0.000818373284476814
20,20,Logistic Regression,calibrated,0.0394,0.999370346903675,9.11343919145855E-05
20,20,Logistic Regression,calibrated,0.0398,0.999735811424759,1.36171490210051E-05
20,20,Logistic Regression,calibrated,0.0402,0.999691262291328,4.53207024930236E-05
20,20,Logistic Regression,calibrated,0.041,0.999824514705527,1.72945770514642E-06
20,20,Logistic Regression,uncalibrated,0.036,9.31546726531331E-10,8.21007350202469E-11
20,20,Logistic Regression,uncalibrated,0.0366,1.29766539453451E-07,5.19303651117185E-08
20,20,Logistic Regression,uncalibrated,0.037,8.35156102960494E-05,6.95742177545822E-05
20,20,Logistic Regression,uncalibrated,0.0374,0.0129555317338818,0.0107230602590158
20,20,Logistic Regression,uncalibrated,0.0378,0.227536454218331,0.0460154135051376
20,20,Logistic Regression,uncalibrated,0.0382,0.870705469132116,0.0509019652666353
20,20,Logistic Regression,uncalibrated,0.0386,0.996802704568976,0.00169500818345347
20,20,Logistic Regression,uncalibrated,0.039,0.999999126734985,5.13234429289078E-07
20,20,Logistic Regression,uncalibrated,0.0394,0.999999960183627,1.52579377922273E-08
20,20,Logistic Regression,uncalibrated,0.0398,0.999999995856318,6.18004735581251E-10
20,20,Logistic Regression,uncalibrated,0.0402,0.999999993867396,2.00351779611196E-09
20,20,Logistic Regression,uncalibrated,0.041,0.999999998477953,3.55868691783215E-11
20,20,Logistic Regression C = 0.00175,calibrated,0.036,9.26453444487476E-05,2.14025195451258E-06
20,20,Logistic Regression C = 0.00175,calibrated,0.0366,0.000485770731761347,5.80623585465344E-05
20,20,Logistic Regression C = 0.00175,calibrated,0.037,0.00636687814949705,0.00217308971072874
20,20,Logistic Regression C = 0.00175,calibrated,0.0374,0.0605906905925061,0.0279704044992198
20,20,Logistic Regression C = 0.00175,calibrated,0.0378,0.259995571411285,0.0318833217273037
20,20,Logistic Regression C = 0.00175,calibrated,0.0382,0.761236417774674,0.0780003250394444
20,20,Logistic Regression C = 0.00175,calibrated,0.0386,0.943946801734337,0.0212689907402348
20,20,Logistic Regression C = 0.00175,calibrated,0.039,0.998084502737674,0.000821439844853222
20,20,Logistic Regression C = 0.00175,calibrated,0.0394,0.99936748211479,9.15029208600516E-05
20,20,Logistic Regression C = 0.00175,calibrated,0.0398,0.999734411481518,1.36968407278567E-05
20,20,Logistic Regression C = 0.00175,calibrated,0.0402,0.999689759852704,4.55075107544944E-05
20,20,Logistic Regression C = 0.00175,calibrated,0.041,0.999823589478704,1.73742985431016E-06
20,20,Logistic Regression C = 0.00175,uncalibrated,0.036,1.03536559288583E-09,9.00892989252836E-11
20,20,Logistic Regression C = 0.00175,uncalibrated,0.0366,1.37886569900559E-07,5.45757053029268E-08
20,20,Logistic Regression C = 0.00175,uncalibrated,0.037,8.45860143469313E-05,7.01725311626993E-05
20,20,Logistic Regression C = 0.00175,uncalibrated,0.0374,0.0128030867983317,0.0105749886991075
20,20,Logistic Regression C = 0.00175,uncalibrated,0.0378,0.224996882076752,0.0456435911730189
20,20,Logistic Regression C = 0.00175,uncalibrated,0.0382,0.868596258806447,0.0515806078112267
20,20,Logistic Regression C = 0.00175,uncalibrated,0.0386,0.996624387830219,0.00178360736787834
20,20,Logistic Regression C = 0.00175,uncalibrated,0.039,0.999999019840309,5.75681894210423E-07
20,20,Logistic Regression C = 0.00175,uncalibrated,0.0394,0.999999954129734,1.74211434493822E-08
20,20,Logistic Regression C = 0.00175,uncalibrated,0.0398,0.999999995129499,7.19229474333188E-10
20,20,Logistic Regression C = 0.00175,uncalibrated,0.0402,0.999999992815453,2.3318391106919E-09
20,20,Logistic Regression C = 0.00175,uncalibrated,0.041,0.999999998196919,4.18395906066628E-11
20,20,Decision Tree,calibrated,0.036,0.000221650878584332,1.19692678976814E-18
20,20,Decision Tree,calibrated,0.0366,0.000221650878584334,1.19692678976814E-18
20,20,Decision Tree,calibrated,0.037,0.000221650878584332,1.051173006585E-18
20,20,Decision Tree,calibrated,0.0374,0.000221650878584334,1.19692678976814E-18
20,20,Decision Tree,calibrated,0.0378,0.000221650878584334,1.051173006585E-18
20,20,Decision Tree,calibrated,0.0382,0.100951646399522,0.100134243955763
20,20,Decision Tree,calibrated,0.0386,0.387092926120266,0.251933273181302
20,20,Decision Tree,calibrated,0.039,0.999363345207872,0.000287952903913578
20,20,Decision Tree,calibrated,0.0394,0.999804824711349,5.88313455706836E-15
20,20,Decision Tree,calibrated,0.0398,0.999804824711337,5.57327535144975E-15
20,20,Decision Tree,calibrated,0.0402,0.999804824711345,5.57327535144975E-15
20,20,Decision Tree,calibrated,0.041,0.999804824711357,3.92208970471224E-15
20,20,Decision Tree,uncalibrated,0.036,0,0
20,20,Decision Tree,uncalibrated,0.0366,0,0
20,20,Decision Tree,uncalibrated,0.037,0,0
20,20,Decision Tree,uncalibrated,0.0374,0,0
20,20,Decision Tree,uncalibrated,0.0378,0,0
20,20,Decision Tree,uncalibrated,0.0382,0.09693,0.09677
20,20,Decision Tree,uncalibrated,0.0386,0.376471200916571,0.253921466513905
20,20,Decision Tree,uncalibrated,0.039,0.999572138387957,0.000292591940768205
20,20,Decision Tree,uncalibrated,0.0394,1,0
20,20,Decision Tree,uncalibrated,0.0398,1,0
20,20,Decision Tree,uncalibrated,0.0402,1,0
20,20,Decision Tree,uncalibrated,0.041,1,0
20,20,Random Forest,calibrated,0.036,0.000221650878584332,1.19692678976814E-18
20,20,Random Forest,calibrated,0.0366,0.000293928726148364,3.31389495857763E-05
20,20,Random Forest,calibrated,0.037,0.00295095547715326,0.000403297042915118
20,20,Random Forest,calibrated,0.0374,0.00531518236722543,0.000319185856387582
20,20,Random Forest,calibrated,0.0378,0.0717831517946874,0.0228274084173999
20,20,Random Forest,calibrated,0.0382,0.593316112897279,0.0836821767357466
20,20,Random Forest,calibrated,0.0386,0.821015361908793,0.0712295119855236
20,20,Random Forest,calibrated,0.039,0.998933600264227,0.000589911238522201
20,20,Random Forest,calibrated,0.0394,0.999799746071491,4.74570424492099E-06
20,20,Random Forest,calibrated,0.0398,0.999804824711337,5.57327535144975E-15
20,20,Random Forest,calibrated,0.0402,0.999804824711345,5.57327535144975E-15
20,20,Random Forest,calibrated,0.041,0.999804824711357,3.92208970471224E-15
20,20,Random Forest,uncalibrated,0.036,0,0
20,20,Random Forest,uncalibrated,0.0366,0.0044763,0.00170340267340925
20,20,Random Forest,uncalibrated,0.037,0.116007337653162,0.0138680130806032
20,20,Random Forest,uncalibrated,0.0374,0.1864643,0.0039985
20,20,Random Forest,uncalibrated,0.0378,0.234667765878058,0.0137127284782095
20,20,Random Forest,uncalibrated,0.0382,0.5039979,0.0425652032501118
20,20,Random Forest,uncalibrated,0.0386,0.630222372669514,0.0617030517654411
20,20,Random Forest,uncalibrated,0.039,0.96896445785349,0.0203511442657934
20,20,Random Forest,uncalibrated,0.0394,0.999546927583199,0.000408049525280888
20,20,Random Forest,uncalibrated,0.0398,1,0
20,20,Random Forest,uncalibrated,0.0402,1,0
20,20,Random Forest,uncalibrated,0.041,1,0
20,20,Gradient Boosted Trees,calibrated,0.036,0.000221650852704149,9.19177112777249E-19
20,20,Gradient Boosted Trees,calibrated,0.0366,0.000515156548394691,0.000142964039561561
20,20,Gradient Boosted Trees,calibrated,0.037,0.0115823066551661,0.00166891465630706
20,20,Gradient Boosted Trees,calibrated,0.0374,0.0207738551609978,0.000810064525116632
20,20,Gradient Boosted Trees,calibrated,0.0378,0.112400172477675,0.0299472573910572
20,20,Gradient Boosted Trees,calibrated,0.0382,0.689642520285222,0.0688442367368357
20,20,Gradient Boosted Trees,calibrated,0.0386,0.876196041493101,0.0515738505499618
20,20,Gradient Boosted Trees,calibrated,0.039,0.999465281792243,0.000221797427770565
20,20,Gradient Boosted Trees,calibrated,0.0394,0.999802193924988,2.43350024686114E-06
20,20,Gradient Boosted Trees,calibrated,0.0398,0.999804824737256,2.18688573956263E-15
20,20,Gradient Boosted Trees,calibrated,0.0402,0.999804824737267,3.26337589322524E-15
20,20,Gradient Boosted Trees,calibrated,0.041,0.999804824737245,3.26337589322524E-15
20,20,Gradient Boosted Trees,uncalibrated,0.036,2.32127408636935E-05,1.06712705539645E-19
20,20,Gradient Boosted Trees,uncalibrated,0.0366,0.000123086580928866,5.12661975996213E-05
20,20,Gradient Boosted Trees,uncalibrated,0.037,0.00418265358158241,0.000630804354631231
20,20,Gradient Boosted Trees,uncalibrated,0.0374,0.00782180360484365,0.000421366766491103
20,20,Gradient Boosted Trees,uncalibrated,0.0378,0.101152979645222,0.0313822771728761
20,20,Gradient Boosted Trees,uncalibrated,0.0382,0.721288346663751,0.0702962134656489
20,20,Gradient Boosted Trees,uncalibrated,0.0386,0.908889803993091,0.0383454913015588
20,20,Gradient Boosted Trees,uncalibrated,0.039,0.999878987008246,6.25267460916401E-05
20,20,Gradient Boosted Trees,uncalibrated,0.0394,0.999978901570476,4.94428587349909E-07
20,20,Gradient Boosted Trees,uncalibrated,0.0398,0.999979423407847,5.88313455706836E-15
20,20,Gradient Boosted Trees,uncalibrated,0.0402,0.999979423407825,6.50215457669137E-15
20,20,Gradient Boosted Trees,uncalibrated,0.041,0.999979423407847,5.88313455706836E-15
20,20,kNN,calibrated,0.036,0.000221650878584332,1.19692678976814E-18
20,20,kNN,calibrated,0.0366,0.000221650878584334,1.19692678976814E-18
20,20,kNN,calibrated,0.037,0.000221650878584332,1.051173006585E-18
20,20,kNN,calibrated,0.0374,0.000221650878584334,1.19692678976814E-18
20,20,kNN,calibrated,0.0378,0.0585864456690654,0.0257309072288629
20,20,kNN,calibrated,0.0382,0.767662128687165,0.0882209246169981
20,20,kNN,calibrated,0.0386,0.997914733157063,0.00147606912718945
20,20,kNN,calibrated,0.039,0.999804824711331,5.88313455706836E-15
20,20,kNN,calibrated,0.0394,0.999804824711349,5.88313455706836E-15
20,20,kNN,calibrated,0.0398,0.999804824711337,5.57327535144975E-15
20,20,kNN,calibrated,0.0402,0.999804824711345,5.57327535144975E-15
20,20,kNN,calibrated,0.041,0.999804824711357,3.92208970471224E-15
20,20,kNN,uncalibrated,0.036,0,0
20,20,kNN,uncalibrated,0.0366,0,0
20,20,kNN,uncalibrated,0.037,0,0
20,20,kNN,uncalibrated,0.0374,0,0
20,20,kNN,uncalibrated,0.0378,0.0580887840100039,0.0256467700939286
20,20,kNN,uncalibrated,0.0382,0.766972000000001,0.0885100160358514
20,20,kNN,uncalibrated,0.0386,0.998064744604616,0.00150633165256376
20,20,kNN,uncalibrated,0.039,1,0
20,20,kNN,uncalibrated,0.0394,1,0
20,20,kNN,uncalibrated,0.0398,1,0
20,20,kNN,uncalibrated,0.0402,1,0
20,20,kNN,uncalibrated,0.041,1,0
20,20,kNN kd_tree,calibrated,0.036,0.000221650878584332,1.19692678976814E-18
20,20,kNN kd_tree,calibrated,0.0366,0.000221650878584334,1.19692678976814E-18
20,20,kNN kd_tree,calibrated,0.037,0.000221650878584332,1.051173006585E-18
20,20,kNN kd_tree,calibrated,0.0374,0.000221650878584334,1.19692678976814E-18
20,20,kNN kd_tree,calibrated,0.0378,0.0585864456690654,0.0257309072288629
20,20,kNN kd_tree,calibrated,0.0382,0.767662128687165,0.0882209246169981
20,20,kNN kd_tree,calibrated,0.0386,0.997914733157063,0.00147606912718945
20,20,kNN kd_tree,calibrated,0.039,0.999804824711331,5.88313455706836E-15
20,20,kNN kd_tree,calibrated,0.0394,0.999804824711349,5.88313455706836E-15
20,20,kNN kd_tree,calibrated,0.0398,0.999804824711337,5.57327535144975E-15
20,20,kNN kd_tree,calibrated,0.0402,0.999804824711345,5.57327535144975E-15
20,20,kNN kd_tree,calibrated,0.041,0.999804824711357,3.92208970471224E-15
20,20,kNN kd_tree,uncalibrated,0.036,0,0
20,20,kNN kd_tree,uncalibrated,0.0366,0,0
20,20,kNN kd_tree,uncalibrated,0.037,0,0
20,20,kNN kd_tree,uncalibrated,0.0374,0,0
20,20,kNN kd_tree,uncalibrated,0.0378,0.0580887840100039,0.0256467700939286
20,20,kNN kd_tree,uncalibrated,0.0382,0.766972000000001,0.0885100160358514
20,20,kNN kd_tree,uncalibrated,0.0386,0.998064744604616,0.00150633165256376
20,20,kNN kd_tree,uncalibrated,0.039,1,0
20,20,kNN kd_tree,uncalibrated,0.0394,1,0
20,20,kNN kd_tree,uncalibrated,0.0398,1,0
20,20,kNN kd_tree,uncalibrated,0.0402,1,0
20,20,kNN kd_tree,uncalibrated,0.041,1,0
20,20,kNN ball_tree,calibrated,0.036,0.000221650878584332,1.19692678976814E-18
20,20,kNN ball_tree,calibrated,0.0366,0.000221650878584334,1.19692678976814E-18
20,20,kNN ball_tree,calibrated,0.037,0.000221650878584332,1.051173006585E-18
20,20,kNN ball_tree,calibrated,0.0374,0.000221650878584334,1.19692678976814E-18
20,20,kNN ball_tree,calibrated,0.0378,0.0585864456690654,0.0257309072288629
20,20,kNN ball_tree,calibrated,0.0382,0.767662128687165,0.0882209246169981
20,20,kNN ball_tree,calibrated,0.0386,0.997914733157063,0.00147606912718945
20,20,kNN ball_tree,calibrated,0.039,0.999804824711331,5.88313455706836E-15
20,20,kNN ball_tree,calibrated,0.0394,0.999804824711349,5.88313455706836E-15
20,20,kNN ball_tree,calibrated,0.0398,0.999804824711337,5.57327535144975E-15
20,20,kNN ball_tree,calibrated,0.0402,0.999804824711345,5.57327535144975E-15
20,20,kNN ball_tree,calibrated,0.041,0.999804824711357,3.92208970471224E-15
20,20,kNN ball_tree,uncalibrated,0.036,0,0
20,20,kNN ball_tree,uncalibrated,0.0366,0,0
20,20,kNN ball_tree,uncalibrated,0.037,0,0
20,20,kNN ball_tree,uncalibrated,0.0374,0,0
20,20,kNN ball_tree,uncalibrated,0.0378,0.0580887840100039,0.0256467700939286
20,20,kNN ball_tree,uncalibrated,0.0382,0.766972000000001,0.0885100160358514
20,20,kNN ball_tree,uncalibrated,0.0386,0.998064744604616,0.00150633165256376
20,20,kNN ball_tree,uncalibrated,0.039,1,0
20,20,kNN ball_tree,uncalibrated,0.0394,1,0
20,20,kNN ball_tree,uncalibrated,0.0398,1,0
20,20,kNN ball_tree,uncalibrated,0.0402,1,0
20,20,kNN ball_tree,uncalibrated,0.041,1,0
20,20,SVM (RBF),calibrated,0.036,0.000215692417822602,4.10984617206985E-06
20,20,SVM (RBF),calibrated,0.0366,0.000900488122379013,9.48795611845548E-05
20,20,SVM (RBF),calibrated,0.037,0.00978452412741311,0.0031549322466951
20,20,SVM (RBF),calibrated,0.0374,0.0852761132327045,0.0380746215970464
20,20,SVM (RBF),calibrated,0.0378,0.332316648403629,0.0368928253559257
20,20,SVM (RBF),calibrated,0.0382,0.819886341323182,0.0597773096702044
20,20,SVM (RBF),calibrated,0.0386,0.963057140794424,0.0138913937718404
20,20,SVM (RBF),calibrated,0.039,0.998525735508928,0.000589382595600985
20,20,SVM (RBF),calibrated,0.0394,0.999443793918064,7.01323902469594E-05
20,20,SVM (RBF),calibrated,0.0398,0.999723313657935,1.42824738338815E-05
20,20,SVM (RBF),calibrated,0.0402,0.999697788650023,3.71987806943586E-05
20,20,SVM (RBF),calibrated,0.041,0.999807435104046,1.53496169430327E-06
20,20,SVM (RBF),uncalibrated,0.036,0.230686500436076,0.000350157168655468
20,20,SVM (RBF),uncalibrated,0.0366,0.259855374922193,0.0020642479803675
20,20,SVM (RBF),uncalibrated,0.037,0.321214638382695,0.00711052265843032
20,20,SVM (RBF),uncalibrated,0.0374,0.392300185020597,0.0181230162823275
20,20,SVM (RBF),uncalibrated,0.0378,0.457772224434864,0.00713039743195191
20,20,SVM (RBF),uncalibrated,0.0382,0.559148489757029,0.0231703626774027
20,20,SVM (RBF),uncalibrated,0.0386,0.615439544673015,0.0180241796026804
20,20,SVM (RBF),uncalibrated,0.039,0.708431561928634,0.0141323625268411
20,20,SVM (RBF),uncalibrated,0.0394,0.728030155552795,0.00310055313454445
20,20,SVM (RBF),uncalibrated,0.0398,0.744892753539784,0.00112461166393124
20,20,SVM (RBF),uncalibrated,0.0402,0.742875594230604,0.00309253130720771
20,20,SVM (RBF),uncalibrated,0.041,0.75372941859691,0.00019800356008918
20,20,Neural Network,calibrated,0.036,0.000221650878584332,1.19692678976814E-18
20,20,Neural Network,calibrated,0.0366,0.000221650878584334,1.19692678976814E-18
20,20,Neural Network,calibrated,0.037,0.000282186265225318,6.05353866409967E-05
20,20,Neural Network,calibrated,0.0374,0.0312326927230467,0.0235798992096396
20,20,Neural Network,calibrated,0.0378,0.15440522851557,0.0159356469345254
20,20,Neural Network,calibrated,0.0382,0.54592521038638,0.109736443624293
20,20,Neural Network,calibrated,0.0386,0.777608388750671,0.0120299308912624
20,20,Neural Network,calibrated,0.039,0.889357060891332,0.0506336871230771
20,20,Neural Network,calibrated,0.0394,0.983966769978006,0.00888651750767754
20,20,Neural Network,calibrated,0.0398,0.999804824711337,5.57327535144975E-15
20,20,Neural Network,calibrated,0.0402,0.999777538905867,2.32848352454884E-05
20,20,Neural Network,calibrated,0.041,0.999804824711357,3.92208970471224E-15
20,20,Neural Network,uncalibrated,0.036,0,0
20,20,Neural Network,uncalibrated,0.0366,7.08759854968309E-87,7.08759854968317E-87
20,20,Neural Network,uncalibrated,0.037,0.0826127757723317,0.0533290693618802
20,20,Neural Network,uncalibrated,0.0374,0.764876599230034,0.138669691567738
20,20,Neural Network,uncalibrated,0.0378,0.991277791556974,0.00863702833389368
20,20,Neural Network,uncalibrated,0.0382,1,0
20,20,Neural Network,uncalibrated,0.0386,1,0
20,20,Neural Network,uncalibrated,0.039,1,0
20,20,Neural Network,uncalibrated,0.0394,1,0
20,20,Neural Network,uncalibrated,0.0398,1,0
20,20,Neural Network,uncalibrated,0.0402,1,0
20,20,Neural Network,uncalibrated,0.041,1,0
12,12,Logistic Regression,calibrated,0.036,0.000145391651300603,3.32406158747058E-06
12,12,Logistic Regression,calibrated,0.0366,0.000752419715648119,8.93401194657963E-05
12,12,Logistic Regression,calibrated,0.037,0.00960927497461477,0.00322007052774621
12,12,Logistic Regression,calibrated,0.0374,0.0868705011788594,0.0387591567356513
12,12,Logistic Regression,calibrated,0.0378,0.335147190102497,0.0367088062149353
12,12,Logistic Regression,calibrated,0.0382,0.818750727676942,0.0598426925142549
12,12,Logistic Regression,calibrated,0.0386,0.96190796854009,0.0142365407796005
12,12,Logistic Regression,calibrated,0.039,0.998450215425149,0.000618468692816732
12,12,Logistic Regression,calibrated,0.0394,0.999424853419328,7.28531473112015E-05
12,12,Logistic Regression,calibrated,0.0398,0.999699829419997,1.9757376951175E-05
12,12,Logistic Regression,calibrated,0.0402,0.999692943313351,3.61617199275965E-05
12,12,Logistic Regression,calibrated,0.041,0.999801945229325,1.79030586307712E-06
12,12,Logistic Regression,uncalibrated,0.036,5.51135036536374E-09,4.5331082026406E-10
12,12,Logistic Regression,uncalibrated,0.0366,6.01338684233991E-07,2.25910648156922E-07
12,12,Logistic Regression,uncalibrated,0.037,0.000285590315600768,0.000230632687270408
12,12,Logistic Regression,uncalibrated,0.0374,0.0305574224838885,0.0238108575308067
12,12,Logistic Regression,uncalibrated,0.0378,0.329793159074089,0.0536675923920716
12,12,Logistic Regression,uncalibrated,0.0382,0.915635963048217,0.0349145530209399
12,12,Logistic Regression,uncalibrated,0.0386,0.998388159910754,0.000844413431689592
12,12,Logistic Regression,uncalibrated,0.039,0.99999926433119,4.26607124071055E-07
12,12,Logistic Regression,uncalibrated,0.0394,0.999999954003674,1.53681852670884E-08
12,12,Logistic Regression,uncalibrated,0.0398,0.999999991431523,1.62888701999509E-09
12,12,Logistic Regression,uncalibrated,0.0402,0.999999990952779,2.45694903311389E-09
12,12,Logistic Regression,uncalibrated,0.041,0.999999996920715,6.32260415058587E-11
12,12,Logistic Regression C = 0.00175,calibrated,0.036,0.000145228201347696,3.32041049392657E-06
12,12,Logistic Regression C = 0.00175,calibrated,0.0366,0.000751599430050289,8.92444482614023E-05
12,12,Logistic Regression C = 0.00175,calibrated,0.037,0.00959924738306926,0.00321682562275781
12,12,Logistic Regression C = 0.00175,calibrated,0.0374,0.0867944398980518,0.0387298813795045
12,12,Logistic Regression C = 0.00175,calibrated,0.0378,0.334972882933548,0.0367029248192239
12,12,Logistic Regression C = 0.00175,calibrated,0.0382,0.818672202742216,0.0598717505907495
12,12,Logistic Regression C = 0.00175,calibrated,0.0386,0.961897382907127,0.0142419486396726
12,12,Logistic Regression C = 0.00175,calibrated,0.039,0.998450781577799,0.000618344888690559
12,12,Logistic Regression C = 0.00175,calibrated,0.0394,0.999425209503063,7.28279555932142E-05
12,12,Logistic Regression C = 0.00175,calibrated,0.0398,0.999700108837795,1.9733795172474E-05
12,12,Logistic Regression C = 0.00175,calibrated,0.0402,0.999693180285372,3.61491671043157E-05
12,12,Logistic Regression C = 0.00175,calibrated,0.041,0.99980213315606,1.78850059926708E-06
12,12,Logistic Regression C = 0.00175,uncalibrated,0.036,2.63013340015581E-09,2.32687434134809E-10
12,12,Logistic Regression C = 0.00175,uncalibrated,0.0366,3.68967359275967E-07,1.47635861625185E-07
12,12,Logistic Regression C = 0.00175,uncalibrated,0.037,0.000229135205620386,0.000189800729362482
12,12,Logistic Regression C = 0.00175,uncalibrated,0.0374,0.0286304704274813,0.0227190004706888
12,12,Logistic Regression C = 0.00175,uncalibrated,0.0378,0.327211837147064,0.0541421272204042
12,12,Logistic Regression C = 0.00175,uncalibrated,0.0382,0.917123000993547,0.0345605491425943
12,12,Logistic Regression C = 0.00175,uncalibrated,0.0386,0.998633482554374,0.000728248088580016
12,12,Logistic Regression C = 0.00175,uncalibrated,0.039,0.99999954965591,2.62805922413012E-07
12,12,Logistic Regression C = 0.00175,uncalibrated,0.0394,0.999999975507982,8.61379308164702E-09
12,12,Logistic Regression C = 0.00175,uncalibrated,0.0398,0.999999995803939,8.47106809777434E-10
12,12,Logistic Regression C = 0.00175,uncalibrated,0.0402,0.999999995572593,1.25006394124938E-09
12,12,Logistic Regression C = 0.00175,uncalibrated,0.041,0.999999998565394,3.06986589569938E-11
12,12,Decision Tree,calibrated,0.036,0.000221650878584332,1.19692678976814E-18
12,12,Decision Tree,calibrated,0.0366,0.000221650878584334,1.19692678976814E-18
12,12,Decision Tree,calibrated,0.037,0.000221650878584332,1.051173006585E-18
12,12,Decision Tree,calibrated,0.0374,0.00106130914114445,0.00083965826256013
12,12,Decision Tree,calibrated,0.0378,0.177475744637704,0.0507669245200075
12,12,Decision Tree,calibrated,0.0382,0.889626768957995,0.0486193113666305
12,12,Decision Tree,calibrated,0.0386,0.999765228179986,3.95965313693865E-05
12,12,Decision Tree,calibrated,0.039,0.999804824711331,5.88313455706836E-15
12,12,Decision Tree,calibrated,0.0394,0.999804824711349,5.88313455706836E-15
12,12,Decision Tree,calibrated,0.0398,0.999804824711337,5.57327535144975E-15
12,12,Decision Tree,calibrated,0.0402,0.999804824711345,5.57327535144975E-15
12,12,Decision Tree,calibrated,0.041,0.999804824711357,3.92208970471224E-15
12,12,Decision Tree,uncalibrated,0.036,0,0
12,12,Decision Tree,uncalibrated,0.0366,0,0
12,12,Decision Tree,uncalibrated,0.037,0,0
12,12,Decision Tree,uncalibrated,0.0374,0.000820008200082001,0.000820008200082001
12,12,Decision Tree,uncalibrated,0.0378,0.17628728746899,0.0506387191120408
12,12,Decision Tree,uncalibrated,0.0382,0.889079999999999,0.0488294665135715
12,12,Decision Tree,uncalibrated,0.0386,0.999958302059878,4.16979401217654E-05
12,12,Decision Tree,uncalibrated,0.039,1,0
12,12,Decision Tree,uncalibrated,0.0394,1,0
12,12,Decision Tree,uncalibrated,0.0398,1,0
12,12,Decision Tree,uncalibrated,0.0402,1,0
12,12,Decision Tree,uncalibrated,0.041,1,0
12,12,Random Forest,calibrated,0.036,0.000221645229042474,9.54328837783343E-10
12,12,Random Forest,calibrated,0.0366,0.000222351514888216,1.17741242427434E-07
12,12,Random Forest,calibrated,0.037,0.000245592777740812,1.7092507046192E-05
12,12,Random Forest,calibrated,0.0374,0.00217547500380052,0.00163193514736247
12,12,Random Forest,calibrated,0.0378,0.180483333004991,0.0505716822985325
12,12,Random Forest,calibrated,0.0382,0.88900280685434,0.0488372584488946
12,12,Random Forest,calibrated,0.0386,0.999747060743057,3.95316327711171E-05
12,12,Random Forest,calibrated,0.039,0.99980481472857,4.89526835734111E-09
12,12,Random Forest,calibrated,0.0394,0.999804824198269,3.59867689999581E-10
12,12,Random Forest,calibrated,0.0398,0.999804824520436,1.08226841840669E-10
12,12,Random Forest,calibrated,0.0402,0.999804824436985,1.91689005938199E-10
12,12,Random Forest,calibrated,0.041,0.999804824628713,4.64439612620813E-15
12,12,Random Forest,uncalibrated,0.036,4.43592746371408E-07,2.66999249455908E-07
12,12,Random Forest,uncalibrated,0.0366,0.000200266021281702,3.36750756520582E-05
12,12,Random Forest,uncalibrated,0.037,0.00269005228204041,0.00111462685964594
12,12,Random Forest,uncalibrated,0.0374,0.03882095,0.02111815
12,12,Random Forest,uncalibrated,0.0378,0.259434225785308,0.0453265914668305
12,12,Random Forest,uncalibrated,0.0382,0.88693695,0.0449922102647688
12,12,Random Forest,uncalibrated,0.0386,0.995003020550156,0.00230294160749872
12,12,Random Forest,uncalibrated,0.039,0.99999549284374,2.25357813021798E-06
12,12,Random Forest,uncalibrated,0.0394,0.999999740300213,2.09912838710084E-07
12,12,Random Forest,uncalibrated,0.0398,0.999999947759915,5.22400535561223E-08
12,12,Random Forest,uncalibrated,0.0402,0.999999888965378,1.11034620743831E-07
12,12,Random Forest,uncalibrated,0.041,1,0
12,12,Gradient Boosted Trees,calibrated,0.036,0.000221650852704149,9.19177112777249E-19
12,12,Gradient Boosted Trees,calibrated,0.0366,0.000221650852704136,9.57541431814511E-19
12,12,Gradient Boosted Trees,calibrated,0.037,0.000597999085270454,0.000342917637336534
12,12,Gradient Boosted Trees,calibrated,0.0374,0.0181898885360571,0.011656904365837
12,12,Gradient Boosted Trees,calibrated,0.0378,0.228929096051799,0.0496841702117641
12,12,Gradient Boosted Trees,calibrated,0.0382,0.899406523229818,0.044308631827485
12,12,Gradient Boosted Trees,calibrated,0.0386,0.999751221915535,4.7764907232106E-05
12,12,Gradient Boosted Trees,calibrated,0.039,0.999804824737257,2.19812944215728E-15
12,12,Gradient Boosted Trees,calibrated,0.0394,0.999804824737257,2.20931592377709E-15
12,12,Gradient Boosted Trees,calibrated,0.0398,0.999804824737256,2.18688573956263E-15
12,12,Gradient Boosted Trees,calibrated,0.0402,0.999804824737267,3.26337589322524E-15
12,12,Gradient Boosted Trees,calibrated,0.041,0.999804824737245,3.26337589322524E-15
12,12,Gradient Boosted Trees,uncalibrated,0.036,2.32127408636935E-05,1.06712705539645E-19
12,12,Gradient Boosted Trees,uncalibrated,0.0366,2.32127408636941E-05,1.00622380469846E-19
12,12,Gradient Boosted Trees,uncalibrated,0.037,0.000265151435245675,0.000220015446994617
12,12,Gradient Boosted Trees,uncalibrated,0.0374,0.0117137790566606,0.00765974796646237
12,12,Gradient Boosted Trees,uncalibrated,0.0378,0.210133262822309,0.0500035956504828
12,12,Gradient Boosted Trees,uncalibrated,0.0382,0.896084077993415,0.0458669639428265
12,12,Gradient Boosted Trees,uncalibrated,0.0386,0.999932742456572,4.4099087542632E-05
12,12,Gradient Boosted Trees,uncalibrated,0.039,0.999979423407841,6.50215457669137E-15
12,12,Gradient Boosted Trees,uncalibrated,0.0394,0.999979423407838,5.88313455706836E-15
12,12,Gradient Boosted Trees,uncalibrated,0.0398,0.999979423407847,5.88313455706836E-15
12,12,Gradient Boosted Trees,uncalibrated,0.0402,0.999979423407825,6.50215457669137E-15
12,12,Gradient Boosted Trees,uncalibrated,0.041,0.999979423407847,5.88313455706836E-15
12,12,kNN kd_tree,calibrated,0.036,0.000221650878584332,1.19692678976814E-18
12,12,kNN kd_tree,calibrated,0.0366,0.000221650878584334,1.19692678976814E-18
12,12,kNN kd_tree,calibrated,0.037,0.000221650878584332,1.051173006585E-18
12,12,kNN kd_tree,calibrated,0.0374,0.000757198226920663,0.000535547348336342
12,12,kNN kd_tree,calibrated,0.0378,0.155630215865614,0.0477551433942107
12,12,kNN kd_tree,calibrated,0.0382,0.876413835960751,0.0521070952692628
12,12,kNN kd_tree,calibrated,0.0386,0.999708480451954,7.33979170004676E-05
12,12,kNN kd_tree,calibrated,0.039,0.999804824711331,5.88313455706836E-15
12,12,kNN kd_tree,calibrated,0.0394,0.999804824711349,5.88313455706836E-15
12,12,kNN kd_tree,calibrated,0.0398,0.999804824711337,5.57327535144975E-15
12,12,kNN kd_tree,calibrated,0.0402,0.999804824711345,5.57327535144975E-15
12,12,kNN kd_tree,calibrated,0.041,0.999804824711357,3.92208970471224E-15
12,12,kNN kd_tree,uncalibrated,0.036,0,0
12,12,kNN kd_tree,uncalibrated,0.0366,0,0
12,12,kNN kd_tree,uncalibrated,0.037,0,0
12,12,kNN kd_tree,uncalibrated,0.0374,0.000548005480054801,0.000548005480054801
12,12,kNN kd_tree,uncalibrated,0.0378,0.156771747241887,0.0479352348051101
12,12,kNN kd_tree,uncalibrated,0.0382,0.877222,0.0519502560257681
12,12,kNN kd_tree,uncalibrated,0.0386,0.999906182568678,7.29666818855005E-05
12,12,kNN kd_tree,uncalibrated,0.039,1,0
12,12,kNN kd_tree,uncalibrated,0.0394,1,0
12,12,kNN kd_tree,uncalibrated,0.0398,1,0
12,12,kNN kd_tree,uncalibrated,0.0402,1,0
12,12,kNN kd_tree,uncalibrated,0.041,1,0
12,12,kNN,calibrated,0.036,0.000221650878584332,1.19692678976814E-18
12,12,kNN,calibrated,0.0366,0.000221650878584334,1.19692678976814E-18
12,12,kNN,calibrated,0.037,0.000221650878584332,1.051173006585E-18
12,12,kNN,calibrated,0.0374,0.000757198226920663,0.000535547348336342
12,12,kNN,calibrated,0.0378,0.155630215865614,0.0477551433942107
12,12,kNN,calibrated,0.0382,0.876413835960751,0.0521070952692628
12,12,kNN,calibrated,0.0386,0.999708480451954,7.33979170004676E-05
12,12,kNN,calibrated,0.039,0.999804824711331,5.88313455706836E-15
12,12,kNN,calibrated,0.0394,0.999804824711349,5.88313455706836E-15
12,12,kNN,calibrated,0.0398,0.999804824711337,5.57327535144975E-15
12,12,kNN,calibrated,0.0402,0.999804824711345,5.57327535144975E-15
12,12,kNN,calibrated,0.041,0.999804824711357,3.92208970471224E-15
12,12,kNN,uncalibrated,0.036,0,0
12,12,kNN,uncalibrated,0.0366,0,0
12,12,kNN,uncalibrated,0.037,0,0
12,12,kNN,uncalibrated,0.0374,0.000548005480054801,0.000548005480054801
12,12,kNN,uncalibrated,0.0378,0.156771747241887,0.0479352348051101
12,12,kNN,uncalibrated,0.0382,0.877222,0.0519502560257681
12,12,kNN,uncalibrated,0.0386,0.999906182568678,7.29666818855005E-05
12,12,kNN,uncalibrated,0.039,1,0
12,12,kNN,uncalibrated,0.0394,1,0
12,12,kNN,uncalibrated,0.0398,1,0
12,12,kNN,uncalibrated,0.0402,1,0
12,12,kNN,uncalibrated,0.041,1,0
12,12,kNN ball_tree,calibrated,0.036,0.000221650878584332,1.19692678976814E-18
12,12,kNN ball_tree,calibrated,0.0366,0.000221650878584334,1.19692678976814E-18
12,12,kNN ball_tree,calibrated,0.037,0.000221650878584332,1.051173006585E-18
12,12,kNN ball_tree,calibrated,0.0374,0.000757198226920663,0.000535547348336342
12,12,kNN ball_tree,calibrated,0.0378,0.155630215865614,0.0477551433942107
12,12,kNN ball_tree,calibrated,0.0382,0.876413835960751,0.0521070952692628
12,12,kNN ball_tree,calibrated,0.0386,0.999708480451954,7.33979170004676E-05
12,12,kNN ball_tree,calibrated,0.039,0.999804824711331,5.88313455706836E-15
12,12,kNN ball_tree,calibrated,0.0394,0.999804824711349,5.88313455706836E-15
12,12,kNN ball_tree,calibrated,0.0398,0.999804824711337,5.57327535144975E-15
12,12,kNN ball_tree,calibrated,0.0402,0.999804824711345,5.57327535144975E-15
12,12,kNN ball_tree,calibrated,0.041,0.999804824711357,3.92208970471224E-15
12,12,kNN ball_tree,uncalibrated,0.036,0,0
12,12,kNN ball_tree,uncalibrated,0.0366,0,0
12,12,kNN ball_tree,uncalibrated,0.037,0,0
12,12,kNN ball_tree,uncalibrated,0.0374,0.000548005480054801,0.000548005480054801
12,12,kNN ball_tree,uncalibrated,0.0378,0.156771747241887,0.0479352348051101
12,12,kNN ball_tree,uncalibrated,0.0382,0.877222,0.0519502560257681
12,12,kNN ball_tree,uncalibrated,0.0386,0.999906182568678,7.29666818855005E-05
12,12,kNN ball_tree,uncalibrated,0.039,1,0
12,12,kNN ball_tree,uncalibrated,0.0394,1,0
12,12,kNN ball_tree,uncalibrated,0.0398,1,0
12,12,kNN ball_tree,uncalibrated,0.0402,1,0
12,12,kNN ball_tree,uncalibrated,0.041,1,0
12,12,SVM (RBF),calibrated,0.036,0.000221620187336797,4.09271715583768E-06
12,12,SVM (RBF),calibrated,0.0366,0.000908878353611221,9.67746479335825E-05
12,12,SVM (RBF),calibrated,0.037,0.0103398306227373,0.00345778444243559
12,12,SVM (RBF),calibrated,0.0374,0.0950653920794027,0.0430323870803502
12,12,SVM (RBF),calibrated,0.0378,0.365701699933269,0.0393617242807667
12,12,SVM (RBF),calibrated,0.0382,0.845713925216131,0.0518424278488556
12,12,SVM (RBF),calibrated,0.0386,0.971435858296198,0.0108246575938126
12,12,SVM (RBF),calibrated,0.039,0.998827234317788,0.000446830269170695
12,12,SVM (RBF),calibrated,0.0394,0.999524899884536,5.4255335353115E-05
12,12,SVM (RBF),calibrated,0.0398,0.999732113689387,1.45845554300007E-05
12,12,SVM (RBF),calibrated,0.0402,0.999724251535894,2.95058550334182E-05
12,12,SVM (RBF),calibrated,0.041,0.999809635913271,1.40144270393018E-06
12,12,SVM (RBF),uncalibrated,0.036,0.230317701040784,0.000342411127630266
12,12,SVM (RBF),uncalibrated,0.0366,0.259075556191392,0.00206357894939717
12,12,SVM (RBF),uncalibrated,0.037,0.32123339907037,0.00733505910028578
12,12,SVM (RBF),uncalibrated,0.0374,0.395050021268704,0.0189515191967805
12,12,SVM (RBF),uncalibrated,0.0378,0.463577078296129,0.00746935121636638
12,12,SVM (RBF),uncalibrated,0.0382,0.568363541025891,0.0234484380871179
12,12,SVM (RBF),uncalibrated,0.0386,0.625286584868136,0.0178579089441159
12,12,SVM (RBF),uncalibrated,0.039,0.714596598917255,0.0127996950178507
12,12,SVM (RBF),uncalibrated,0.0394,0.732892280089923,0.00278157907054433
12,12,SVM (RBF),uncalibrated,0.0398,0.746664321554947,0.00118778463629846
12,12,SVM (RBF),uncalibrated,0.0402,0.746050609793941,0.00265290719054667
12,12,SVM (RBF),uncalibrated,0.041,0.754950322088334,0.000184198368982395
12,12,Neural Network,calibrated,0.036,0.000221650878584332,1.19692678976814E-18
12,12,Neural Network,calibrated,0.0366,0.0161145889414634,0.00406695968870871
12,12,Neural Network,calibrated,0.037,0.164115904174722,0.00810088897013207
12,12,Neural Network,calibrated,0.0374,0.199325782636908,0.000812502367089504
12,12,Neural Network,calibrated,0.0378,0.223553991965519,0.0101261964315804
12,12,Neural Network,calibrated,0.0382,0.543586474757414,0.0714873813654013
12,12,Neural Network,calibrated,0.0386,0.749075360366228,0.0971103722422392
12,12,Neural Network,calibrated,0.039,0.999506843468441,0.000165033169419088
12,12,Neural Network,calibrated,0.0394,0.999804824711349,5.88313455706836E-15
12,12,Neural Network,calibrated,0.0398,0.999804824711337,5.57327535144975E-15
12,12,Neural Network,calibrated,0.0402,0.999804824711345,5.57327535144975E-15
12,12,Neural Network,calibrated,0.041,0.999804824711357,3.92208970471224E-15
12,12,Neural Network,uncalibrated,0.036,0,0
12,12,Neural Network,uncalibrated,0.0366,0,0
12,12,Neural Network,uncalibrated,0.037,0,0
12,12,Neural Network,uncalibrated,0.0374,0,0
12,12,Neural Network,uncalibrated,0.0378,2.60699723444919E-99,2.60699723444907E-99
12,12,Neural Network,uncalibrated,0.0382,0.160125794508415,0.1472023284327
12,12,Neural Network,uncalibrated,0.0386,0.543742746536585,0.213949315089502
12,12,Neural Network,uncalibrated,0.039,1,0
12,12,Neural Network,uncalibrated,0.0394,1,0
12,12,Neural Network,uncalibrated,0.0398,1,0
12,12,Neural Network,uncalibrated,0.0402,1,0
12,12,Neural Network,uncalibrated,0.041,1,0
