stride,feature_set,n_features,model,Delta,mean,mean_err
1,30,30,KMeans,0.036,0,0
1,30,30,KMeans,0.0366,0,0
1,30,30,KMeans,0.037,0,0
1,30,30,KMeans,0.0374,0,0
1,30,30,KMeans,0.0378,0.0170845351675171,0.0104729335386437
1,30,30,KMeans,0.0382,0.61123,0.16887
1,30,30,KMeans,0.0386,0.979325070305178,0.0129190003156027
1,30,30,KMeans,0.039,1,0
1,30,30,KMeans,0.0394,1,0
1,30,30,KMeans,0.0398,1,0
1,30,30,KMeans,0.0402,1,0
1,30,30,KMeans,0.041,1,0
50,30,30,Agglomerative,0.036,0,0
50,30,30,Agglomerative,0.0366,0,0
50,30,30,Agglomerative,0.037,0,0
50,30,30,Agglomerative,0.0374,0,0
50,30,30,Agglomerative,0.0378,0,0
50,30,30,Agglomerative,0.0382,0.111,0.097
50,30,30,Agglomerative,0.0386,0.3890625,0.209895833333333
50,30,30,Agglomerative,0.039,0.993790248390064,0.00436982520699175
50,30,30,Agglomerative,0.0394,1,0
50,30,30,Agglomerative,0.0398,1,0
50,30,30,Agglomerative,0.0402,1,0
50,30,30,Agglomerative,0.041,1,0
50,30,30,Spectral,0.036,0,0
50,30,30,Spectral,0.0366,0,0
50,30,30,Spectral,0.037,0,0
50,30,30,Spectral,0.0374,0,0
50,30,30,Spectral,0.0378,0.0350609756097561,0.0178198659661194
50,30,30,Spectral,0.0382,0.688,0.127
50,30,30,Spectral,0.0386,0.991614255765197,0.00681697356362719
50,30,30,Spectral,0.039,1,0
50,30,30,Spectral,0.0394,1,0
50,30,30,Spectral,0.0398,1,0
50,30,30,Spectral,0.0402,1,0
50,30,30,Spectral,0.041,1,0
500,30,30,GaussianMixture,0.036,1.03086517295649E-70,1.03086517295613E-70
500,30,30,GaussianMixture,0.0366,1.50167832162772E-29,1.50167832157124E-29
500,30,30,GaussianMixture,0.037,3.20467711062696E-10,3.20466506103784E-10
500,30,30,GaussianMixture,0.0374,0.00611452442878683,0.00611221187219163
500,30,30,GaussianMixture,0.0378,0.176292822646842,0.0433275714041873
500,30,30,GaussianMixture,0.0382,0.841338791409881,0.0673486764608001
500,30,30,GaussianMixture,0.0386,0.999991201098927,8.40411800304498E-06
500,30,30,GaussianMixture,0.039,1,0
500,30,30,GaussianMixture,0.0394,1,0
500,30,30,GaussianMixture,0.0398,1,0
500,30,30,GaussianMixture,0.0402,1,0
500,30,30,GaussianMixture,0.041,1,0
100,30,30,MeanShift,0.036,0,0
100,30,30,MeanShift,0.0366,0,0
100,30,30,MeanShift,0.037,0,0
100,30,30,MeanShift,0.0374,0,0
100,30,30,MeanShift,0.0378,0,0
100,30,30,MeanShift,0.0382,0.0141414141414142,0.0141414141414141
100,30,30,MeanShift,0.0386,0.0854166666666667,0.0807745168320086
100,30,30,MeanShift,0.039,0.956301747930083,0.0280588776448942
100,30,30,MeanShift,0.0394,1,0
100,30,30,MeanShift,0.0398,1,0
100,30,30,MeanShift,0.0402,1,0
100,30,30,MeanShift,0.041,1,0
10,30,30,DBSCAN,0.036,0,0
10,30,30,DBSCAN,0.0366,0,0
10,30,30,DBSCAN,0.037,0,0
10,30,30,DBSCAN,0.0374,0,0
10,30,30,DBSCAN,0.0378,0,0
10,30,30,DBSCAN,0.0382,0,0
10,30,30,DBSCAN,0.0386,0,0
10,30,30,DBSCAN,0.039,0,0
10,30,30,DBSCAN,0.0394,0,0
10,30,30,DBSCAN,0.0398,0,0
10,30,30,DBSCAN,0.0402,0,0
10,30,30,DBSCAN,0.041,0.000482253086419753,0.000255184347132001
50,30,30,Birch,0.036,0,0
50,30,30,Birch,0.0366,0,0
50,30,30,Birch,0.037,0,0
50,30,30,Birch,0.0374,0.001001001001001,0.001001001001001
50,30,30,Birch,0.0378,0.0862068965517244,0.0300998838473502
50,30,30,Birch,0.0382,0.7625,0.0925
50,30,30,Birch,0.0386,0.997826086956512,0.00171295398254291
50,30,30,Birch,0.039,1,0
50,30,30,Birch,0.0394,1,0
50,30,30,Birch,0.0398,1,0
50,30,30,Birch,0.0402,1,0
50,30,30,Birch,0.041,1,0
1000,30,30,BayesianGMM,0.036,3.51899142562614E-100,3.5153432542534E-100
1000,30,30,BayesianGMM,0.0366,2.54302078462011E-44,2.54302014917032E-44
1000,30,30,BayesianGMM,0.037,1.34463461011072E-19,1.34457030815034E-19
1000,30,30,BayesianGMM,0.0374,1.85269213080724E-05,1.8473447011381E-05
1000,30,30,BayesianGMM,0.0378,0.0525079277683811,0.0355837785652408
1000,30,30,BayesianGMM,0.0382,0.670651295152445,0.114061618963746
1000,30,30,BayesianGMM,0.0386,0.97207897544353,0.0189840696976819
1000,30,30,BayesianGMM,0.039,1,0
1000,30,30,BayesianGMM,0.0394,1,0
1000,30,30,BayesianGMM,0.0398,1,0
1000,30,30,BayesianGMM,0.0402,1,0
1000,30,30,BayesianGMM,0.041,1,0
1,20,20,KMeans,0.036,0,0
1,20,20,KMeans,0.0366,0,0
1,20,20,KMeans,0.037,0,0
1,20,20,KMeans,0.0374,0,0
1,20,20,KMeans,0.0378,0.0422238357435308,0.0198577360177286
1,20,20,KMeans,0.0382,0.7141,0.11142
1,20,20,KMeans,0.0386,0.993166666666662,0.0047712091899751
1,20,20,KMeans,0.039,1,0
1,20,20,KMeans,0.0394,1,0
1,20,20,KMeans,0.0398,1,0
1,20,20,KMeans,0.0402,1,0
1,20,20,KMeans,0.041,1,0
50,20,20,Agglomerative,0.036,0,0
50,20,20,Agglomerative,0.0366,0,0
50,20,20,Agglomerative,0.037,0,0
50,20,20,Agglomerative,0.0374,0,0
50,20,20,Agglomerative,0.0378,0,0
50,20,20,Agglomerative,0.0382,0.122,0.109
50,20,20,Agglomerative,0.0386,0.417708333333333,0.195833333333333
50,20,20,Agglomerative,0.039,0.997010119595216,0.0025298988040478
50,20,20,Agglomerative,0.0394,1,0
50,20,20,Agglomerative,0.0398,1,0
50,20,20,Agglomerative,0.0402,1,0
50,20,20,Agglomerative,0.041,1,0
50,20,20,Spectral,0.036,0,0
50,20,20,Spectral,0.0366,0,0
50,20,20,Spectral,0.037,0,0
50,20,20,Spectral,0.0374,0.000523286237571942,0.000523286237571952
50,20,20,Spectral,0.0378,0.0594512195121951,0.0241271657186533
50,20,20,Spectral,0.0382,0.7505,0.0928776076349946
50,20,20,Spectral,0.0386,0.995283018867924,0.00419479854622582
50,20,20,Spectral,0.039,1,0
50,20,20,Spectral,0.0394,1,0
50,20,20,Spectral,0.0398,1,0
50,20,20,Spectral,0.0402,1,0
50,20,20,Spectral,0.041,1,0
500,20,20,GaussianMixture,0.036,6.66361263913918E-85,6.66361263913913E-85
500,20,20,GaussianMixture,0.0366,2.43438060794909E-36,2.43438060794904E-36
500,20,20,GaussianMixture,0.037,1.06239595158043E-13,1.06239524633425E-13
500,20,20,GaussianMixture,0.0374,0.00135281283638297,0.00135276246064516
500,20,20,GaussianMixture,0.0378,0.0753816101858839,0.0319814012619665
500,20,20,GaussianMixture,0.0382,0.739001107717924,0.107869887461454
500,20,20,GaussianMixture,0.0386,0.996419595724125,0.00266170490930864
500,20,20,GaussianMixture,0.039,1,0
500,20,20,GaussianMixture,0.0394,1,0
500,20,20,GaussianMixture,0.0398,1,0
500,20,20,GaussianMixture,0.0402,1,0
500,20,20,GaussianMixture,0.041,1,0
100,20,20,MeanShift,0.036,0,0
100,20,20,MeanShift,0.0366,0,0
100,20,20,MeanShift,0.037,0,0
100,20,20,MeanShift,0.0374,0,0
100,20,20,MeanShift,0.0378,0,0
100,20,20,MeanShift,0.0382,0.0482897384305835,0.0482897384305835
100,20,20,MeanShift,0.0386,0.198958333333333,0.157291666666667
100,20,20,MeanShift,0.039,0.986660533578657,0.00781968721251153
100,20,20,MeanShift,0.0394,1,0
100,20,20,MeanShift,0.0398,1,0
100,20,20,MeanShift,0.0402,1,0
100,20,20,MeanShift,0.041,1,0
10,20,20,DBSCAN,0.036,0,0
10,20,20,DBSCAN,0.0366,0,0
10,20,20,DBSCAN,0.037,0,0
10,20,20,DBSCAN,0.0374,0,0
10,20,20,DBSCAN,0.0378,0,0
10,20,20,DBSCAN,0.0382,0,0
10,20,20,DBSCAN,0.0386,0,0
10,20,20,DBSCAN,0.039,0,0
10,20,20,DBSCAN,0.0394,0,0
10,20,20,DBSCAN,0.0398,0,0
10,20,20,DBSCAN,0.0402,0,0
10,20,20,DBSCAN,0.041,0.000252780586450961,0.000145942939633374
50,20,20,Birch,0.036,0,0
50,20,20,Birch,0.0366,0,0
50,20,20,Birch,0.037,0,0
50,20,20,Birch,0.0374,0,0
50,20,20,Birch,0.0378,0,0
50,20,20,Birch,0.0382,0.0755,0.0715
50,20,20,Birch,0.0386,0.261458333333333,0.155208333333333
50,20,20,Birch,0.039,0.926172953081877,0.0448482060717571
50,20,20,Birch,0.0394,0.998960498960498,0.00103950103950108
50,20,20,Birch,0.0398,1,0
50,20,20,Birch,0.0402,1,0
50,20,20,Birch,0.041,1,0
1000,20,20,BayesianGMM,0.036,1.70212901198362E-109,1.42645158393323E-109
1000,20,20,BayesianGMM,0.0366,2.57733302690049E-49,2.57733300169003E-49
1000,20,20,BayesianGMM,0.037,1.89356415580278E-21,1.89356153991985E-21
1000,20,20,BayesianGMM,0.0374,2.20045020134843E-06,2.19758094491799E-06
1000,20,20,BayesianGMM,0.0378,0.0306213724025329,0.0300471261961263
1000,20,20,BayesianGMM,0.0382,0.584623292322039,0.16833505364139
1000,20,20,BayesianGMM,0.0386,0.943339864299005,0.0442433751816401
1000,20,20,BayesianGMM,0.039,0.999999999999978,2.20101539628238E-15
1000,20,20,BayesianGMM,0.0394,1,0
1000,20,20,BayesianGMM,0.0398,1,0
1000,20,20,BayesianGMM,0.0402,1,0
1000,20,20,BayesianGMM,0.041,1,0
1,12,12,KMeans,0.036,0,0
1,12,12,KMeans,0.0366,0,0
1,12,12,KMeans,0.037,0,0
1,12,12,KMeans,0.0374,0.000140001400014,0.000140001400014
1,12,12,KMeans,0.0378,0.0443617514773804,0.0187290411728363
1,12,12,KMeans,0.0382,0.69401,0.12459
1,12,12,KMeans,0.0386,0.985793146547236,0.0088095710088474
1,12,12,KMeans,0.039,1,0
1,12,12,KMeans,0.0394,1,0
1,12,12,KMeans,0.0398,1,0
1,12,12,KMeans,0.0402,1,0
1,12,12,KMeans,0.041,1,0
50,12,12,Agglomerative,0.036,0,0
50,12,12,Agglomerative,0.0366,0,0
50,12,12,Agglomerative,0.037,0,0
50,12,12,Agglomerative,0.0374,0,0
50,12,12,Agglomerative,0.0378,0,0
50,12,12,Agglomerative,0.0382,0.052,0.052
50,12,12,Agglomerative,0.0386,0.23125,0.160416666666667
50,12,12,Agglomerative,0.039,0.943192272309108,0.0384084636614536
50,12,12,Agglomerative,0.0394,0.995846313603323,0.00311526479750779
50,12,12,Agglomerative,0.0398,1,0
50,12,12,Agglomerative,0.0402,1,0
50,12,12,Agglomerative,0.041,1,0
50,12,12,Spectral,0.036,0,0
50,12,12,Spectral,0.0366,0,0
50,12,12,Spectral,0.037,0.000526315789473663,0.000526315789473684
50,12,12,Spectral,0.0374,0.00100250626566416,0.00100250626566416
50,12,12,Spectral,0.0378,0.0712121212121212,0.0245661320004342
50,12,12,Spectral,0.0382,0.758,0.0903659227806588
50,12,12,Spectral,0.0386,0.995283018867924,0.00419479854622582
50,12,12,Spectral,0.039,1,0
50,12,12,Spectral,0.0394,1,0
50,12,12,Spectral,0.0398,1,0
50,12,12,Spectral,0.0402,1,0
50,12,12,Spectral,0.041,1,0
500,12,12,GaussianMixture,0.036,3.29351099328663E-31,3.2725382810221E-31
500,12,12,GaussianMixture,0.0366,4.15318215883205E-15,4.15309982366517E-15
500,12,12,GaussianMixture,0.037,3.73281795657608E-09,3.73024714645208E-09
500,12,12,GaussianMixture,0.0374,0.00020213889474948,0.000198110251362389
500,12,12,GaussianMixture,0.0378,0.0889045804388013,0.0347745355365089
500,12,12,GaussianMixture,0.0382,0.764766421664853,0.0928209248630062
500,12,12,GaussianMixture,0.0386,0.992748891630998,0.00723838640602671
500,12,12,GaussianMixture,0.039,1,0
500,12,12,GaussianMixture,0.0394,1,0
500,12,12,GaussianMixture,0.0398,1,0
500,12,12,GaussianMixture,0.0402,1,0
500,12,12,GaussianMixture,0.041,1,0
100,12,12,MeanShift,0.036,0,0
100,12,12,MeanShift,0.0366,0,0
100,12,12,MeanShift,0.037,0,0
100,12,12,MeanShift,0.0374,0,0
100,12,12,MeanShift,0.0378,0,0
100,12,12,MeanShift,0.0382,0.076,0.074
100,12,12,MeanShift,0.0386,0.296875,0.215625
100,12,12,MeanShift,0.039,0.99377990430621,0.00376358722765973
100,12,12,MeanShift,0.0394,1,0
100,12,12,MeanShift,0.0398,1,0
100,12,12,MeanShift,0.0402,1,0
100,12,12,MeanShift,0.041,1,0
10,12,12,DBSCAN,0.036,0,0
10,12,12,DBSCAN,0.0366,0,0
10,12,12,DBSCAN,0.037,0,0
10,12,12,DBSCAN,0.0374,0,0
10,12,12,DBSCAN,0.0378,0,0
10,12,12,DBSCAN,0.0382,0,0
10,12,12,DBSCAN,0.0386,0,0
10,12,12,DBSCAN,0.039,4.73933649289093E-05,4.73933649289099E-05
10,12,12,DBSCAN,0.0394,0,0
10,12,12,DBSCAN,0.0398,0,0
10,12,12,DBSCAN,0.0402,0,0
10,12,12,DBSCAN,0.041,0.000480923372875922,0.000320615581917281
50,12,12,Birch,0.036,0,0
50,12,12,Birch,0.0366,0,0
50,12,12,Birch,0.037,0,0
50,12,12,Birch,0.0374,0,0
50,12,12,Birch,0.0378,0.00100908173562059,0.00100908173562059
50,12,12,Birch,0.0382,0.059,0.05
50,12,12,Birch,0.0386,0.225,0.12417697803941
50,12,12,Birch,0.039,0.912583390844261,0.0420891982137842
50,12,12,Birch,0.0394,0.99221183800623,0.00473735399555945
50,12,12,Birch,0.0398,1,0
50,12,12,Birch,0.0402,1,0
50,12,12,Birch,0.041,1,0
1000,12,12,BayesianGMM,0.036,1.6552182360438E-65,1.18753188524468E-65
1000,12,12,BayesianGMM,0.0366,2.99580238995512E-39,2.99576504426176E-39
1000,12,12,BayesianGMM,0.037,1.48779742509402E-22,1.48779345668837E-22
1000,12,12,BayesianGMM,0.0374,6.80123736303918E-11,6.67930293940152E-11
1000,12,12,BayesianGMM,0.0378,2.75307179355315E-05,2.70961234347166E-05
1000,12,12,BayesianGMM,0.0382,0.216162563762753,0.170087629383415
1000,12,12,BayesianGMM,0.0386,0.620915346321156,0.181585047086078
1000,12,12,BayesianGMM,0.039,0.999999202958502,7.33143984456668E-07
1000,12,12,BayesianGMM,0.0394,0.999999999999968,3.23127037017507E-15
1000,12,12,BayesianGMM,0.0398,1,0
1000,12,12,BayesianGMM,0.0402,1,0
1000,12,12,BayesianGMM,0.041,1,0
