feature_set,n_features,model,algorithm,n_neighbors,calibration,train_acc,Delta_crit,Delta_crit_err,Delta_close,N_Delta,runtime_model,runtime_jackknife_mean,runtime_jackknife_chi,summary_mean_time,summary_chi_time,runtime_delta_crit,runtime_total
30,30,KNN,auto,1,uncalibrated,1.0,-0.115,0.0,-0.128,11,2.962,0.693,1.459,0.0128,0.0122,0.00033,5.139
30,30,KNN,auto,3,uncalibrated,1.0,-0.115,0.0,-0.128,11,2.782,0.441,0.932,0.0078,0.0077,0.00015,4.17
30,30,KNN,auto,5,uncalibrated,1.0,-0.115,0.0,-0.128,11,2.659,0.439,0.929,0.0086,0.0077,0.00015,4.044
30,30,KNN,auto,7,uncalibrated,1.0,-0.115,0.0,-0.128,11,2.836,0.495,1.111,0.0095,0.0106,0.00018,4.462
30,30,KNN,auto,9,uncalibrated,1.0,-0.115,0.0,-0.128,11,2.584,0.478,1.0,0.0082,0.0079,0.00016,4.079
30,30,KNN,auto,11,uncalibrated,1.0,-0.115,0.0,-0.128,11,2.602,0.418,0.892,0.0073,0.0074,0.0002,3.927
30,30,KNN,auto,13,uncalibrated,1.0,-0.115,0.0,-0.128,11,2.41,0.417,0.892,0.0081,0.0082,0.00027,3.736
30,30,KNN,auto,15,uncalibrated,1.0,-0.115,0.0,-0.128,11,2.572,0.474,0.992,0.0082,0.0079,0.00015,4.055
30,30,KNN,auto,17,uncalibrated,1.0,-0.115,0.0,-0.128,11,2.418,0.399,0.845,0.0081,0.0077,0.00021,3.678
30,30,KNN,auto,19,uncalibrated,1.0,-0.115,0.0,-0.128,11,2.928,0.42,0.893,0.0083,0.0075,0.00013,4.257
30,30,KNN,auto,21,uncalibrated,1.0,-0.115,0.0,-0.128,11,2.95,0.468,0.95,0.0073,0.0075,0.00014,4.384
30,30,KNN,auto,23,uncalibrated,1.0,-0.115,0.0,-0.128,11,2.832,0.47,0.981,0.0082,0.0079,0.00015,4.3
30,30,KNN,auto,25,uncalibrated,1.0,-0.115,0.0,-0.128,11,2.717,0.465,0.981,0.0083,0.0081,0.00015,4.179
30,30,KNN,auto,27,uncalibrated,1.0,-0.115,0.0,-0.128,11,2.477,0.416,0.888,0.0084,0.0074,0.00013,3.797
30,30,KNN,auto,29,uncalibrated,1.0,-0.115,0.0,-0.112,11,2.802,0.417,0.939,0.0074,0.0073,0.00014,4.173
30,30,KNN,auto,31,uncalibrated,1.0,-0.115,0.0,-0.112,11,2.672,0.425,0.952,0.0083,0.0082,0.00023,4.066
30,30,KNN,auto,33,uncalibrated,1.0,-0.115,0.0,-0.112,11,2.718,0.467,1.048,0.0081,0.0079,0.00014,4.249
30,30,KNN,auto,35,uncalibrated,1.0,-0.115,0.0,-0.112,11,2.479,0.462,1.042,0.008,0.0079,0.00017,3.998
30,30,KNN,auto,37,uncalibrated,1.0,-0.115,0.0,-0.112,11,2.756,0.459,1.03,0.0079,0.0079,0.00014,4.261
30,30,KNN,auto,39,uncalibrated,1.0,-0.115,0.0,-0.112,11,2.596,0.46,1.029,0.0082,0.0079,0.00014,4.101
30,30,KNN,auto,41,uncalibrated,1.0,-0.115,0.0,-0.112,11,2.794,0.462,1.054,0.0081,0.0079,0.00015,4.326
30,30,KNN,auto,43,uncalibrated,1.0,-0.115,0.0,-0.112,11,2.827,0.455,0.971,0.0075,0.0075,0.00016,4.269
30,30,KNN,auto,45,uncalibrated,1.0,-0.115,0.0,-0.112,11,2.8,0.459,1.034,0.0093,0.0086,0.00024,4.312
30,30,KNN,auto,47,uncalibrated,1.0,-0.115,0.0,-0.112,11,2.87,0.476,1.036,0.0082,0.0079,0.00016,4.398
30,30,KNN,auto,49,uncalibrated,1.0,-0.115,0.0,-0.112,11,2.616,0.457,1.046,0.0086,0.0084,0.00015,4.136
30,30,KNN,auto,51,uncalibrated,1.0,-0.115,0.0,-0.112,11,2.54,0.417,0.971,0.0079,0.0075,0.00014,3.945
30,30,KNN,auto,61,uncalibrated,1.0,-0.115,0.0,-0.112,11,2.492,0.459,1.067,0.0081,0.0079,0.00015,4.034
30,30,KNN,auto,81,uncalibrated,1.0,-0.1149996015936255,3.9856510214123625e-07,-0.112,11,2.772,0.463,1.114,0.008,0.0078,0.00016,4.365
30,30,KNN,auto,101,uncalibrated,1.0,-0.11499864076117375,1.3610863564441017e-06,-0.112,11,2.903,0.424,1.0,0.0073,0.007,0.00014,4.342
30,30,KNN,auto,151,uncalibrated,1.0,-0.11499508922581511,4.919498496141128e-06,-0.112,11,2.704,0.496,1.279,0.0083,0.0078,0.00015,4.495
30,30,KNN,auto,201,uncalibrated,1.0,-0.11499110566787801,8.441924343974044e-06,-0.112,11,2.79,0.412,1.104,0.0074,0.008,0.00024,4.322
30,30,KNN,kd_tree,1,uncalibrated,1.0,-0.115,0.0,-0.128,11,0.112,0.415,0.859,0.0076,0.008,0.00019,1.401
30,30,KNN,kd_tree,3,uncalibrated,1.0,-0.115,0.0,-0.128,11,0.253,0.467,0.96,0.0079,0.0077,0.00015,1.696
30,30,KNN,kd_tree,5,uncalibrated,1.0,-0.115,0.0,-0.128,11,0.237,0.452,0.958,0.0082,0.0077,0.00014,1.663
30,30,KNN,kd_tree,7,uncalibrated,1.0,-0.115,0.0,-0.128,11,0.288,0.428,0.921,0.0074,0.0074,0.00013,1.652
30,30,KNN,kd_tree,9,uncalibrated,1.0,-0.115,0.0,-0.128,11,0.324,0.43,0.886,0.0082,0.0078,0.00021,1.657
30,30,KNN,kd_tree,11,uncalibrated,1.0,-0.115,0.0,-0.128,11,0.305,0.449,0.951,0.009,0.0082,0.00014,1.722
30,30,KNN,kd_tree,13,uncalibrated,1.0,-0.115,0.0,-0.128,11,0.342,0.423,0.975,0.0084,0.0088,0.00014,1.758
30,30,KNN,kd_tree,15,uncalibrated,1.0,-0.115,0.0,-0.128,11,0.291,0.489,0.948,0.0078,0.0077,0.00015,1.744
30,30,KNN,kd_tree,17,uncalibrated,1.0,-0.115,0.0,-0.128,11,0.335,0.469,0.976,0.008,0.0077,0.00015,1.795
30,30,KNN,kd_tree,19,uncalibrated,1.0,-0.115,0.0,-0.128,11,0.385,0.435,0.913,0.0073,0.0072,0.00014,1.748
30,30,KNN,kd_tree,21,uncalibrated,1.0,-0.115,0.0,-0.128,11,0.382,0.443,0.942,0.0074,0.0075,0.00013,1.782
30,30,KNN,kd_tree,23,uncalibrated,1.0,-0.115,0.0,-0.128,11,0.39,0.455,1.007,0.0079,0.0077,0.00015,1.868
30,30,KNN,kd_tree,25,uncalibrated,1.0,-0.115,0.0,-0.128,11,0.388,0.457,0.959,0.0081,0.0078,0.00014,1.821
30,30,KNN,kd_tree,27,uncalibrated,1.0,-0.115,0.0,-0.128,11,0.393,0.422,0.94,0.0085,0.0075,0.00013,1.772
30,30,KNN,kd_tree,29,uncalibrated,1.0,-0.115,0.0,-0.112,11,0.384,0.469,1.014,0.0076,0.0078,0.00013,1.883
30,30,KNN,kd_tree,31,uncalibrated,1.0,-0.115,0.0,-0.112,11,0.359,0.47,1.042,0.008,0.008,0.00015,1.887
30,30,KNN,kd_tree,33,uncalibrated,1.0,-0.115,0.0,-0.112,11,0.381,0.467,0.997,0.0098,0.0091,0.00017,1.865
30,30,KNN,kd_tree,35,uncalibrated,1.0,-0.115,0.0,-0.112,11,0.318,0.421,0.96,0.0077,0.0076,0.00014,1.715
30,30,KNN,kd_tree,37,uncalibrated,1.0,-0.115,0.0,-0.112,11,0.429,0.446,0.98,0.0075,0.0076,0.00015,1.871
30,30,KNN,kd_tree,39,uncalibrated,1.0,-0.115,0.0,-0.112,11,0.387,0.463,1.034,0.0082,0.0081,0.00015,1.9
30,30,KNN,kd_tree,41,uncalibrated,1.0,-0.115,0.0,-0.112,11,0.432,0.428,0.945,0.0082,0.0082,0.00021,1.822
30,30,KNN,kd_tree,43,uncalibrated,1.0,-0.115,0.0,-0.112,11,0.408,0.455,1.027,0.0081,0.0079,0.00021,1.906
30,30,KNN,kd_tree,45,uncalibrated,1.0,-0.115,0.0,-0.112,11,0.423,0.462,1.028,0.0079,0.0079,0.00014,1.929
30,30,KNN,kd_tree,47,uncalibrated,1.0,-0.115,0.0,-0.112,11,0.429,0.489,1.061,0.0079,0.0075,0.00014,1.995
30,30,KNN,kd_tree,49,uncalibrated,1.0,-0.115,0.0,-0.112,11,0.339,0.427,0.946,0.0084,0.007,0.00013,1.727
30,30,KNN,kd_tree,51,uncalibrated,1.0,-0.115,0.0,-0.112,11,0.428,0.445,0.964,0.0075,0.0076,0.00014,1.853
30,30,KNN,kd_tree,61,uncalibrated,1.0,-0.115,0.0,-0.112,11,0.454,0.437,1.005,0.0086,0.0085,0.00026,1.913
30,30,KNN,kd_tree,81,uncalibrated,1.0,-0.1149996015936255,3.9856510214123625e-07,-0.112,11,0.462,0.426,1.055,0.0078,0.0079,0.00016,1.959
30,30,KNN,kd_tree,101,uncalibrated,1.0,-0.11499864076117375,1.3610863564441017e-06,-0.112,11,0.528,0.465,1.081,0.0085,0.0083,0.00024,2.09
30,30,KNN,kd_tree,151,uncalibrated,1.0,-0.11499508922581511,4.919498496141128e-06,-0.112,11,0.656,0.431,1.126,0.0085,0.0085,0.0002,2.23
30,30,KNN,kd_tree,201,uncalibrated,1.0,-0.11499110566787801,8.441924343974044e-06,-0.112,11,0.738,0.464,1.238,0.008,0.0078,0.00015,2.456
30,30,KNN,ball_tree,1,uncalibrated,1.0,-0.115,0.0,-0.128,11,0.461,0.45,0.941,0.0074,0.0073,0.00014,1.867
30,30,KNN,ball_tree,3,uncalibrated,1.0,-0.115,0.0,-0.128,11,0.531,0.493,0.963,0.0081,0.0078,0.00015,2.003
30,30,KNN,ball_tree,5,uncalibrated,1.0,-0.115,0.0,-0.128,11,0.549,0.425,0.948,0.0076,0.0075,0.00013,1.938
30,30,KNN,ball_tree,7,uncalibrated,1.0,-0.115,0.0,-0.128,11,0.597,0.411,0.891,0.0077,0.0082,0.00021,1.916
30,30,KNN,ball_tree,9,uncalibrated,1.0,-0.115,0.0,-0.128,11,0.582,0.423,0.908,0.0083,0.0081,0.00014,1.93
30,30,KNN,ball_tree,11,uncalibrated,1.0,-0.115,0.0,-0.128,11,0.434,0.467,0.964,0.008,0.008,0.00014,1.881
30,30,KNN,ball_tree,13,uncalibrated,1.0,-0.115,0.0,-0.128,11,0.374,0.474,0.977,0.0079,0.0078,0.00014,1.84
30,30,KNN,ball_tree,15,uncalibrated,1.0,-0.115,0.0,-0.128,11,0.645,0.424,0.867,0.0087,0.008,0.00014,1.954
30,30,KNN,ball_tree,17,uncalibrated,1.0,-0.115,0.0,-0.128,11,0.683,0.505,0.931,0.0076,0.0076,0.00014,2.134
30,30,KNN,ball_tree,19,uncalibrated,1.0,-0.115,0.0,-0.128,11,0.63,0.468,0.939,0.0076,0.0073,0.00014,2.053
30,30,KNN,ball_tree,21,uncalibrated,1.0,-0.115,0.0,-0.128,11,0.602,0.479,1.051,0.0081,0.0078,0.00014,2.147
30,30,KNN,ball_tree,23,uncalibrated,1.0,-0.115,0.0,-0.128,11,0.639,0.409,0.877,0.0082,0.0088,0.00021,1.943
30,30,KNN,ball_tree,25,uncalibrated,1.0,-0.115,0.0,-0.128,11,0.661,0.411,0.863,0.008,0.0082,0.00025,1.952
30,30,KNN,ball_tree,27,uncalibrated,1.0,-0.115,0.0,-0.128,11,0.69,0.458,1.035,0.0086,0.0102,0.00016,2.202
30,30,KNN,ball_tree,29,uncalibrated,1.0,-0.115,0.0,-0.112,11,0.743,0.465,1.036,0.0079,0.0077,0.00014,2.26
30,30,KNN,ball_tree,31,uncalibrated,1.0,-0.115,0.0,-0.112,11,0.745,0.447,1.044,0.0116,0.0081,0.00014,2.255
30,30,KNN,ball_tree,33,uncalibrated,1.0,-0.115,0.0,-0.112,11,0.723,0.46,1.004,0.008,0.0081,0.00014,2.203
30,30,KNN,ball_tree,35,uncalibrated,1.0,-0.115,0.0,-0.112,11,0.676,0.447,1.001,0.0076,0.0074,0.00014,2.138
30,30,KNN,ball_tree,37,uncalibrated,1.0,-0.115,0.0,-0.112,11,0.75,0.473,1.046,0.0081,0.008,0.00015,2.285
30,30,KNN,ball_tree,39,uncalibrated,1.0,-0.115,0.0,-0.112,11,0.705,0.464,1.044,0.0081,0.0081,0.00015,2.229
30,30,KNN,ball_tree,41,uncalibrated,1.0,-0.115,0.0,-0.112,11,0.827,0.451,1.01,0.0076,0.0075,0.00014,2.302
30,30,KNN,ball_tree,43,uncalibrated,1.0,-0.115,0.0,-0.112,11,0.76,0.486,1.027,0.0079,0.0078,0.00014,2.289
30,30,KNN,ball_tree,45,uncalibrated,1.0,-0.115,0.0,-0.112,11,0.472,0.449,0.915,0.008,0.0079,0.00018,1.852
30,30,KNN,ball_tree,47,uncalibrated,1.0,-0.115,0.0,-0.112,11,0.836,0.454,1.013,0.0085,0.0083,0.00022,2.32
30,30,KNN,ball_tree,49,uncalibrated,1.0,-0.115,0.0,-0.112,11,0.768,0.459,1.044,0.0082,0.0081,0.00015,2.288
30,30,KNN,ball_tree,51,uncalibrated,1.0,-0.115,0.0,-0.112,11,0.807,0.465,1.058,0.0095,0.0098,0.00025,2.35
30,30,KNN,ball_tree,61,uncalibrated,1.0,-0.115,0.0,-0.112,11,0.799,0.493,1.088,0.0081,0.0077,0.00019,2.396
30,30,KNN,ball_tree,81,uncalibrated,1.0,-0.1149996015936255,3.9856510214123625e-07,-0.112,11,0.675,0.443,1.058,0.0081,0.0081,0.00016,2.192
30,30,KNN,ball_tree,101,uncalibrated,1.0,-0.11499864076117375,1.3610863564441017e-06,-0.112,11,0.902,0.435,1.055,0.0079,0.0075,0.00022,2.408
30,30,KNN,ball_tree,151,uncalibrated,1.0,-0.11499508922581511,4.919498496141128e-06,-0.112,11,0.987,0.441,1.167,0.0074,0.0075,0.00015,2.61
30,30,KNN,ball_tree,201,uncalibrated,1.0,-0.11499110566787801,8.441924343974044e-06,-0.112,11,0.916,0.437,1.208,0.0081,0.0078,0.00016,2.577
30,30,KNN,brute,1,uncalibrated,1.0,-0.115,0.0,-0.128,11,2.857,0.445,0.9,0.0073,0.0076,0.00013,4.217
30,30,KNN,brute,3,uncalibrated,1.0,-0.115,0.0,-0.128,11,2.72,0.433,0.906,0.0085,0.0075,0.00014,4.075
30,30,KNN,brute,5,uncalibrated,1.0,-0.115,0.0,-0.128,11,2.506,0.466,0.982,0.0082,0.008,0.00015,3.97
30,30,KNN,brute,7,uncalibrated,1.0,-0.115,0.0,-0.128,11,2.698,0.435,0.926,0.0088,0.0086,0.00014,4.076
30,30,KNN,brute,9,uncalibrated,1.0,-0.115,0.0,-0.128,11,2.948,0.501,0.995,0.0083,0.0078,0.00034,4.461
30,30,KNN,brute,11,uncalibrated,1.0,-0.115,0.0,-0.128,11,2.581,0.478,1.03,0.0088,0.0091,0.00024,4.106
30,30,KNN,brute,13,uncalibrated,1.0,-0.115,0.0,-0.128,11,2.791,0.554,0.978,0.0086,0.0083,0.00022,4.341
30,30,KNN,brute,15,uncalibrated,1.0,-0.115,0.0,-0.128,11,2.467,0.452,0.954,0.0079,0.0078,0.00015,3.888
30,30,KNN,brute,17,uncalibrated,1.0,-0.115,0.0,-0.128,11,2.761,0.48,0.986,0.0096,0.0078,0.00015,4.244
30,30,KNN,brute,19,uncalibrated,1.0,-0.115,0.0,-0.128,11,2.48,0.458,0.961,0.0086,0.0089,0.00031,3.918
30,30,KNN,brute,21,uncalibrated,1.0,-0.115,0.0,-0.128,11,2.519,0.456,0.978,0.0081,0.0083,0.00015,3.97
30,30,KNN,brute,23,uncalibrated,1.0,-0.115,0.0,-0.128,11,2.445,0.453,0.954,0.008,0.0077,0.00014,3.868
30,30,KNN,brute,25,uncalibrated,1.0,-0.115,0.0,-0.128,11,2.431,0.45,0.944,0.0087,0.0084,0.00022,3.842
30,30,KNN,brute,27,uncalibrated,1.0,-0.115,0.0,-0.128,11,2.774,0.484,0.989,0.0081,0.0077,0.00017,4.263
30,30,KNN,brute,29,uncalibrated,1.0,-0.115,0.0,-0.112,11,2.851,0.425,0.955,0.0072,0.0075,0.00014,4.246
30,30,KNN,brute,31,uncalibrated,1.0,-0.115,0.0,-0.112,11,2.692,0.455,1.085,0.008,0.008,0.00014,4.248
30,30,KNN,brute,33,uncalibrated,1.0,-0.115,0.0,-0.112,11,2.768,0.46,1.081,0.0079,0.0078,0.00016,4.325
30,30,KNN,brute,35,uncalibrated,1.0,-0.115,0.0,-0.112,11,2.614,0.466,1.043,0.0084,0.0081,0.00015,4.14
30,30,KNN,brute,37,uncalibrated,1.0,-0.115,0.0,-0.112,11,2.605,0.479,1.005,0.0081,0.0084,0.00016,4.106
30,30,KNN,brute,39,uncalibrated,1.0,-0.115,0.0,-0.112,11,2.52,0.46,1.234,0.0084,0.0082,0.00015,4.231
30,30,KNN,brute,41,uncalibrated,1.0,-0.115,0.0,-0.112,11,2.542,0.428,1.007,0.0074,0.0075,0.00029,3.991
30,30,KNN,brute,43,uncalibrated,1.0,-0.115,0.0,-0.112,11,2.586,0.424,1.016,0.008,0.0089,0.00015,4.044
30,30,KNN,brute,45,uncalibrated,1.0,-0.115,0.0,-0.112,11,2.642,0.432,0.989,0.0076,0.0092,0.00013,4.081
30,30,KNN,brute,47,uncalibrated,1.0,-0.115,0.0,-0.112,11,2.671,0.431,0.99,0.0079,0.0077,0.00027,4.107
30,30,KNN,brute,49,uncalibrated,1.0,-0.115,0.0,-0.112,11,2.54,0.42,0.97,0.0084,0.0079,0.00022,3.946
30,30,KNN,brute,51,uncalibrated,1.0,-0.115,0.0,-0.112,11,2.84,0.445,0.922,0.0074,0.0072,0.00013,4.222
30,30,KNN,brute,61,uncalibrated,1.0,-0.115,0.0,-0.112,11,2.443,0.426,0.972,0.0075,0.0077,0.00014,3.857
30,30,KNN,brute,81,uncalibrated,1.0,-0.1149996015936255,3.9856510214123625e-07,-0.112,11,2.768,0.464,1.12,0.0083,0.0078,0.00016,4.368
30,30,KNN,brute,101,uncalibrated,1.0,-0.11499864076117375,1.3610863564441017e-06,-0.112,11,2.786,0.445,1.082,0.0102,0.0085,0.00015,4.332
30,30,KNN,brute,151,uncalibrated,1.0,-0.11499508922581511,4.919498496141128e-06,-0.112,11,2.71,0.454,1.217,0.0089,0.009,0.00016,4.399
30,30,KNN,brute,201,uncalibrated,1.0,-0.11499110566787801,8.441924343974044e-06,-0.112,11,2.914,0.408,1.108,0.0083,0.008,0.00023,4.446
20,20,KNN,auto,1,uncalibrated,1.0,-0.115,0.0,-0.128,11,2.851,0.414,0.872,0.0083,0.0075,0.00013,4.154
20,20,KNN,auto,3,uncalibrated,1.0,-0.115,0.0,-0.128,11,2.424,0.414,0.866,0.0083,0.008,0.00021,3.721
20,20,KNN,auto,5,uncalibrated,1.0,-0.115,0.0,-0.128,11,2.468,0.448,0.95,0.0078,0.0075,0.00014,3.881
20,20,KNN,auto,7,uncalibrated,1.0,-0.115,0.0,-0.128,11,2.4,0.45,0.942,0.0079,0.0076,0.00014,3.808
20,20,KNN,auto,9,uncalibrated,1.0,-0.115,0.0,-0.128,11,2.531,0.404,0.855,0.0082,0.0079,0.00017,3.807
20,20,KNN,auto,11,uncalibrated,1.0,-0.115,0.0,-0.128,11,2.561,0.45,0.946,0.0079,0.008,0.00018,3.973
20,20,KNN,auto,13,uncalibrated,1.0,-0.115,0.0,-0.128,11,2.466,0.448,0.946,0.0079,0.0077,0.00014,3.875
20,20,KNN,auto,15,uncalibrated,1.0,-0.115,0.0,-0.128,11,2.747,0.404,0.847,0.0077,0.0078,0.0002,4.014
20,20,KNN,auto,17,uncalibrated,1.0,-0.115,0.0,-0.128,11,2.608,0.447,0.944,0.0078,0.0078,0.00015,4.014
20,20,KNN,auto,19,uncalibrated,1.0,-0.115,0.0,-0.128,11,2.468,0.399,0.855,0.0083,0.0078,0.00022,3.739
20,20,KNN,auto,21,uncalibrated,1.0,-0.115,0.0,-0.128,11,2.797,0.4,0.845,0.0081,0.0078,0.00021,4.057
20,20,KNN,auto,23,uncalibrated,1.0,-0.115,0.0,-0.128,11,2.531,0.411,0.876,0.0084,0.008,0.00013,3.834
20,20,KNN,auto,25,uncalibrated,1.0,-0.115,0.0,-0.128,11,2.566,0.413,0.868,0.0083,0.008,0.00023,3.864
20,20,KNN,auto,27,uncalibrated,1.0,-0.115,0.0,-0.128,11,2.989,0.414,0.877,0.0084,0.0079,0.00013,4.297
20,20,KNN,auto,29,uncalibrated,1.0,-0.115,0.0,-0.112,11,2.591,0.412,0.93,0.0085,0.0081,0.00023,3.951
20,20,KNN,auto,31,uncalibrated,1.0,-0.115,0.0,-0.112,11,2.381,0.447,1.012,0.008,0.0079,0.00031,3.856
20,20,KNN,auto,33,uncalibrated,1.0,-0.115,0.0,-0.112,11,2.521,0.445,1.012,0.0079,0.0077,0.00014,3.993
20,20,KNN,auto,35,uncalibrated,1.0,-0.115,0.0,-0.112,11,2.493,0.413,0.933,0.0085,0.0071,0.00013,3.855
20,20,KNN,auto,37,uncalibrated,1.0,-0.115,0.0,-0.112,11,2.642,0.411,0.908,0.0081,0.0079,0.00021,3.978
20,20,KNN,auto,39,uncalibrated,1.0,-0.115,0.0,-0.112,11,2.609,0.418,0.941,0.0082,0.0074,0.00017,3.985
20,20,KNN,auto,41,uncalibrated,1.0,-0.115,0.0,-0.112,11,2.766,0.551,0.931,0.0082,0.0081,0.00021,4.264
20,20,KNN,auto,43,uncalibrated,1.0,-0.115,0.0,-0.112,11,2.891,0.404,0.906,0.0084,0.0078,0.00018,4.218
20,20,KNN,auto,45,uncalibrated,1.0,-0.115,0.0,-0.112,11,2.399,0.404,0.919,0.0083,0.0078,0.00015,3.739
20,20,KNN,auto,47,uncalibrated,1.0,-0.115,0.0,-0.112,11,2.798,0.448,1.02,0.0081,0.0078,0.00013,4.282
20,20,KNN,auto,49,uncalibrated,1.0,-0.115,0.0,-0.112,11,2.774,0.446,1.01,0.0079,0.0077,0.00014,4.246
20,20,KNN,auto,51,uncalibrated,1.0,-0.115,0.0,-0.112,11,2.432,0.41,0.931,0.0084,0.008,0.00017,3.788
20,20,KNN,auto,61,uncalibrated,1.0,-0.115,0.0,-0.112,11,2.696,0.406,0.926,0.0086,0.0082,0.00013,4.045
20,20,KNN,auto,81,uncalibrated,1.0,-0.115,0.0,-0.112,11,2.608,0.448,1.004,0.0088,0.0082,0.00022,4.077
20,20,KNN,auto,101,uncalibrated,1.0,-0.11499971703452179,2.830455476735189e-07,-0.112,11,2.794,0.447,1.071,0.0079,0.0076,0.00015,4.328
20,20,KNN,auto,151,uncalibrated,1.0,-0.11499784572154947,2.1589193661676e-06,-0.112,11,2.758,0.449,1.145,0.0081,0.0076,0.00014,4.369
20,20,KNN,auto,201,uncalibrated,1.0,-0.11499383826707545,6.0335930668885394e-06,-0.112,11,2.794,0.409,1.144,0.0078,0.0076,0.00016,4.362
20,20,KNN,kd_tree,1,uncalibrated,1.0,-0.115,0.0,-0.128,11,0.094,0.449,0.944,0.0079,0.0076,0.00015,1.501
20,20,KNN,kd_tree,3,uncalibrated,1.0,-0.115,0.0,-0.128,11,0.205,0.453,0.94,0.0079,0.0075,0.00014,1.614
20,20,KNN,kd_tree,5,uncalibrated,1.0,-0.115,0.0,-0.128,11,0.267,0.432,0.867,0.0083,0.008,0.00019,1.583
20,20,KNN,kd_tree,7,uncalibrated,1.0,-0.115,0.0,-0.128,11,0.274,0.442,0.935,0.0082,0.0076,0.00013,1.667
20,20,KNN,kd_tree,9,uncalibrated,1.0,-0.115,0.0,-0.128,11,0.168,0.419,0.87,0.0087,0.0071,0.00013,1.473
20,20,KNN,kd_tree,11,uncalibrated,1.0,-0.115,0.0,-0.128,11,0.284,0.41,0.848,0.0082,0.0079,0.00014,1.558
20,20,KNN,kd_tree,13,uncalibrated,1.0,-0.115,0.0,-0.128,11,0.294,0.452,0.939,0.0078,0.0078,0.0002,1.701
20,20,KNN,kd_tree,15,uncalibrated,1.0,-0.115,0.0,-0.128,11,0.311,0.458,0.941,0.0079,0.0078,0.00013,1.727
20,20,KNN,kd_tree,17,uncalibrated,1.0,-0.115,0.0,-0.128,11,0.301,0.453,0.936,0.0077,0.0077,0.00014,1.705
20,20,KNN,kd_tree,19,uncalibrated,1.0,-0.115,0.0,-0.128,11,0.24,0.419,0.875,0.0086,0.0076,0.00014,1.55
20,20,KNN,kd_tree,21,uncalibrated,1.0,-0.115,0.0,-0.128,11,0.33,0.419,0.879,0.0074,0.0071,0.00013,1.643
20,20,KNN,kd_tree,23,uncalibrated,1.0,-0.115,0.0,-0.128,11,0.252,0.42,0.878,0.0085,0.007,0.00014,1.565
20,20,KNN,kd_tree,25,uncalibrated,1.0,-0.115,0.0,-0.128,11,0.341,0.412,0.852,0.0082,0.008,0.00022,1.621
20,20,KNN,kd_tree,27,uncalibrated,1.0,-0.115,0.0,-0.128,11,0.264,0.408,0.851,0.0081,0.0079,0.00015,1.539
20,20,KNN,kd_tree,29,uncalibrated,1.0,-0.115,0.0,-0.112,11,0.33,0.418,0.961,0.0082,0.0079,0.00013,1.725
20,20,KNN,kd_tree,31,uncalibrated,1.0,-0.115,0.0,-0.112,11,0.271,0.406,0.905,0.0081,0.0074,0.00014,1.598
20,20,KNN,kd_tree,33,uncalibrated,1.0,-0.115,0.0,-0.112,11,0.334,0.419,0.927,0.0074,0.0072,0.0002,1.695
20,20,KNN,kd_tree,35,uncalibrated,1.0,-0.115,0.0,-0.112,11,0.355,0.411,0.906,0.0076,0.0073,0.00013,1.687
20,20,KNN,kd_tree,37,uncalibrated,1.0,-0.115,0.0,-0.112,11,0.293,0.448,1.003,0.0079,0.008,0.00014,1.76
20,20,KNN,kd_tree,39,uncalibrated,1.0,-0.115,0.0,-0.112,11,0.377,0.452,0.996,0.0087,0.0084,0.00024,1.842
20,20,KNN,kd_tree,41,uncalibrated,1.0,-0.115,0.0,-0.112,11,0.375,0.455,1.0,0.0079,0.0076,0.00014,1.846
20,20,KNN,kd_tree,43,uncalibrated,1.0,-0.115,0.0,-0.112,11,0.376,0.413,0.914,0.0083,0.008,0.00018,1.72
20,20,KNN,kd_tree,45,uncalibrated,1.0,-0.115,0.0,-0.112,11,0.359,0.414,0.932,0.0074,0.0072,0.00013,1.72
20,20,KNN,kd_tree,47,uncalibrated,1.0,-0.115,0.0,-0.112,11,0.4,0.406,0.908,0.0082,0.0077,0.00017,1.731
20,20,KNN,kd_tree,49,uncalibrated,1.0,-0.115,0.0,-0.112,11,0.396,0.411,0.932,0.0083,0.008,0.00023,1.756
20,20,KNN,kd_tree,51,uncalibrated,1.0,-0.115,0.0,-0.112,11,0.408,0.449,1.002,0.0077,0.0078,0.00014,1.875
20,20,KNN,kd_tree,61,uncalibrated,1.0,-0.115,0.0,-0.112,11,0.401,0.454,1.002,0.0077,0.0076,0.00014,1.873
20,20,KNN,kd_tree,81,uncalibrated,1.0,-0.115,0.0,-0.112,11,0.362,0.45,1.012,0.0081,0.0077,0.00014,1.839
20,20,KNN,kd_tree,101,uncalibrated,1.0,-0.11499971703452179,2.830455476735189e-07,-0.112,11,0.322,0.421,0.997,0.0083,0.0078,0.00016,1.757
20,20,KNN,kd_tree,151,uncalibrated,1.0,-0.11499784572154947,2.1589193661676e-06,-0.112,11,0.381,0.41,1.04,0.0084,0.008,0.00023,1.848
20,20,KNN,kd_tree,201,uncalibrated,1.0,-0.11499383826707545,6.0335930668885394e-06,-0.112,11,0.598,0.449,1.199,0.008,0.0079,0.00015,2.262
20,20,KNN,ball_tree,1,uncalibrated,1.0,-0.115,0.0,-0.128,11,0.379,0.413,0.854,0.0083,0.0079,0.0002,1.662
20,20,KNN,ball_tree,3,uncalibrated,1.0,-0.115,0.0,-0.128,11,0.491,0.416,0.862,0.0083,0.008,0.00021,1.786
20,20,KNN,ball_tree,5,uncalibrated,1.0,-0.115,0.0,-0.128,11,0.369,0.439,0.872,0.0083,0.008,0.00018,1.697
20,20,KNN,ball_tree,7,uncalibrated,1.0,-0.115,0.0,-0.128,11,0.258,0.418,0.869,0.0088,0.0075,0.00013,1.562
20,20,KNN,ball_tree,9,uncalibrated,1.0,-0.115,0.0,-0.128,11,0.543,0.416,0.873,0.0084,0.008,0.00023,1.849
20,20,KNN,ball_tree,11,uncalibrated,1.0,-0.115,0.0,-0.128,11,0.362,0.443,0.929,0.0078,0.0074,0.00014,1.749
20,20,KNN,ball_tree,13,uncalibrated,1.0,-0.115,0.0,-0.128,11,0.549,0.452,0.937,0.0078,0.0077,0.00014,1.954
20,20,KNN,ball_tree,15,uncalibrated,1.0,-0.115,0.0,-0.128,11,0.497,0.44,0.934,0.0079,0.0076,0.00014,1.886
20,20,KNN,ball_tree,17,uncalibrated,1.0,-0.115,0.0,-0.128,11,0.406,0.407,0.854,0.0081,0.0078,0.00022,1.683
20,20,KNN,ball_tree,19,uncalibrated,1.0,-0.115,0.0,-0.128,11,0.274,0.41,0.856,0.0081,0.0078,0.0002,1.556
20,20,KNN,ball_tree,21,uncalibrated,1.0,-0.115,0.0,-0.128,11,0.298,0.444,0.935,0.0079,0.0075,0.00013,1.692
20,20,KNN,ball_tree,23,uncalibrated,1.0,-0.115,0.0,-0.128,11,0.598,0.443,0.938,0.0079,0.0078,0.00021,1.995
20,20,KNN,ball_tree,25,uncalibrated,1.0,-0.115,0.0,-0.128,11,0.529,0.409,0.86,0.0083,0.0081,0.00013,1.814
20,20,KNN,ball_tree,27,uncalibrated,1.0,-0.115,0.0,-0.128,11,0.617,0.407,0.851,0.008,0.0079,0.00024,1.891
20,20,KNN,ball_tree,29,uncalibrated,1.0,-0.115,0.0,-0.112,11,0.356,0.407,0.908,0.0078,0.008,0.0002,1.687
20,20,KNN,ball_tree,31,uncalibrated,1.0,-0.115,0.0,-0.112,11,0.589,0.422,0.935,0.0083,0.0073,0.00013,1.961
20,20,KNN,ball_tree,33,uncalibrated,1.0,-0.115,0.0,-0.112,11,0.611,0.418,0.937,0.0076,0.0077,0.00014,1.981
20,20,KNN,ball_tree,35,uncalibrated,1.0,-0.115,0.0,-0.112,11,0.562,0.44,0.998,0.0079,0.0075,0.00015,2.015
20,20,KNN,ball_tree,37,uncalibrated,1.0,-0.115,0.0,-0.112,11,0.6,0.413,0.937,0.0085,0.0078,0.00013,1.966
20,20,KNN,ball_tree,39,uncalibrated,1.0,-0.115,0.0,-0.112,11,0.563,0.452,0.999,0.0077,0.0075,0.00014,2.029
20,20,KNN,ball_tree,41,uncalibrated,1.0,-0.115,0.0,-0.112,11,0.4,0.416,0.908,0.0082,0.0073,0.00013,1.74
20,20,KNN,ball_tree,43,uncalibrated,1.0,-0.115,0.0,-0.112,11,0.439,0.403,0.919,0.0081,0.0079,0.00021,1.776
20,20,KNN,ball_tree,45,uncalibrated,1.0,-0.115,0.0,-0.112,11,0.426,0.427,0.93,0.0083,0.0081,0.00022,1.799
20,20,KNN,ball_tree,47,uncalibrated,1.0,-0.115,0.0,-0.112,11,0.605,0.441,0.992,0.0078,0.0079,0.00036,2.054
20,20,KNN,ball_tree,49,uncalibrated,1.0,-0.115,0.0,-0.112,11,0.333,0.445,0.999,0.0078,0.0079,0.00029,1.793
20,20,KNN,ball_tree,51,uncalibrated,1.0,-0.115,0.0,-0.112,11,0.484,0.448,0.999,0.0078,0.0078,0.00014,1.946
20,20,KNN,ball_tree,61,uncalibrated,1.0,-0.115,0.0,-0.112,11,0.549,0.45,1.001,0.008,0.0077,0.00013,2.016
20,20,KNN,ball_tree,81,uncalibrated,1.0,-0.115,0.0,-0.112,11,0.754,0.45,0.999,0.0079,0.0078,0.00014,2.219
20,20,KNN,ball_tree,101,uncalibrated,1.0,-0.11499971703452179,2.830455476735189e-07,-0.112,11,0.749,0.452,1.069,0.0078,0.0076,0.0002,2.285
20,20,KNN,ball_tree,151,uncalibrated,1.0,-0.11499784572154947,2.1589193661676e-06,-0.112,11,0.824,0.446,1.129,0.008,0.0077,0.00015,2.414
20,20,KNN,ball_tree,201,uncalibrated,1.0,-0.11499383826707545,6.0335930668885394e-06,-0.112,11,0.91,0.452,1.199,0.0078,0.0077,0.00015,2.575
20,20,KNN,brute,1,uncalibrated,1.0,-0.115,0.0,-0.128,11,2.635,0.404,0.866,0.0084,0.008,0.00013,3.921
20,20,KNN,brute,3,uncalibrated,1.0,-0.115,0.0,-0.128,11,2.669,0.408,0.866,0.0083,0.007,0.00013,3.959
20,20,KNN,brute,5,uncalibrated,1.0,-0.115,0.0,-0.128,11,2.973,0.445,0.942,0.0078,0.0078,0.00032,4.376
20,20,KNN,brute,7,uncalibrated,1.0,-0.115,0.0,-0.128,11,2.65,0.443,0.936,0.0078,0.0075,0.00014,4.044
20,20,KNN,brute,9,uncalibrated,1.0,-0.115,0.0,-0.128,11,2.63,0.445,0.936,0.0079,0.0076,0.00015,4.026
20,20,KNN,brute,11,uncalibrated,1.0,-0.115,0.0,-0.128,11,2.787,0.445,0.937,0.0078,0.0078,0.00014,4.185
20,20,KNN,brute,13,uncalibrated,1.0,-0.115,0.0,-0.128,11,2.879,0.411,0.882,0.0083,0.008,0.00018,4.188
20,20,KNN,brute,15,uncalibrated,1.0,-0.115,0.0,-0.128,11,2.786,0.448,0.938,0.0079,0.0081,0.00014,4.187
20,20,KNN,brute,17,uncalibrated,1.0,-0.115,0.0,-0.128,11,2.74,0.446,0.939,0.0079,0.0078,0.00014,4.14
20,20,KNN,brute,19,uncalibrated,1.0,-0.115,0.0,-0.128,11,2.624,0.41,0.874,0.0082,0.0079,0.00023,3.924
20,20,KNN,brute,21,uncalibrated,1.0,-0.115,0.0,-0.128,11,2.641,0.41,0.863,0.0082,0.0072,0.00013,3.93
20,20,KNN,brute,23,uncalibrated,1.0,-0.115,0.0,-0.128,11,2.361,0.409,0.873,0.0083,0.0079,0.00021,3.66
20,20,KNN,brute,25,uncalibrated,1.0,-0.115,0.0,-0.128,11,2.651,0.445,0.938,0.0078,0.0078,0.00014,4.05
20,20,KNN,brute,27,uncalibrated,1.0,-0.115,0.0,-0.128,11,2.905,0.447,0.941,0.0078,0.0076,0.00015,4.308
20,20,KNN,brute,29,uncalibrated,1.0,-0.115,0.0,-0.112,11,2.602,0.407,0.927,0.0082,0.0081,0.00022,3.952
20,20,KNN,brute,31,uncalibrated,1.0,-0.115,0.0,-0.112,11,2.423,0.448,1.015,0.0077,0.0076,0.00014,3.901
20,20,KNN,brute,33,uncalibrated,1.0,-0.115,0.0,-0.112,11,2.451,0.447,0.999,0.008,0.0078,0.00015,3.913
20,20,KNN,brute,35,uncalibrated,1.0,-0.115,0.0,-0.112,11,2.399,0.414,0.936,0.0073,0.0072,0.00013,3.763
20,20,KNN,brute,37,uncalibrated,1.0,-0.115,0.0,-0.112,11,2.534,0.407,0.922,0.0083,0.0081,0.00018,3.879
20,20,KNN,brute,39,uncalibrated,1.0,-0.115,0.0,-0.112,11,2.835,0.413,0.937,0.0083,0.0076,0.00013,4.201
20,20,KNN,brute,41,uncalibrated,1.0,-0.115,0.0,-0.112,11,2.473,0.398,0.907,0.0077,0.0093,0.00023,3.796
20,20,KNN,brute,43,uncalibrated,1.0,-0.115,0.0,-0.112,11,2.543,0.447,1.003,0.0078,0.0075,0.00015,4.008
20,20,KNN,brute,45,uncalibrated,1.0,-0.115,0.0,-0.112,11,2.723,0.444,1.018,0.008,0.0077,0.00015,4.201
20,20,KNN,brute,47,uncalibrated,1.0,-0.115,0.0,-0.112,11,2.74,0.407,0.912,0.0082,0.0079,0.00021,4.076
20,20,KNN,brute,49,uncalibrated,1.0,-0.115,0.0,-0.112,11,2.869,0.443,1.005,0.0077,0.0075,0.00015,4.333
20,20,KNN,brute,51,uncalibrated,1.0,-0.115,0.0,-0.112,11,2.705,0.45,0.998,0.0079,0.0077,0.00014,4.168
20,20,KNN,brute,61,uncalibrated,1.0,-0.115,0.0,-0.112,11,2.887,0.453,1.011,0.0078,0.0075,0.00014,4.367
20,20,KNN,brute,81,uncalibrated,1.0,-0.115,0.0,-0.112,11,2.6,0.42,0.928,0.0074,0.0073,0.00014,3.963
20,20,KNN,brute,101,uncalibrated,1.0,-0.11499971703452179,2.830455476735189e-07,-0.112,11,2.909,0.444,1.07,0.0079,0.0077,0.00016,4.439
20,20,KNN,brute,151,uncalibrated,1.0,-0.11499784572154947,2.1589193661676e-06,-0.112,11,2.782,0.444,1.144,0.0078,0.0078,0.00016,4.385
20,20,KNN,brute,201,uncalibrated,1.0,-0.11499383826707545,6.0335930668885394e-06,-0.112,11,2.964,0.448,1.21,0.008,0.0075,0.00015,4.638
12,12,KNN,auto,1,uncalibrated,1.0,-0.115,0.0,-0.128,11,0.088,0.443,0.942,0.0079,0.0078,0.00014,1.489
12,12,KNN,auto,3,uncalibrated,1.0,-0.115,0.0,-0.128,11,0.202,0.462,0.942,0.008,0.0078,0.00014,1.621
12,12,KNN,auto,5,uncalibrated,1.0,-0.115,0.0,-0.128,11,0.222,0.429,0.849,0.0082,0.0079,0.00021,1.516
12,12,KNN,auto,7,uncalibrated,1.0,-0.115,0.0,-0.128,11,0.22,0.449,0.933,0.0079,0.0075,0.00013,1.617
12,12,KNN,auto,9,uncalibrated,1.0,-0.115,0.0,-0.128,11,0.249,0.415,0.87,0.0082,0.008,0.00017,1.55
12,12,KNN,auto,11,uncalibrated,1.0,-0.115,0.0,-0.128,11,0.251,0.44,0.933,0.0079,0.0078,0.00014,1.64
12,12,KNN,auto,13,uncalibrated,1.0,-0.115,0.0,-0.128,11,0.252,0.414,0.857,0.0076,0.0073,0.00013,1.538
12,12,KNN,auto,15,uncalibrated,1.0,-0.115,0.0,-0.128,11,0.192,0.422,0.859,0.008,0.0074,0.00013,1.489
12,12,KNN,auto,17,uncalibrated,1.0,-0.115,0.0,-0.128,11,0.193,0.628,0.926,0.008,0.0077,0.00018,1.763
12,12,KNN,auto,19,uncalibrated,1.0,-0.115,0.0,-0.112,11,0.283,0.425,0.945,0.0083,0.0083,0.00013,1.669
12,12,KNN,auto,21,uncalibrated,1.0,-0.115,0.0,-0.112,11,0.295,0.447,1.01,0.0083,0.0082,0.00014,1.768
12,12,KNN,auto,23,uncalibrated,1.0,-0.115,0.0,-0.112,11,0.214,0.423,0.933,0.0089,0.0078,0.00014,1.588
12,12,KNN,auto,25,uncalibrated,1.0,-0.115,0.0,-0.112,11,0.295,0.441,1.0,0.008,0.0077,0.00029,1.752
12,12,KNN,auto,27,uncalibrated,1.0,-0.115,0.0,-0.112,11,0.226,0.427,0.933,0.0084,0.0072,0.00013,1.602
12,12,KNN,auto,29,uncalibrated,1.0,-0.115,0.0,-0.112,11,0.306,0.416,0.91,0.0078,0.0076,0.00022,1.647
12,12,KNN,auto,31,uncalibrated,1.0,-0.115,0.0,-0.112,11,0.217,0.441,0.998,0.0078,0.0075,0.00014,1.672
12,12,KNN,auto,33,uncalibrated,1.0,-0.115,0.0,-0.112,11,0.292,0.441,0.998,0.0079,0.0077,0.00014,1.746
12,12,KNN,auto,35,uncalibrated,1.0,-0.115,0.0,-0.112,11,0.329,0.423,0.931,0.0083,0.0073,0.00013,1.698
12,12,KNN,auto,37,uncalibrated,1.0,-0.115,0.0,-0.112,11,0.184,0.414,0.919,0.0083,0.0079,0.00017,1.533
12,12,KNN,auto,39,uncalibrated,1.0,-0.115,0.0,-0.112,11,0.31,0.484,0.924,0.0083,0.0072,0.00013,1.734
12,12,KNN,auto,41,uncalibrated,1.0,-0.115,0.0,-0.112,11,0.312,0.437,0.988,0.0077,0.008,0.00024,1.753
12,12,KNN,auto,43,uncalibrated,1.0,-0.115,0.0,-0.112,11,0.344,0.415,0.922,0.0082,0.008,0.00018,1.697
12,12,KNN,auto,45,uncalibrated,1.0,-0.115,0.0,-0.112,11,0.22,0.439,0.993,0.0078,0.0075,0.00014,1.667
12,12,KNN,auto,47,uncalibrated,1.0,-0.115,0.0,-0.112,11,0.324,0.415,0.923,0.0084,0.0076,0.00013,1.678
12,12,KNN,auto,49,uncalibrated,1.0,-0.115,0.0,-0.112,11,0.33,0.442,0.994,0.0078,0.0077,0.00014,1.782
12,12,KNN,auto,51,uncalibrated,1.0,-0.115,0.0,-0.112,11,0.336,0.444,0.996,0.0087,0.0087,0.00022,1.794
12,12,KNN,auto,61,uncalibrated,1.0,-0.11499980480187391,1.9523622840642094e-07,-0.112,11,0.212,0.449,1.063,0.0079,0.0078,0.00019,1.741
12,12,KNN,auto,81,uncalibrated,1.0,-0.11499932346971792,6.478679700710999e-07,-0.112,11,0.381,0.418,1.041,0.0075,0.0074,0.00015,1.855
12,12,KNN,auto,101,uncalibrated,1.0,-0.11499890090126097,1.100306757072141e-06,-0.112,11,0.43,0.448,1.212,0.0087,0.0085,0.00033,2.108
12,12,KNN,auto,151,uncalibrated,1.0,-0.11499537229547559,4.6491201735848545e-06,-0.112,11,0.559,0.779,1.435,0.0081,0.0079,0.00017,2.79
12,12,KNN,auto,201,uncalibrated,1.0,-0.11499155110477835,7.97669815596149e-06,-0.112,11,0.618,0.505,1.418,0.0163,0.0167,0.00029,2.575
12,12,KNN,kd_tree,1,uncalibrated,1.0,-0.115,0.0,-0.128,11,0.123,0.609,1.033,0.0086,0.0088,0.00022,1.782
12,12,KNN,kd_tree,3,uncalibrated,1.0,-0.115,0.0,-0.128,11,0.159,0.486,1.183,0.0092,0.0098,0.00018,1.847
12,12,KNN,kd_tree,5,uncalibrated,1.0,-0.115,0.0,-0.128,11,0.28,0.551,1.25,0.0112,0.0131,0.00016,2.106
12,12,KNN,kd_tree,7,uncalibrated,1.0,-0.115,0.0,-0.128,11,0.277,0.601,1.141,0.0087,0.0083,0.00015,2.037
12,12,KNN,kd_tree,9,uncalibrated,1.0,-0.115,0.0,-0.128,11,0.253,0.49,0.989,0.008,0.0077,0.00015,1.748
12,12,KNN,kd_tree,11,uncalibrated,1.0,-0.115,0.0,-0.128,11,0.182,0.451,0.962,0.0086,0.008,0.00017,1.611
12,12,KNN,kd_tree,13,uncalibrated,1.0,-0.115,0.0,-0.128,11,0.296,0.509,0.972,0.008,0.0078,0.00015,1.794
12,12,KNN,kd_tree,15,uncalibrated,1.0,-0.115,0.0,-0.128,11,0.282,0.523,0.956,0.0084,0.0082,0.00023,1.778
12,12,KNN,kd_tree,17,uncalibrated,1.0,-0.115,0.0,-0.128,11,0.194,0.482,0.929,0.0083,0.0079,0.00014,1.621
12,12,KNN,kd_tree,19,uncalibrated,1.0,-0.115,0.0,-0.112,11,0.286,0.428,0.959,0.0079,0.0077,0.00023,1.69
12,12,KNN,kd_tree,21,uncalibrated,1.0,-0.115,0.0,-0.112,11,0.284,0.446,1.011,0.0084,0.0078,0.00014,1.758
12,12,KNN,kd_tree,23,uncalibrated,1.0,-0.115,0.0,-0.112,11,0.218,0.444,1.142,0.009,0.0089,0.00016,1.822
12,12,KNN,kd_tree,25,uncalibrated,1.0,-0.115,0.0,-0.112,11,0.207,0.478,1.026,0.0076,0.0078,0.00019,1.726
12,12,KNN,kd_tree,27,uncalibrated,1.0,-0.115,0.0,-0.112,11,0.307,0.418,0.975,0.0076,0.0084,0.00015,1.717
12,12,KNN,kd_tree,29,uncalibrated,1.0,-0.115,0.0,-0.112,11,0.306,0.431,1.02,0.0083,0.007,0.00013,1.772
12,12,KNN,kd_tree,31,uncalibrated,1.0,-0.115,0.0,-0.112,11,0.317,0.445,1.043,0.008,0.0077,0.00019,1.821
12,12,KNN,kd_tree,33,uncalibrated,1.0,-0.115,0.0,-0.112,11,0.316,0.415,0.918,0.0073,0.0072,0.00014,1.663
12,12,KNN,kd_tree,35,uncalibrated,1.0,-0.115,0.0,-0.112,11,0.297,0.432,0.959,0.0077,0.0076,0.00025,1.703
12,12,KNN,kd_tree,37,uncalibrated,1.0,-0.115,0.0,-0.112,11,0.317,0.441,0.97,0.0081,0.0078,0.00023,1.744
12,12,KNN,kd_tree,39,uncalibrated,1.0,-0.115,0.0,-0.112,11,0.386,0.462,1.008,0.008,0.0075,0.00013,1.871
12,12,KNN,kd_tree,41,uncalibrated,1.0,-0.115,0.0,-0.112,11,0.335,0.472,1.059,0.0085,0.0081,0.00014,1.882
12,12,KNN,kd_tree,43,uncalibrated,1.0,-0.115,0.0,-0.112,11,0.332,0.442,0.996,0.0076,0.0075,0.00013,1.785
12,12,KNN,kd_tree,45,uncalibrated,1.0,-0.115,0.0,-0.112,11,0.315,0.44,1.001,0.008,0.0078,0.00018,1.772
12,12,KNN,kd_tree,47,uncalibrated,1.0,-0.115,0.0,-0.112,11,0.354,0.483,1.036,0.0079,0.0079,0.00014,1.889
12,12,KNN,kd_tree,49,uncalibrated,1.0,-0.115,0.0,-0.112,11,0.344,0.451,0.999,0.0078,0.0077,0.00014,1.81
12,12,KNN,kd_tree,51,uncalibrated,1.0,-0.115,0.0,-0.112,11,0.378,0.452,1.011,0.0082,0.0079,0.00015,1.857
12,12,KNN,kd_tree,61,uncalibrated,1.0,-0.11499980480187391,1.9523622840642094e-07,-0.112,11,0.375,0.436,1.044,0.0083,0.0078,0.00027,1.87
12,12,KNN,kd_tree,81,uncalibrated,1.0,-0.11499932346971792,6.478679700710999e-07,-0.112,11,0.417,0.422,1.043,0.0083,0.008,0.00019,1.899
12,12,KNN,kd_tree,101,uncalibrated,1.0,-0.11499890090126097,1.100306757072141e-06,-0.112,11,0.25,0.467,1.019,0.0079,0.0078,0.00025,1.752
12,12,KNN,kd_tree,151,uncalibrated,1.0,-0.11499537229547559,4.6491201735848545e-06,-0.112,11,0.405,0.565,1.193,0.0077,0.0076,0.00016,2.178
12,12,KNN,kd_tree,201,uncalibrated,1.0,-0.11499155110477835,7.97669815596149e-06,-0.112,11,0.606,0.426,1.112,0.0072,0.0072,0.00014,2.159
12,12,KNN,ball_tree,1,uncalibrated,1.0,-0.115,0.0,-0.128,11,0.175,0.438,0.919,0.0072,0.007,0.00014,1.546
12,12,KNN,ball_tree,3,uncalibrated,1.0,-0.115,0.0,-0.128,11,0.427,0.416,0.876,0.0083,0.008,0.0002,1.735
12,12,KNN,ball_tree,5,uncalibrated,1.0,-0.115,0.0,-0.128,11,0.469,0.449,0.95,0.008,0.0076,0.00014,1.884
12,12,KNN,ball_tree,7,uncalibrated,1.0,-0.115,0.0,-0.128,11,0.216,0.42,0.879,0.0077,0.0076,0.00017,1.53
12,12,KNN,ball_tree,9,uncalibrated,1.0,-0.115,0.0,-0.128,11,0.488,0.458,0.933,0.008,0.008,0.00014,1.895
12,12,KNN,ball_tree,11,uncalibrated,1.0,-0.115,0.0,-0.128,11,0.318,0.441,0.93,0.008,0.0078,0.00014,1.705
12,12,KNN,ball_tree,13,uncalibrated,1.0,-0.115,0.0,-0.128,11,0.33,0.429,0.877,0.0077,0.0073,0.00013,1.651
12,12,KNN,ball_tree,15,uncalibrated,1.0,-0.115,0.0,-0.128,11,0.53,0.442,0.926,0.0078,0.0077,0.00014,1.915
12,12,KNN,ball_tree,17,uncalibrated,1.0,-0.115,0.0,-0.128,11,0.583,0.418,0.88,0.0076,0.0075,0.00015,1.896
12,12,KNN,ball_tree,19,uncalibrated,1.0,-0.115,0.0,-0.112,11,0.31,0.444,0.944,0.0074,0.0072,0.00013,1.713
12,12,KNN,ball_tree,21,uncalibrated,1.0,-0.115,0.0,-0.112,11,0.582,0.433,1.019,0.0079,0.0075,0.00014,2.049
12,12,KNN,ball_tree,23,uncalibrated,1.0,-0.115,0.0,-0.112,11,0.361,0.447,1.002,0.0079,0.0076,0.00014,1.826
12,12,KNN,ball_tree,25,uncalibrated,1.0,-0.115,0.0,-0.112,11,0.586,0.413,0.935,0.0083,0.0079,0.00013,1.95
12,12,KNN,ball_tree,27,uncalibrated,1.0,-0.115,0.0,-0.112,11,0.553,0.442,1.046,0.0079,0.0076,0.00014,2.057
12,12,KNN,ball_tree,29,uncalibrated,1.0,-0.115,0.0,-0.112,11,0.618,0.418,0.94,0.0084,0.0081,0.00026,1.993
12,12,KNN,ball_tree,31,uncalibrated,1.0,-0.115,0.0,-0.112,11,0.551,0.418,0.942,0.009,0.0077,0.00018,1.928
12,12,KNN,ball_tree,33,uncalibrated,1.0,-0.115,0.0,-0.112,11,0.583,0.428,0.95,0.0085,0.0083,0.00014,1.977
12,12,KNN,ball_tree,35,uncalibrated,1.0,-0.115,0.0,-0.112,11,0.493,0.444,0.997,0.0078,0.0078,0.00014,1.949
12,12,KNN,ball_tree,37,uncalibrated,1.0,-0.115,0.0,-0.112,11,0.295,0.456,1.007,0.0079,0.0077,0.00014,1.773
12,12,KNN,ball_tree,39,uncalibrated,1.0,-0.115,0.0,-0.112,11,0.446,0.449,1.003,0.0078,0.0078,0.00013,1.914
12,12,KNN,ball_tree,41,uncalibrated,1.0,-0.115,0.0,-0.112,11,0.62,0.443,1.007,0.0079,0.0075,0.00014,2.086
12,12,KNN,ball_tree,43,uncalibrated,1.0,-0.115,0.0,-0.112,11,0.637,0.409,0.92,0.0073,0.0073,0.00013,1.981
12,12,KNN,ball_tree,45,uncalibrated,1.0,-0.115,0.0,-0.112,11,0.31,0.443,1.004,0.0078,0.0077,0.00014,1.772
12,12,KNN,ball_tree,47,uncalibrated,1.0,-0.115,0.0,-0.112,11,0.4,0.419,0.941,0.0075,0.0073,0.00035,1.775
12,12,KNN,ball_tree,49,uncalibrated,1.0,-0.115,0.0,-0.112,11,0.612,0.415,0.947,0.0087,0.0086,0.0002,1.992
12,12,KNN,ball_tree,51,uncalibrated,1.0,-0.115,0.0,-0.112,11,0.727,0.444,1.004,0.0078,0.0075,0.00014,2.19
12,12,KNN,ball_tree,61,uncalibrated,1.0,-0.11499980480187391,1.9523622840642094e-07,-0.112,11,0.619,0.448,1.089,0.0127,0.0079,0.00015,2.177
12,12,KNN,ball_tree,81,uncalibrated,1.0,-0.11499932346971792,6.478679700710999e-07,-0.112,11,0.725,0.448,1.069,0.0091,0.0101,0.0003,2.262
12,12,KNN,ball_tree,101,uncalibrated,1.0,-0.11499890090126097,1.100306757072141e-06,-0.112,11,0.566,0.422,1.022,0.0084,0.0082,0.00016,2.026
12,12,KNN,ball_tree,151,uncalibrated,1.0,-0.11499537229547559,4.6491201735848545e-06,-0.112,11,0.61,0.484,1.273,0.008,0.0077,0.00016,2.383
12,12,KNN,ball_tree,201,uncalibrated,1.0,-0.11499155110477835,7.97669815596149e-06,-0.112,11,0.887,0.418,1.13,0.0076,0.0073,0.00015,2.451
12,12,KNN,brute,1,uncalibrated,1.0,-0.115,0.0,-0.128,11,2.895,0.442,0.932,0.008,0.0078,0.00014,4.285
12,12,KNN,brute,3,uncalibrated,1.0,-0.115,0.0,-0.128,11,2.506,0.412,0.907,0.0084,0.0079,0.00013,3.841
12,12,KNN,brute,5,uncalibrated,1.0,-0.115,0.0,-0.128,11,2.767,0.448,0.954,0.0079,0.0077,0.00019,4.184
12,12,KNN,brute,7,uncalibrated,1.0,-0.115,0.0,-0.128,11,2.645,0.416,0.857,0.0081,0.0078,0.00021,3.934
12,12,KNN,brute,9,uncalibrated,1.0,-0.115,0.0,-0.128,11,2.871,0.445,0.933,0.0079,0.0077,0.00014,4.266
12,12,KNN,brute,11,uncalibrated,1.0,-0.115,0.0,-0.128,11,2.484,0.447,0.943,0.008,0.0077,0.00014,3.89
12,12,KNN,brute,13,uncalibrated,1.0,-0.115,0.0,-0.128,11,2.787,0.426,0.913,0.008,0.0076,0.0002,4.141
12,12,KNN,brute,15,uncalibrated,1.0,-0.115,0.0,-0.128,11,2.891,0.444,0.936,0.0079,0.008,0.00015,4.288
12,12,KNN,brute,17,uncalibrated,1.0,-0.115,0.0,-0.128,11,2.449,0.444,0.936,0.0078,0.0077,0.00014,3.844
12,12,KNN,brute,19,uncalibrated,1.0,-0.115,0.0,-0.112,11,2.488,0.414,0.944,0.0074,0.0074,0.00014,3.86
12,12,KNN,brute,21,uncalibrated,1.0,-0.115,0.0,-0.112,11,2.619,0.442,1.005,0.0078,0.0077,0.00014,4.082
12,12,KNN,brute,23,uncalibrated,1.0,-0.115,0.0,-0.112,11,2.697,0.445,1.011,0.0085,0.008,0.00015,4.17
12,12,KNN,brute,25,uncalibrated,1.0,-0.115,0.0,-0.112,11,2.548,0.417,0.937,0.0082,0.008,0.00022,3.918
12,12,KNN,brute,27,uncalibrated,1.0,-0.115,0.0,-0.112,11,3.048,0.446,1.008,0.0078,0.0076,0.00014,4.517
12,12,KNN,brute,29,uncalibrated,1.0,-0.115,0.0,-0.112,11,2.636,0.445,1.007,0.0078,0.0077,0.00014,4.103
12,12,KNN,brute,31,uncalibrated,1.0,-0.115,0.0,-0.112,11,2.713,0.493,0.939,0.011,0.011,0.00013,4.167
12,12,KNN,brute,33,uncalibrated,1.0,-0.115,0.0,-0.112,11,2.548,0.433,0.943,0.0073,0.0083,0.00013,3.94
12,12,KNN,brute,35,uncalibrated,1.0,-0.115,0.0,-0.112,11,2.574,0.415,0.936,0.0083,0.0076,0.00013,3.942
12,12,KNN,brute,37,uncalibrated,1.0,-0.115,0.0,-0.112,11,2.709,0.447,1.007,0.0079,0.0076,0.00013,4.178
12,12,KNN,brute,39,uncalibrated,1.0,-0.115,0.0,-0.112,11,2.979,0.445,1.009,0.008,0.008,0.00014,4.449
12,12,KNN,brute,41,uncalibrated,1.0,-0.115,0.0,-0.112,11,3.092,0.448,1.004,0.008,0.0075,0.00014,4.559
12,12,KNN,brute,43,uncalibrated,1.0,-0.115,0.0,-0.112,11,2.825,0.446,1.016,0.0079,0.0076,0.00014,4.303
12,12,KNN,brute,45,uncalibrated,1.0,-0.115,0.0,-0.112,11,2.821,0.414,1.019,0.0075,0.0075,0.00014,4.268
12,12,KNN,brute,47,uncalibrated,1.0,-0.115,0.0,-0.112,11,2.687,0.448,1.012,0.0078,0.0075,0.00014,4.163
12,12,KNN,brute,49,uncalibrated,1.0,-0.115,0.0,-0.112,11,2.819,0.447,1.004,0.0078,0.0077,0.00014,4.286
12,12,KNN,brute,51,uncalibrated,1.0,-0.115,0.0,-0.112,11,2.824,0.445,1.008,0.0078,0.0078,0.00014,4.293
12,12,KNN,brute,61,uncalibrated,1.0,-0.11499980480187391,1.9523622840642094e-07,-0.112,11,2.701,0.448,1.07,0.008,0.0076,0.00015,4.234
12,12,KNN,brute,81,uncalibrated,1.0,-0.11499932346971792,6.478679700710999e-07,-0.112,11,2.598,0.463,1.365,0.0087,0.0083,0.00026,4.443
12,12,KNN,brute,101,uncalibrated,1.0,-0.11499890090126097,1.100306757072141e-06,-0.112,11,2.844,0.484,1.096,0.0088,0.0079,0.00016,4.44
12,12,KNN,brute,151,uncalibrated,1.0,-0.11499537229547559,4.6491201735848545e-06,-0.112,11,3.009,0.577,1.408,0.0097,0.0084,0.00018,5.011
12,12,KNN,brute,201,uncalibrated,1.0,-0.11499155110477835,7.97669815596149e-06,-0.112,11,3.055,0.506,1.281,0.0083,0.0079,0.00025,4.859
