feature_set,n_features,model,calibration,Delta,chi,chi_err
30,30,Logistic Regression,calibrated,-0.128,6.79986288048868E-08,4.92840251066534E-09
30,30,Logistic Regression,calibrated,-0.126,1.34308699452632E-07,1.38126928996746E-08
30,30,Logistic Regression,calibrated,-0.124,2.58427007813213E-07,4.70429694090469E-08
30,30,Logistic Regression,calibrated,-0.122,6.96248020125008E-07,7.76238414487571E-08
30,30,Logistic Regression,calibrated,-0.12,1.3758615082059E-06,3.25951688746513E-07
30,30,Logistic Regression,calibrated,-0.118,3.04960463515508E-06,4.85779372175935E-07
30,30,Logistic Regression,calibrated,-0.116,6.26037884393444E-06,1.56213214640203E-06
30,30,Logistic Regression,calibrated,-0.114,1.92704862680548E-05,1.04145627916694E-05
30,30,Logistic Regression,calibrated,-0.112,8.02107111240401E-05,7.20870970295616E-05
30,30,Logistic Regression,calibrated,-0.11,9.86528448594234E-06,3.89612602213024E-06
30,30,Logistic Regression,calibrated,-0.108,5.98565715006786E-06,2.60115261961847E-06
30,30,Logistic Regression,uncalibrated,-0.128,4.10959498042509E-08,9.69395536453801E-09
30,30,Logistic Regression,uncalibrated,-0.126,1.59765654091289E-07,4.2042959164191E-08
30,30,Logistic Regression,uncalibrated,-0.124,4.12964876813175E-07,1.58741928932857E-07
30,30,Logistic Regression,uncalibrated,-0.122,2.08333579317842E-06,3.73392098291839E-07
30,30,Logistic Regression,uncalibrated,-0.12,7.28889161283749E-06,3.57699068109576E-06
30,30,Logistic Regression,uncalibrated,-0.118,1.86322105484067E-05,4.27607414252942E-06
30,30,Logistic Regression,uncalibrated,-0.116,4.24395884494129E-05,1.77312924627579E-05
30,30,Logistic Regression,uncalibrated,-0.114,3.95623203250454E-10,3.16822592309416E-10
30,30,Logistic Regression,uncalibrated,-0.112,6.13162727243197E-09,6.06881268091474E-09
30,30,Logistic Regression,uncalibrated,-0.11,6.46319020420119E-11,3.19011403206174E-11
30,30,Logistic Regression,uncalibrated,-0.108,4.01016961775632E-11,2.36608017733774E-11
30,30,Logistic Regression C = 0.00175,calibrated,-0.128,1.06510904065085E-07,1.41577391386253E-08
30,30,Logistic Regression C = 0.00175,calibrated,-0.126,3.12923672782263E-07,6.67326658596421E-08
30,30,Logistic Regression C = 0.00175,calibrated,-0.124,5.82401448778342E-07,1.67511503841984E-07
30,30,Logistic Regression C = 0.00175,calibrated,-0.122,1.56208706115113E-06,2.18446878887807E-07
30,30,Logistic Regression C = 0.00175,calibrated,-0.12,3.64237770928817E-06,1.3151805148957E-06
30,30,Logistic Regression C = 0.00175,calibrated,-0.118,8.82848874124232E-06,1.77720920510836E-06
30,30,Logistic Regression C = 0.00175,calibrated,-0.116,1.76076355804196E-05,6.62675487423546E-06
30,30,Logistic Regression C = 0.00175,calibrated,-0.114,5.78132713996206E-05,2.9175472265922E-05
30,30,Logistic Regression C = 0.00175,calibrated,-0.112,0.000232309771490148,0.000213349579025274
30,30,Logistic Regression C = 0.00175,calibrated,-0.11,2.52120366689077E-05,9.60393072239274E-06
30,30,Logistic Regression C = 0.00175,calibrated,-0.108,1.65759790948768E-05,6.45689525649444E-06
30,30,Logistic Regression C = 0.00175,uncalibrated,-0.128,1.40150569534077E-05,7.2117065751212E-07
30,30,Logistic Regression C = 0.00175,uncalibrated,-0.126,2.27702618698382E-05,1.65433907361682E-06
30,30,Logistic Regression C = 0.00175,uncalibrated,-0.124,3.34248546696919E-05,3.77878825142218E-06
30,30,Logistic Regression C = 0.00175,uncalibrated,-0.122,5.66645380673034E-05,4.55116132191164E-06
30,30,Logistic Regression C = 0.00175,uncalibrated,-0.12,8.4302545887922E-05,1.26299174644505E-05
30,30,Logistic Regression C = 0.00175,uncalibrated,-0.118,0.000154027875187932,1.75422224374463E-05
30,30,Logistic Regression C = 0.00175,uncalibrated,-0.116,0.000180158783824048,2.95426408152816E-05
30,30,Logistic Regression C = 0.00175,uncalibrated,-0.114,0.000953253011965762,0.000264202243511864
30,30,Logistic Regression C = 0.00175,uncalibrated,-0.112,0.00159254676756263,0.00099901780441354
30,30,Logistic Regression C = 0.00175,uncalibrated,-0.11,0.000689570134543332,0.000158282786251762
30,30,Logistic Regression C = 0.00175,uncalibrated,-0.108,0.000573362922682454,0.000136779489432972
30,30,kNN,calibrated,-0.128,-8.97338455429101E-30,6.84030679802587E-46
30,30,kNN,calibrated,-0.126,-8.97338455429101E-30,6.84030679802587E-46
30,30,kNN,calibrated,-0.124,-4.26485220472316E-30,5.49567379848825E-46
30,30,kNN,calibrated,-0.122,-3.20481549674643E-30,4.10792025080343E-46
30,30,kNN,calibrated,-0.12,1.10933564726587E-31,6.30036688948E-46
30,30,kNN,calibrated,-0.118,-7.67932806147494E-30,3.86747904352163E-46
30,30,kNN,calibrated,-0.116,-3.20481549674643E-30,4.10792025080343E-46
30,30,kNN,calibrated,-0.114,-4.69031842046662E-36,1.47650785236116E-52
30,30,kNN,calibrated,-0.112,1.48201544635024E-06,1.48198682196527E-06
30,30,kNN,calibrated,-0.11,-1.75154655898012E-36,7.38253926180581E-53
30,30,kNN,calibrated,-0.108,-1.75154655898012E-36,7.38253926180581E-53
30,30,kNN,uncalibrated,-0.128,0,0
30,30,kNN,uncalibrated,-0.126,0,0
30,30,kNN,uncalibrated,-0.124,0,0
30,30,kNN,uncalibrated,-0.122,0,0
30,30,kNN,uncalibrated,-0.12,0,0
30,30,kNN,uncalibrated,-0.118,0,0
30,30,kNN,uncalibrated,-0.116,0,0
30,30,kNN,uncalibrated,-0.114,0,0
30,30,kNN,uncalibrated,-0.112,0,0
30,30,kNN,uncalibrated,-0.11,0,0
30,30,kNN,uncalibrated,-0.108,0,0
30,30,SVM (RBF),calibrated,-0.128,6.11811911339058E-09,1.40366555081915E-10
30,30,SVM (RBF),calibrated,-0.126,9.2543666590872E-09,5.33410023218599E-10
30,30,SVM (RBF),calibrated,-0.124,1.47290392038021E-08,1.90344426525062E-09
30,30,SVM (RBF),calibrated,-0.122,4.4647623612572E-08,4.53728339910255E-09
30,30,SVM (RBF),calibrated,-0.12,9.34088210381391E-08,2.10511933669823E-08
30,30,SVM (RBF),calibrated,-0.118,1.36734686625971E-07,2.35262920604016E-08
30,30,SVM (RBF),calibrated,-0.116,1.66564864570059E-07,4.39113766284057E-08
30,30,SVM (RBF),calibrated,-0.114,1.64744174448239E-05,9.67739844686407E-06
30,30,SVM (RBF),calibrated,-0.112,0.000189226358561992,0.000178426589892414
30,30,SVM (RBF),calibrated,-0.11,1.11584038783586E-05,4.81662706226622E-06
30,30,SVM (RBF),calibrated,-0.108,4.35069496527415E-06,1.93831545909909E-06
30,30,SVM (RBF),uncalibrated,-0.128,6.22815763812676E-05,9.20121954941635E-07
30,30,SVM (RBF),uncalibrated,-0.126,6.62024623402351E-05,1.91770370002906E-06
30,30,SVM (RBF),uncalibrated,-0.124,7.89097835211371E-05,4.54504766346322E-06
30,30,SVM (RBF),uncalibrated,-0.122,0.000116904813019674,7.21455327643441E-06
30,30,SVM (RBF),uncalibrated,-0.12,0.000148649382468914,1.33868830712385E-05
30,30,SVM (RBF),uncalibrated,-0.118,0.000195456796664563,1.53427442421476E-05
30,30,SVM (RBF),uncalibrated,-0.116,0.00018140137981829,1.94231147173454E-05
30,30,SVM (RBF),uncalibrated,-0.114,0.00117670216575141,0.000201510680134763
30,30,SVM (RBF),uncalibrated,-0.112,0.00154836389605055,0.000602035551599699
30,30,SVM (RBF),uncalibrated,-0.11,0.0010077699867303,0.000164166586347749
30,30,SVM (RBF),uncalibrated,-0.108,0.000788677082898408,9.68098562119107E-05
30,30,Neural Network,calibrated,-0.128,6.72272329376313E-15,4.05271464790608E-15
30,30,Neural Network,calibrated,-0.126,1.69875640850996E-13,1.56210983568835E-13
30,30,Neural Network,calibrated,-0.124,7.3009658118434E-14,4.71354866482615E-14
30,30,Neural Network,calibrated,-0.122,6.37622487019291E-11,5.40459160416415E-11
30,30,Neural Network,calibrated,-0.12,1.42734949899265E-06,1.42718815594526E-06
30,30,Neural Network,calibrated,-0.118,1.72664747598157E-10,1.66382520850869E-10
30,30,Neural Network,calibrated,-0.116,3.42095397131138E-06,2.07735800438623E-06
30,30,Neural Network,calibrated,-0.114,5.5444762690606E-09,5.51698774897197E-09
30,30,Neural Network,calibrated,-0.112,1.64209630055653E-05,1.64188232808927E-05
30,30,Neural Network,calibrated,-0.11,5.66403427187984E-12,4.026718973025E-12
30,30,Neural Network,calibrated,-0.108,1.86523547223676E-12,1.27858461157874E-12
30,30,Neural Network,uncalibrated,-0.128,6.67115257737496E-10,5.76418216966247E-10
30,30,Neural Network,uncalibrated,-0.126,1.42936330801325E-09,1.02723985960061E-09
30,30,Neural Network,uncalibrated,-0.124,2.57105550552475E-09,1.68698767475987E-09
30,30,Neural Network,uncalibrated,-0.122,1.96375156682501E-07,1.19328345184284E-07
30,30,Neural Network,uncalibrated,-0.12,1.5681883263546E-06,1.37872336800918E-06
30,30,Neural Network,uncalibrated,-0.118,4.40705522350746E-07,1.7182439102513E-07
30,30,Neural Network,uncalibrated,-0.116,1.18327125398927E-06,8.498939424914E-07
30,30,Neural Network,uncalibrated,-0.114,7.54861748295334E-07,7.15072137017567E-07
30,30,Neural Network,uncalibrated,-0.112,3.6719085681691E-06,3.6407265612836E-06
30,30,Neural Network,uncalibrated,-0.11,4.28383615174255E-08,1.87005507624347E-08
30,30,Neural Network,uncalibrated,-0.108,1.68436883415866E-08,6.28258376166657E-09
20,20,Logistic Regression,calibrated,-0.128,1.09786911363276E-07,9.95364816490744E-09
20,20,Logistic Regression,calibrated,-0.126,2.6479541435125E-07,4.44261886629826E-08
20,20,Logistic Regression,calibrated,-0.124,5.68426550781721E-07,1.45050609724169E-07
20,20,Logistic Regression,calibrated,-0.122,1.23877397446079E-06,1.68650293488108E-07
20,20,Logistic Regression,calibrated,-0.12,2.73007321044811E-06,7.76332994659659E-07
20,20,Logistic Regression,calibrated,-0.118,9.19411972830708E-06,1.49635649509278E-06
20,20,Logistic Regression,calibrated,-0.116,1.8112882196359E-05,5.53626220340741E-06
20,20,Logistic Regression,calibrated,-0.114,1.857679769391E-05,7.13656562623683E-06
20,20,Logistic Regression,calibrated,-0.112,3.73059951564576E-05,2.97251606298817E-05
20,20,Logistic Regression,calibrated,-0.11,8.93361429102339E-06,2.2999155976377E-06
20,20,Logistic Regression,calibrated,-0.108,6.76821506515323E-06,1.82084607762649E-06
20,20,Logistic Regression,uncalibrated,-0.128,3.54663947278985E-08,5.26964027941713E-09
20,20,Logistic Regression,uncalibrated,-0.126,1.01191662742452E-07,2.62274852225594E-08
20,20,Logistic Regression,uncalibrated,-0.124,2.54505297964523E-07,9.07887659108225E-08
20,20,Logistic Regression,uncalibrated,-0.122,8.79086526478609E-07,1.49201138578145E-07
20,20,Logistic Regression,uncalibrated,-0.12,2.50574967941992E-06,1.00105932313838E-06
20,20,Logistic Regression,uncalibrated,-0.118,7.90416345232229E-06,1.55368578051026E-06
20,20,Logistic Regression,uncalibrated,-0.116,1.88886159121328E-05,7.79735730272207E-06
20,20,Logistic Regression,uncalibrated,-0.114,5.75017828586984E-07,2.70226862327051E-07
20,20,Logistic Regression,uncalibrated,-0.112,1.56278471465113E-06,1.40712094884018E-06
20,20,Logistic Regression,uncalibrated,-0.11,1.93408348029864E-07,5.87706478871717E-08
20,20,Logistic Regression,uncalibrated,-0.108,1.34673141447086E-07,4.00602901911581E-08
20,20,Logistic Regression C = 0.00175,calibrated,-0.128,3.92432320564857E-07,5.77095477052191E-08
20,20,Logistic Regression C = 0.00175,calibrated,-0.126,8.98806194307554E-07,2.5066651868956E-07
20,20,Logistic Regression C = 0.00175,calibrated,-0.124,1.87253774322931E-06,6.40988389569597E-07
20,20,Logistic Regression C = 0.00175,calibrated,-0.122,2.83582896378182E-06,4.83467099578282E-07
20,20,Logistic Regression C = 0.00175,calibrated,-0.12,6.46276848069741E-06,2.4932067949569E-06
20,20,Logistic Regression C = 0.00175,calibrated,-0.118,3.10951144898631E-05,6.12208790242338E-06
20,20,Logistic Regression C = 0.00175,calibrated,-0.116,8.15139407217036E-05,2.91330389348083E-05
20,20,Logistic Regression C = 0.00175,calibrated,-0.114,7.67885394564295E-05,3.0961679565035E-05
20,20,Logistic Regression C = 0.00175,calibrated,-0.112,0.000162582190425009,0.00013471122445339
20,20,Logistic Regression C = 0.00175,calibrated,-0.11,3.51923629943876E-05,1.04089243713087E-05
20,20,Logistic Regression C = 0.00175,calibrated,-0.108,2.48545930532858E-05,7.01290921124688E-06
20,20,Logistic Regression C = 0.00175,uncalibrated,-0.128,3.33599198957591E-05,2.07917776183651E-06
20,20,Logistic Regression C = 0.00175,uncalibrated,-0.126,5.02416181006763E-05,4.70005537015972E-06
20,20,Logistic Regression C = 0.00175,uncalibrated,-0.124,7.37669270878262E-05,9.60877689073491E-06
20,20,Logistic Regression C = 0.00175,uncalibrated,-0.122,0.000107311697434974,1.01855769788681E-05
20,20,Logistic Regression C = 0.00175,uncalibrated,-0.12,0.000157625938336998,2.48263154216106E-05
20,20,Logistic Regression C = 0.00175,uncalibrated,-0.118,0.000321886980867362,3.30766139363449E-05
20,20,Logistic Regression C = 0.00175,uncalibrated,-0.116,0.000415261928366778,6.47517618432716E-05
20,20,Logistic Regression C = 0.00175,uncalibrated,-0.114,0.00157017198700444,0.000333527943067098
20,20,Logistic Regression C = 0.00175,uncalibrated,-0.112,0.00195232261972196,0.000922284942960279
20,20,Logistic Regression C = 0.00175,uncalibrated,-0.11,0.00115286323026833,0.000176024945685434
20,20,Logistic Regression C = 0.00175,uncalibrated,-0.108,0.00104050736858711,0.000191709225157417
20,20,kNN,calibrated,-0.128,-8.97338455429101E-30,6.84030679802587E-46
20,20,kNN,calibrated,-0.126,-8.97338455429101E-30,6.84030679802587E-46
20,20,kNN,calibrated,-0.124,-4.26485220472316E-30,5.49567379848825E-46
20,20,kNN,calibrated,-0.122,-3.20481549674643E-30,4.10792025080343E-46
20,20,kNN,calibrated,-0.12,1.10933564726587E-31,6.30036688948E-46
20,20,kNN,calibrated,-0.118,-7.67932806147494E-30,3.86747904352163E-46
20,20,kNN,calibrated,-0.116,-3.20481549674643E-30,4.10792025080343E-46
20,20,kNN,calibrated,-0.114,-4.69031842046662E-36,1.47650785236116E-52
20,20,kNN,calibrated,-0.112,4.58935713877874E-06,4.58897046593602E-06
20,20,kNN,calibrated,-0.11,-1.75154655898012E-36,7.38253926180581E-53
20,20,kNN,calibrated,-0.108,-1.75154655898012E-36,7.38253926180581E-53
20,20,kNN,uncalibrated,-0.128,0,0
20,20,kNN,uncalibrated,-0.126,0,0
20,20,kNN,uncalibrated,-0.124,0,0
20,20,kNN,uncalibrated,-0.122,0,0
20,20,kNN,uncalibrated,-0.12,0,0
20,20,kNN,uncalibrated,-0.118,0,0
20,20,kNN,uncalibrated,-0.116,0,0
20,20,kNN,uncalibrated,-0.114,0,0
20,20,kNN,uncalibrated,-0.112,5.34759358288726E-06,5.3475935828877E-06
20,20,kNN,uncalibrated,-0.11,0,0
20,20,kNN,uncalibrated,-0.108,0,0
20,20,SVM (RBF),calibrated,-0.128,9.44423308978229E-09,2.27596911326729E-10
20,20,SVM (RBF),calibrated,-0.126,1.49260922150134E-08,8.4613284055509E-10
20,20,SVM (RBF),calibrated,-0.124,2.52996230814018E-08,3.69999000631569E-09
20,20,SVM (RBF),calibrated,-0.122,5.05526009749085E-08,6.02381751577867E-09
20,20,SVM (RBF),calibrated,-0.12,1.17685673832548E-07,2.95503567235049E-08
20,20,SVM (RBF),calibrated,-0.118,2.71522929014015E-07,4.73517924914908E-08
20,20,SVM (RBF),calibrated,-0.116,2.32568899478697E-07,7.00588772496212E-08
20,20,SVM (RBF),calibrated,-0.114,9.69578492694699E-06,5.53574204994711E-06
20,20,SVM (RBF),calibrated,-0.112,0.000132696508685212,0.000124729905433926
20,20,SVM (RBF),calibrated,-0.11,7.57092462862858E-06,4.06229602357574E-06
20,20,SVM (RBF),calibrated,-0.108,3.50919757748039E-06,1.08298123126382E-06
20,20,SVM (RBF),uncalibrated,-0.128,0.000103478257290903,1.7966249387331E-06
20,20,SVM (RBF),uncalibrated,-0.126,9.65543449614574E-05,2.48537996163199E-06
20,20,SVM (RBF),uncalibrated,-0.124,0.000113698473552365,6.30853823306002E-06
20,20,SVM (RBF),uncalibrated,-0.122,0.000140585727031614,7.80801680247776E-06
20,20,SVM (RBF),uncalibrated,-0.12,0.000176060415532851,1.52519935889184E-05
20,20,SVM (RBF),uncalibrated,-0.118,0.000268613069073745,2.043862795356E-05
20,20,SVM (RBF),uncalibrated,-0.116,0.000189407480451412,1.87272713401324E-05
20,20,SVM (RBF),uncalibrated,-0.114,0.000961752681805872,0.000127974481391106
20,20,SVM (RBF),uncalibrated,-0.112,0.00148131342964752,0.000617054264957462
20,20,SVM (RBF),uncalibrated,-0.11,0.000942017228603098,0.000166250468719546
20,20,SVM (RBF),uncalibrated,-0.108,0.000768713589395776,8.02345403056755E-05
20,20,Neural Network,calibrated,-0.128,2.5379922266025E-13,1.56000068150077E-13
20,20,Neural Network,calibrated,-0.126,3.53803233023344E-12,2.90461517540922E-12
20,20,Neural Network,calibrated,-0.124,1.49246549810381E-11,1.27921873157838E-11
20,20,Neural Network,calibrated,-0.122,1.69595980088462E-09,1.58592223915796E-09
20,20,Neural Network,calibrated,-0.12,1.40914190849464E-07,1.40469177678872E-07
20,20,Neural Network,calibrated,-0.118,1.73760745213481E-06,1.73305862111648E-06
20,20,Neural Network,calibrated,-0.116,6.09607034295299E-06,4.57688094598034E-06
20,20,Neural Network,calibrated,-0.114,1.68799865424886E-06,1.68626102424912E-06
20,20,Neural Network,calibrated,-0.112,2.34942457164505E-05,2.34815455155052E-05
20,20,Neural Network,calibrated,-0.11,2.24168016720927E-09,2.196390667868E-09
20,20,Neural Network,calibrated,-0.108,2.56347637351899E-12,1.12554966059923E-12
20,20,Neural Network,uncalibrated,-0.128,3.77154456877513E-10,3.49631732568796E-10
20,20,Neural Network,uncalibrated,-0.126,3.93988608579811E-11,1.30032799837766E-11
20,20,Neural Network,uncalibrated,-0.124,5.01984973573424E-11,1.99035131744925E-11
20,20,Neural Network,uncalibrated,-0.122,1.37004039321906E-08,6.7384483677738E-09
20,20,Neural Network,uncalibrated,-0.12,1.09980230944641E-07,9.50783026496146E-08
20,20,Neural Network,uncalibrated,-0.118,1.10391154114748E-08,5.11460683543449E-09
20,20,Neural Network,uncalibrated,-0.116,5.64078453594735E-07,5.27719950580993E-07
20,20,Neural Network,uncalibrated,-0.114,4.45314635655671E-06,4.41051278219104E-06
20,20,Neural Network,uncalibrated,-0.112,3.68189831702122E-05,3.67748424753279E-05
20,20,Neural Network,uncalibrated,-0.11,1.2513577492736E-08,6.92092329167428E-09
20,20,Neural Network,uncalibrated,-0.108,1.76235859457836E-08,7.89429401259562E-09
12,12,Logistic Regression,calibrated,-0.128,4.92123099226184E-09,1.87587349041104E-10
12,12,Logistic Regression,calibrated,-0.126,6.56046786042371E-09,2.3802484986347E-10
12,12,Logistic Regression,calibrated,-0.124,1.25181381621113E-08,1.56999972536585E-09
12,12,Logistic Regression,calibrated,-0.122,3.08253039239901E-08,3.07786299530825E-09
12,12,Logistic Regression,calibrated,-0.12,5.12058118492301E-08,4.5339279033079E-09
12,12,Logistic Regression,calibrated,-0.118,9.20393230907541E-08,6.36897846949728E-09
12,12,Logistic Regression,calibrated,-0.116,2.08981256038708E-07,1.87948731675391E-08
12,12,Logistic Regression,calibrated,-0.114,9.58431944008097E-06,6.59267918346663E-06
12,12,Logistic Regression,calibrated,-0.112,2.69531724146302E-05,1.9777336787633E-05
12,12,Logistic Regression,calibrated,-0.11,4.72911528427986E-06,1.72865708715711E-06
12,12,Logistic Regression,calibrated,-0.108,2.95994712544279E-06,2.03578279562411E-06
12,12,Logistic Regression,uncalibrated,-0.128,2.93081904731472E-09,1.22048528023796E-10
12,12,Logistic Regression,uncalibrated,-0.126,4.00215717462109E-09,1.65185444114973E-10
12,12,Logistic Regression,uncalibrated,-0.124,8.51001659940675E-09,1.16282278243686E-09
12,12,Logistic Regression,uncalibrated,-0.122,2.64458670611642E-08,2.97100575479679E-09
12,12,Logistic Regression,uncalibrated,-0.12,4.78963977722259E-08,4.56322539541044E-09
12,12,Logistic Regression,uncalibrated,-0.118,8.73223421001404E-08,6.86609677867996E-09
12,12,Logistic Regression,uncalibrated,-0.116,2.11680062066459E-07,2.09916874970239E-08
12,12,Logistic Regression,uncalibrated,-0.114,2.88962437893393E-07,2.12927004712134E-07
12,12,Logistic Regression,uncalibrated,-0.112,1.08222070010346E-06,8.52273297226851E-07
12,12,Logistic Regression,uncalibrated,-0.11,1.23541745589478E-07,4.79493485280689E-08
12,12,Logistic Regression,uncalibrated,-0.108,7.93380987863266E-08,5.70987401140288E-08
12,12,Logistic Regression C = 0.00175,calibrated,-0.128,3.46923223205527E-09,1.34453452165654E-10
12,12,Logistic Regression C = 0.00175,calibrated,-0.126,6.04480494095449E-09,2.23742516229746E-10
12,12,Logistic Regression C = 0.00175,calibrated,-0.124,1.16550771988925E-08,1.17383856378051E-09
12,12,Logistic Regression C = 0.00175,calibrated,-0.122,2.6448969924122E-08,2.31919062008193E-09
12,12,Logistic Regression C = 0.00175,calibrated,-0.12,4.45859581066802E-08,3.45655174321934E-09
12,12,Logistic Regression C = 0.00175,calibrated,-0.118,8.52645502303083E-08,6.27511281877521E-09
12,12,Logistic Regression C = 0.00175,calibrated,-0.116,2.09594561366402E-07,1.78627365358337E-08
12,12,Logistic Regression C = 0.00175,calibrated,-0.114,1.19566572657892E-05,8.54801562009321E-06
12,12,Logistic Regression C = 0.00175,calibrated,-0.112,3.15153115219751E-05,2.34112337272742E-05
12,12,Logistic Regression C = 0.00175,calibrated,-0.11,5.27625738851479E-06,2.0530959292083E-06
12,12,Logistic Regression C = 0.00175,calibrated,-0.108,3.22518506224778E-06,2.33675897687243E-06
12,12,Logistic Regression C = 0.00175,uncalibrated,-0.128,4.58167413774556E-06,1.17786731678937E-07
12,12,Logistic Regression C = 0.00175,uncalibrated,-0.126,5.58311213247659E-06,1.07131278716826E-07
12,12,Logistic Regression C = 0.00175,uncalibrated,-0.124,7.50352832730148E-06,5.33462682764238E-07
12,12,Logistic Regression C = 0.00175,uncalibrated,-0.122,1.09236949503205E-05,5.99143328333226E-07
12,12,Logistic Regression C = 0.00175,uncalibrated,-0.12,1.37053387801605E-05,7.97735412917033E-07
12,12,Logistic Regression C = 0.00175,uncalibrated,-0.118,1.85200848052807E-05,7.29612738692666E-07
12,12,Logistic Regression C = 0.00175,uncalibrated,-0.116,2.79585798059964E-05,1.5034849682427E-06
12,12,Logistic Regression C = 0.00175,uncalibrated,-0.114,0.00124015139934294,0.000552413107453613
12,12,Logistic Regression C = 0.00175,uncalibrated,-0.112,0.00169453500198517,0.000826039382236887
12,12,Logistic Regression C = 0.00175,uncalibrated,-0.11,0.000938471560089463,0.000235822888520201
12,12,Logistic Regression C = 0.00175,uncalibrated,-0.108,0.000617156218478441,0.000250790772451966
12,12,kNN,calibrated,-0.128,-8.97338455429101E-30,6.84030679802587E-46
12,12,kNN,calibrated,-0.126,-8.97338455429101E-30,6.84030679802587E-46
12,12,kNN,calibrated,-0.124,-4.26485220472316E-30,5.49567379848825E-46
12,12,kNN,calibrated,-0.122,-3.20481549674643E-30,4.10792025080343E-46
12,12,kNN,calibrated,-0.12,1.10933564726587E-31,6.30036688948E-46
12,12,kNN,calibrated,-0.118,-7.67932806147494E-30,3.86747904352163E-46
12,12,kNN,calibrated,-0.116,-3.20481549674643E-30,4.10792025080343E-46
12,12,kNN,calibrated,-0.114,-4.69031842046662E-36,1.47650785236116E-52
12,12,kNN,calibrated,-0.112,-1.75154655898012E-36,7.38253926180581E-53
12,12,kNN,calibrated,-0.11,-1.75154655898012E-36,7.38253926180581E-53
12,12,kNN,calibrated,-0.108,-1.75154655898012E-36,7.38253926180581E-53
12,12,kNN,uncalibrated,-0.128,0,0
12,12,kNN,uncalibrated,-0.126,0,0
12,12,kNN,uncalibrated,-0.124,0,0
12,12,kNN,uncalibrated,-0.122,0,0
12,12,kNN,uncalibrated,-0.12,0,0
12,12,kNN,uncalibrated,-0.118,0,0
12,12,kNN,uncalibrated,-0.116,0,0
12,12,kNN,uncalibrated,-0.114,0,0
12,12,kNN,uncalibrated,-0.112,0,0
12,12,kNN,uncalibrated,-0.11,0,0
12,12,kNN,uncalibrated,-0.108,0,0
12,12,SVM (RBF),calibrated,-0.128,1.23008287946699E-09,4.18586716603476E-11
12,12,SVM (RBF),calibrated,-0.126,1.577060222743E-09,4.9509459551409E-11
12,12,SVM (RBF),calibrated,-0.124,2.59415953666016E-09,3.04987378243433E-10
12,12,SVM (RBF),calibrated,-0.122,6.41255664050242E-09,6.12889330703618E-10
12,12,SVM (RBF),calibrated,-0.12,1.03079614137966E-08,8.6483966214296E-10
12,12,SVM (RBF),calibrated,-0.118,1.46745756996732E-08,9.46693190482947E-10
12,12,SVM (RBF),calibrated,-0.116,3.0559275478683E-08,2.77716322507321E-09
12,12,SVM (RBF),calibrated,-0.114,6.54634204595159E-06,5.3126165892166E-06
12,12,SVM (RBF),calibrated,-0.112,4.13537436709935E-05,3.59820859896315E-05
12,12,SVM (RBF),calibrated,-0.11,4.19740543713324E-06,2.10847374662985E-06
12,12,SVM (RBF),calibrated,-0.108,1.04668684032101E-06,5.36592132752284E-07
12,12,SVM (RBF),uncalibrated,-0.128,1.55751369101023E-05,4.50789568785976E-07
12,12,SVM (RBF),uncalibrated,-0.126,2.00953393756154E-05,4.42803971076898E-07
12,12,SVM (RBF),uncalibrated,-0.124,2.43404148798149E-05,2.18035737545541E-06
12,12,SVM (RBF),uncalibrated,-0.122,3.39347622467963E-05,2.21087024806588E-06
12,12,SVM (RBF),uncalibrated,-0.12,3.94140072948833E-05,2.69983070461399E-06
12,12,SVM (RBF),uncalibrated,-0.118,4.37526036868487E-05,2.3010818738981E-06
12,12,SVM (RBF),uncalibrated,-0.116,5.41057884834524E-05,3.32373270497705E-06
12,12,SVM (RBF),uncalibrated,-0.114,0.000432199123997088,0.000154354609909504
12,12,SVM (RBF),uncalibrated,-0.112,0.000634887355420131,0.000292704922370459
12,12,SVM (RBF),uncalibrated,-0.11,0.000327143411039031,7.36529647688675E-05
12,12,SVM (RBF),uncalibrated,-0.108,0.000263740762485361,6.69607499091907E-05
12,12,Neural Network,calibrated,-0.128,1.91541745543951E-17,8.76897889576394E-19
12,12,Neural Network,calibrated,-0.126,5.61458064403191E-17,2.35233473588628E-18
12,12,Neural Network,calibrated,-0.124,1.21334043099948E-16,1.56694524221901E-17
12,12,Neural Network,calibrated,-0.122,1.01377333173538E-15,1.08543271193036E-16
12,12,Neural Network,calibrated,-0.12,2.07968729064984E-15,1.9279892294368E-16
12,12,Neural Network,calibrated,-0.118,1.5805151292688E-15,1.37990931273849E-16
12,12,Neural Network,calibrated,-0.116,3.19220605801922E-14,4.02105364461505E-15
12,12,Neural Network,calibrated,-0.114,9.96815280254992E-12,8.62099680489254E-12
12,12,Neural Network,calibrated,-0.112,2.62771197253509E-08,2.62274251062445E-08
12,12,Neural Network,calibrated,-0.11,9.99644391175452E-12,8.42827238878889E-12
12,12,Neural Network,calibrated,-0.108,3.05884190460502E-12,2.5463381269543E-12
12,12,Neural Network,uncalibrated,-0.128,8.91000630624226E-14,6.05299201504643E-15
12,12,Neural Network,uncalibrated,-0.126,1.35417450039346E-13,8.03561860116001E-15
12,12,Neural Network,uncalibrated,-0.124,3.36461881165727E-13,5.03730045780612E-14
12,12,Neural Network,uncalibrated,-0.122,1.13119417206502E-12,1.56832701740358E-13
12,12,Neural Network,uncalibrated,-0.12,2.59949645562194E-12,3.01266736126693E-13
12,12,Neural Network,uncalibrated,-0.118,5.66195475374384E-12,7.10965618948406E-13
12,12,Neural Network,uncalibrated,-0.116,4.58692425753562E-12,4.65399796209343E-13
12,12,Neural Network,uncalibrated,-0.114,1.21357362795485E-08,8.78811292018721E-09
12,12,Neural Network,uncalibrated,-0.112,3.33040347647522E-07,3.16266718663735E-07
12,12,Neural Network,uncalibrated,-0.11,7.80606342590349E-09,4.56261580731077E-09
12,12,Neural Network,uncalibrated,-0.108,4.92276148909256E-09,2.77101930107491E-09
