stride,feature_set,n_features,model,Delta,chi,chi_err
5000,30,30,KMeans,-0.128,0,0
5000,30,30,KMeans,-0.126,0,0
5000,30,30,KMeans,-0.124,0,0
5000,30,30,KMeans,-0.122,0,0
5000,30,30,KMeans,-0.12,0,0
5000,30,30,KMeans,-0.118,0,0
5000,30,30,KMeans,-0.116,0,0
5000,30,30,KMeans,-0.114,0.1,0.1
5000,30,30,KMeans,-0.112,0.3,0.0816496580927726
5000,30,30,KMeans,-0.11,0,0
5000,30,30,KMeans,-0.108,0.25,0.25
1000,30,30,KMeans,-0.128,0,0
1000,30,30,KMeans,-0.126,0,0
1000,30,30,KMeans,-0.124,0,0
1000,30,30,KMeans,-0.122,0,0
1000,30,30,KMeans,-0.12,0,0
1000,30,30,KMeans,-0.118,0,0
1000,30,30,KMeans,-0.116,0,0
1000,30,30,KMeans,-0.114,0.161523145843704,0.0745189675727861
1000,30,30,KMeans,-0.112,0.246739130434783,0.0619619699032053
1000,30,30,KMeans,-0.11,0.201814882032668,0.147368421052632
1000,30,30,KMeans,-0.108,0.237931034482759,0.1
500,30,30,KMeans,-0.128,0,0
500,30,30,KMeans,-0.126,0,0
500,30,30,KMeans,-0.124,0,0
500,30,30,KMeans,-0.122,0,0
500,30,30,KMeans,-0.12,0,0
500,30,30,KMeans,-0.118,0,0
500,30,30,KMeans,-0.116,0,0
500,30,30,KMeans,-0.114,0.207478236049665,0.0752433687621934
500,30,30,KMeans,-0.112,0.228345129760701,0.034198581494435
500,30,30,KMeans,-0.11,0.244473417354773,0.12756535526021
500,30,30,KMeans,-0.108,0.278414182739139,0.0804597701149425
250,30,30,KMeans,-0.128,0,0
250,30,30,KMeans,-0.126,0,0
250,30,30,KMeans,-0.124,0,0
250,30,30,KMeans,-0.122,0,0
250,30,30,KMeans,-0.12,0,0
250,30,30,KMeans,-0.118,0,0
250,30,30,KMeans,-0.116,0,0
250,30,30,KMeans,-0.114,0.221489314816707,0.0842010071491913
250,30,30,KMeans,-0.112,0.296458710066305,0.0317510548523206
250,30,30,KMeans,-0.11,0.261075949367089,0.122817837786867
250,30,30,KMeans,-0.108,0.302208849641551,0.0656779661016949
100,30,30,KMeans,-0.128,0,0
100,30,30,KMeans,-0.126,0,0
100,30,30,KMeans,-0.124,0,0
100,30,30,KMeans,-0.122,0,0
100,30,30,KMeans,-0.12,0,0
100,30,30,KMeans,-0.118,0,0
100,30,30,KMeans,-0.116,0,0
100,30,30,KMeans,-0.114,0.218255455395838,0.0807234666069583
100,30,30,KMeans,-0.112,0.295983652935805,0.0303685092127303
100,30,30,KMeans,-0.11,0.26161554707764,0.129330259855734
100,30,30,KMeans,-0.108,0.287736601497909,0.076152125279642
50,30,30,KMeans,-0.128,0,0
50,30,30,KMeans,-0.126,0,0
50,30,30,KMeans,-0.124,0,0
50,30,30,KMeans,-0.122,0,0
50,30,30,KMeans,-0.12,0,0
50,30,30,KMeans,-0.118,0,0
50,30,30,KMeans,-0.116,0,0
50,30,30,KMeans,-0.114,0.223619861970247,0.0792695237963801
50,30,30,KMeans,-0.112,0.301294541305964,0.0317972131173314
50,30,30,KMeans,-0.11,0.260612682234244,0.126018095896615
50,30,30,KMeans,-0.108,0.293649402664791,0.0672742474916388
10,30,30,KMeans,-0.128,0,0
10,30,30,KMeans,-0.126,0,0
10,30,30,KMeans,-0.124,0,0
10,30,30,KMeans,-0.122,0,0
10,30,30,KMeans,-0.12,0,0
10,30,30,KMeans,-0.118,0,0
10,30,30,KMeans,-0.116,0,0
10,30,30,KMeans,-0.114,0.222308540890834,0.0761733231016828
10,30,30,KMeans,-0.112,0.300852545979559,0.0299104552276138
10,30,30,KMeans,-0.11,0.261000483958774,0.128216367736497
10,30,30,KMeans,-0.108,0.289719557471644,0.0684347342672893
1,30,30,KMeans,-0.128,0,0
1,30,30,KMeans,-0.126,0,0
1,30,30,KMeans,-0.124,0,0
1,30,30,KMeans,-0.122,0,0
1,30,30,KMeans,-0.12,0,0
1,30,30,KMeans,-0.118,0,0
1,30,30,KMeans,-0.116,0,0
1,30,30,KMeans,-0.114,0.221517731398062,0.0761090048343429
1,30,30,KMeans,-0.112,0.299273542621874,0.0303411800460451
1,30,30,KMeans,-0.11,0.259774891136192,0.129287964954197
1,30,30,KMeans,-0.108,0.284720318048945,0.0698892037246928
5000,30,30,Agglomerative,-0.128,0,0
5000,30,30,Agglomerative,-0.126,0,0
5000,30,30,Agglomerative,-0.124,0,0
5000,30,30,Agglomerative,-0.122,0,0
5000,30,30,Agglomerative,-0.12,0,0
5000,30,30,Agglomerative,-0.118,0,0
5000,30,30,Agglomerative,-0.116,0,0
5000,30,30,Agglomerative,-0.114,0,0
5000,30,30,Agglomerative,-0.112,0,0
5000,30,30,Agglomerative,-0.11,0,0
5000,30,30,Agglomerative,-0.108,0,0
1000,30,30,Agglomerative,-0.128,0,0
1000,30,30,Agglomerative,-0.126,0,0
1000,30,30,Agglomerative,-0.124,0,0
1000,30,30,Agglomerative,-0.122,0,0
1000,30,30,Agglomerative,-0.12,0,0
1000,30,30,Agglomerative,-0.118,0,0
1000,30,30,Agglomerative,-0.116,0,0
1000,30,30,Agglomerative,-0.114,0,0
1000,30,30,Agglomerative,-0.112,0,0
1000,30,30,Agglomerative,-0.11,0,0
1000,30,30,Agglomerative,-0.108,0,0
500,30,30,Agglomerative,-0.128,0,0
500,30,30,Agglomerative,-0.126,0,0
500,30,30,Agglomerative,-0.124,0,0
500,30,30,Agglomerative,-0.122,0,0
500,30,30,Agglomerative,-0.12,0,0
500,30,30,Agglomerative,-0.118,0,0
500,30,30,Agglomerative,-0.116,0,0
500,30,30,Agglomerative,-0.114,0,0
500,30,30,Agglomerative,-0.112,0,0
500,30,30,Agglomerative,-0.11,0,0
500,30,30,Agglomerative,-0.108,0,0
250,30,30,Agglomerative,-0.128,0,0
250,30,30,Agglomerative,-0.126,0,0
250,30,30,Agglomerative,-0.124,0,0
250,30,30,Agglomerative,-0.122,0,0
250,30,30,Agglomerative,-0.12,0,0
250,30,30,Agglomerative,-0.118,0,0
250,30,30,Agglomerative,-0.116,0,0
250,30,30,Agglomerative,-0.114,0,0
250,30,30,Agglomerative,-0.112,0,0
250,30,30,Agglomerative,-0.11,0,0
250,30,30,Agglomerative,-0.108,0,0
100,30,30,Agglomerative,-0.128,0,0
100,30,30,Agglomerative,-0.126,0,0
100,30,30,Agglomerative,-0.124,0,0
100,30,30,Agglomerative,-0.122,0,0
100,30,30,Agglomerative,-0.12,0,0
100,30,30,Agglomerative,-0.118,0,0
100,30,30,Agglomerative,-0.116,0,0
100,30,30,Agglomerative,-0.114,0,0
100,30,30,Agglomerative,-0.112,0,0
100,30,30,Agglomerative,-0.11,0,0
100,30,30,Agglomerative,-0.108,0,0
50,30,30,Agglomerative,-0.128,0,0
50,30,30,Agglomerative,-0.126,0,0
50,30,30,Agglomerative,-0.124,0,0
50,30,30,Agglomerative,-0.122,0,0
50,30,30,Agglomerative,-0.12,0,0
50,30,30,Agglomerative,-0.118,0,0
50,30,30,Agglomerative,-0.116,0,0
50,30,30,Agglomerative,-0.114,0,0
50,30,30,Agglomerative,-0.112,0,0
50,30,30,Agglomerative,-0.11,0,0
50,30,30,Agglomerative,-0.108,0,0
10,30,30,Agglomerative,-0.128,0,0
10,30,30,Agglomerative,-0.126,0,0
10,30,30,Agglomerative,-0.124,0,0
10,30,30,Agglomerative,-0.122,0,0
10,30,30,Agglomerative,-0.12,0,0
10,30,30,Agglomerative,-0.118,0,0
10,30,30,Agglomerative,-0.116,0,0
10,30,30,Agglomerative,-0.114,0,0
10,30,30,Agglomerative,-0.112,0,0
10,30,30,Agglomerative,-0.11,0,0
10,30,30,Agglomerative,-0.108,0,0
5000,30,30,Spectral,-0.128,0,0
5000,30,30,Spectral,-0.126,0,0
5000,30,30,Spectral,-0.124,0,0
5000,30,30,Spectral,-0.122,0,0
5000,30,30,Spectral,-0.12,0,0
5000,30,30,Spectral,-0.118,0,0
5000,30,30,Spectral,-0.116,0,0
5000,30,30,Spectral,-0.114,0,0
5000,30,30,Spectral,-0.112,0,0
5000,30,30,Spectral,-0.11,0,0
5000,30,30,Spectral,-0.108,0,0
1000,30,30,Spectral,-0.128,0,0
1000,30,30,Spectral,-0.126,0,0
1000,30,30,Spectral,-0.124,0,0
1000,30,30,Spectral,-0.122,0,0
1000,30,30,Spectral,-0.12,0,0
1000,30,30,Spectral,-0.118,0,0
1000,30,30,Spectral,-0.116,0,0
1000,30,30,Spectral,-0.114,0,0
1000,30,30,Spectral,-0.112,0,0
1000,30,30,Spectral,-0.11,0,0
1000,30,30,Spectral,-0.108,0,0
500,30,30,Spectral,-0.128,0,0
500,30,30,Spectral,-0.126,0,0
500,30,30,Spectral,-0.124,0,0
500,30,30,Spectral,-0.122,0,0
500,30,30,Spectral,-0.12,0,0
500,30,30,Spectral,-0.118,0,0
500,30,30,Spectral,-0.116,0,0
500,30,30,Spectral,-0.114,0,0
500,30,30,Spectral,-0.112,0,0
500,30,30,Spectral,-0.11,0,0
500,30,30,Spectral,-0.108,0,0
250,30,30,Spectral,-0.128,0,0
250,30,30,Spectral,-0.126,0,0
250,30,30,Spectral,-0.124,0,0
250,30,30,Spectral,-0.122,0,0
250,30,30,Spectral,-0.12,0,0
250,30,30,Spectral,-0.118,0,0
250,30,30,Spectral,-0.116,0,0
250,30,30,Spectral,-0.114,0,0
250,30,30,Spectral,-0.112,0,0
250,30,30,Spectral,-0.11,0,0
250,30,30,Spectral,-0.108,0,0
100,30,30,Spectral,-0.128,0,0
100,30,30,Spectral,-0.126,0,0
100,30,30,Spectral,-0.124,0,0
100,30,30,Spectral,-0.122,0,0
100,30,30,Spectral,-0.12,0,0
100,30,30,Spectral,-0.118,0,0
100,30,30,Spectral,-0.116,0,0
100,30,30,Spectral,-0.114,0,0
100,30,30,Spectral,-0.112,0,0
100,30,30,Spectral,-0.11,0,0
100,30,30,Spectral,-0.108,0,0
50,30,30,Spectral,-0.128,0,0
50,30,30,Spectral,-0.126,0,0
50,30,30,Spectral,-0.124,0,0
50,30,30,Spectral,-0.122,0,0
50,30,30,Spectral,-0.12,0,0
50,30,30,Spectral,-0.118,0,0
50,30,30,Spectral,-0.116,0,0
50,30,30,Spectral,-0.114,0,0
50,30,30,Spectral,-0.112,0,0
50,30,30,Spectral,-0.11,0,0
50,30,30,Spectral,-0.108,0,0
5000,30,30,GaussianMixture,-0.128,0,0
5000,30,30,GaussianMixture,-0.126,0,0
5000,30,30,GaussianMixture,-0.124,0,0
5000,30,30,GaussianMixture,-0.122,0,0
5000,30,30,GaussianMixture,-0.12,0,0
5000,30,30,GaussianMixture,-0.118,0,0
5000,30,30,GaussianMixture,-0.116,0,0
5000,30,30,GaussianMixture,-0.114,0.1,0.1
5000,30,30,GaussianMixture,-0.112,0.3,0.0816496580927726
5000,30,30,GaussianMixture,-0.11,0,0
5000,30,30,GaussianMixture,-0.108,0.25,0.25
1000,30,30,GaussianMixture,-0.128,0,0
1000,30,30,GaussianMixture,-0.126,0,0
1000,30,30,GaussianMixture,-0.124,0,0
1000,30,30,GaussianMixture,-0.122,0,0
1000,30,30,GaussianMixture,-0.12,0,0
1000,30,30,GaussianMixture,-0.118,0,0
1000,30,30,GaussianMixture,-0.116,0,0
1000,30,30,GaussianMixture,-0.114,0,0
1000,30,30,GaussianMixture,-0.112,0,0
1000,30,30,GaussianMixture,-0.11,0,0
1000,30,30,GaussianMixture,-0.108,0,0
500,30,30,GaussianMixture,-0.128,0,0
500,30,30,GaussianMixture,-0.126,0,0
500,30,30,GaussianMixture,-0.124,0,0
500,30,30,GaussianMixture,-0.122,0,0
500,30,30,GaussianMixture,-0.12,0,0
500,30,30,GaussianMixture,-0.118,0,0
500,30,30,GaussianMixture,-0.116,0,0
500,30,30,GaussianMixture,-0.114,0,0
500,30,30,GaussianMixture,-0.112,0,0
500,30,30,GaussianMixture,-0.11,0,0
500,30,30,GaussianMixture,-0.108,0,0
250,30,30,GaussianMixture,-0.128,0,0
250,30,30,GaussianMixture,-0.126,0,0
250,30,30,GaussianMixture,-0.124,0,0
250,30,30,GaussianMixture,-0.122,0,0
250,30,30,GaussianMixture,-0.12,0,0
250,30,30,GaussianMixture,-0.118,0,0
250,30,30,GaussianMixture,-0.116,0,0
250,30,30,GaussianMixture,-0.114,0,0
250,30,30,GaussianMixture,-0.112,0,0
250,30,30,GaussianMixture,-0.11,0,0
250,30,30,GaussianMixture,-0.108,0,0
5000,30,30,MeanShift,-0.128,0,0
5000,30,30,MeanShift,-0.126,0,0
5000,30,30,MeanShift,-0.124,0,0
5000,30,30,MeanShift,-0.122,0,0
5000,30,30,MeanShift,-0.12,0,0
5000,30,30,MeanShift,-0.118,0,0
5000,30,30,MeanShift,-0.116,0,0
5000,30,30,MeanShift,-0.114,0.166666666666667,0.166666666666667
5000,30,30,MeanShift,-0.112,0,0
5000,30,30,MeanShift,-0.11,0.266666666666667,0.105409255338946
5000,30,30,MeanShift,-0.108,0.142857142857143,0.142857142857143
1000,30,30,MeanShift,-0.128,0,0
1000,30,30,MeanShift,-0.126,0,0
1000,30,30,MeanShift,-0.124,0,0
1000,30,30,MeanShift,-0.122,0,0
1000,30,30,MeanShift,-0.12,0,0
1000,30,30,MeanShift,-0.118,0,0
1000,30,30,MeanShift,-0.116,0,0
1000,30,30,MeanShift,-0.114,0.213576494427558,0.0900155357381449
1000,30,30,MeanShift,-0.112,0.1625,0.0719844441812371
1000,30,30,MeanShift,-0.11,0.156071964017991,0.101127855214026
1000,30,30,MeanShift,-0.108,0.159261790840738,0.0734492619107042
500,30,30,MeanShift,-0.128,0,0
500,30,30,MeanShift,-0.126,0,0
500,30,30,MeanShift,-0.124,0,0
500,30,30,MeanShift,-0.122,0,0
500,30,30,MeanShift,-0.12,0,0
500,30,30,MeanShift,-0.118,0,0
500,30,30,MeanShift,-0.116,0,0
500,30,30,MeanShift,-0.114,0.184086814086814,0.0842334634064071
500,30,30,MeanShift,-0.112,0.15669744413221,0.0509475462167029
500,30,30,MeanShift,-0.11,0.13624834715711,0.0713295029637716
500,30,30,MeanShift,-0.108,0.0940505015565548,0.0529197485987361
250,30,30,MeanShift,-0.128,0,0
250,30,30,MeanShift,-0.126,0,0
250,30,30,MeanShift,-0.124,0,0
250,30,30,MeanShift,-0.122,0,0
250,30,30,MeanShift,-0.12,0,0
250,30,30,MeanShift,-0.118,0,0
250,30,30,MeanShift,-0.116,0,0
250,30,30,MeanShift,-0.114,0.190338099895451,0.0932029023199161
250,30,30,MeanShift,-0.112,0.142390529903084,0.057353178164416
250,30,30,MeanShift,-0.11,0.122633053221288,0.0666759573396984
250,30,30,MeanShift,-0.108,0.0885013400321172,0.0488449434687733
100,30,30,MeanShift,-0.128,0,0
100,30,30,MeanShift,-0.126,0,0
100,30,30,MeanShift,-0.124,0,0
100,30,30,MeanShift,-0.122,0,0
100,30,30,MeanShift,-0.12,0,0
100,30,30,MeanShift,-0.118,0,0
100,30,30,MeanShift,-0.116,0,0
100,30,30,MeanShift,-0.114,0.192528950950028,0.0815264317053178
100,30,30,MeanShift,-0.112,0.145898490955525,0.0547120143666127
100,30,30,MeanShift,-0.11,0.120770117033534,0.0557170635060033
100,30,30,MeanShift,-0.108,0.0843441846915738,0.0410362184426297
50,30,30,MeanShift,-0.128,0,0
50,30,30,MeanShift,-0.126,0,0
50,30,30,MeanShift,-0.124,0,0
50,30,30,MeanShift,-0.122,0,0
50,30,30,MeanShift,-0.12,0,0
50,30,30,MeanShift,-0.118,0,0
50,30,30,MeanShift,-0.116,0,0
50,30,30,MeanShift,-0.114,0.190554220442071,0.0797671889458024
50,30,30,MeanShift,-0.112,0.149127954736397,0.0530512430500052
50,30,30,MeanShift,-0.11,0.115405413569124,0.0541737743625466
50,30,30,MeanShift,-0.108,0.0774224166426081,0.0415190140170314
5000,30,30,Birch,-0.128,0,0
5000,30,30,Birch,-0.126,0,0
5000,30,30,Birch,-0.124,0,0
5000,30,30,Birch,-0.122,0,0
5000,30,30,Birch,-0.12,0,0
5000,30,30,Birch,-0.118,0,0
5000,30,30,Birch,-0.116,0,0
5000,30,30,Birch,-0.114,0,0
5000,30,30,Birch,-0.112,0,0
5000,30,30,Birch,-0.11,0,0
5000,30,30,Birch,-0.108,0,0
1000,30,30,Birch,-0.128,0,0
1000,30,30,Birch,-0.126,0,0
1000,30,30,Birch,-0.124,0,0
1000,30,30,Birch,-0.122,0,0
1000,30,30,Birch,-0.12,0,0
1000,30,30,Birch,-0.118,0,0
1000,30,30,Birch,-0.116,0,0
1000,30,30,Birch,-0.114,0,0
1000,30,30,Birch,-0.112,0,0
1000,30,30,Birch,-0.11,0,0
1000,30,30,Birch,-0.108,0,0
500,30,30,Birch,-0.128,0,0
500,30,30,Birch,-0.126,0,0
500,30,30,Birch,-0.124,0,0
500,30,30,Birch,-0.122,0,0
500,30,30,Birch,-0.12,0,0
500,30,30,Birch,-0.118,0,0
500,30,30,Birch,-0.116,0,0
500,30,30,Birch,-0.114,0,0
500,30,30,Birch,-0.112,0,0
500,30,30,Birch,-0.11,0,0
500,30,30,Birch,-0.108,0,0
250,30,30,Birch,-0.128,0,0
250,30,30,Birch,-0.126,0,0
250,30,30,Birch,-0.124,0,0
250,30,30,Birch,-0.122,0,0
250,30,30,Birch,-0.12,0,0
250,30,30,Birch,-0.118,0,0
250,30,30,Birch,-0.116,0,0
250,30,30,Birch,-0.114,0,0
250,30,30,Birch,-0.112,0,0
250,30,30,Birch,-0.11,0,0
250,30,30,Birch,-0.108,0,0
100,30,30,Birch,-0.128,0,0
100,30,30,Birch,-0.126,0,0
100,30,30,Birch,-0.124,0,0
100,30,30,Birch,-0.122,0,0
100,30,30,Birch,-0.12,0,0
100,30,30,Birch,-0.118,0,0
100,30,30,Birch,-0.116,0,0
100,30,30,Birch,-0.114,0,0
100,30,30,Birch,-0.112,0,0
100,30,30,Birch,-0.11,0,0
100,30,30,Birch,-0.108,0,0
50,30,30,Birch,-0.128,0,0
50,30,30,Birch,-0.126,0,0
50,30,30,Birch,-0.124,0,0
50,30,30,Birch,-0.122,0,0
50,30,30,Birch,-0.12,0,0
50,30,30,Birch,-0.118,0,0
50,30,30,Birch,-0.116,0,0
50,30,30,Birch,-0.114,0,0
50,30,30,Birch,-0.112,0,0
50,30,30,Birch,-0.11,0,0
50,30,30,Birch,-0.108,0,0
10,30,30,Birch,-0.128,0,0
10,30,30,Birch,-0.126,0,0
10,30,30,Birch,-0.124,0,0
10,30,30,Birch,-0.122,0,0
10,30,30,Birch,-0.12,0,0
10,30,30,Birch,-0.118,0,0
10,30,30,Birch,-0.116,0,0
10,30,30,Birch,-0.114,0,0
10,30,30,Birch,-0.112,0,0
10,30,30,Birch,-0.11,0,0
10,30,30,Birch,-0.108,0,0
5000,30,30,BayesianGMM,-0.128,0,0
5000,30,30,BayesianGMM,-0.126,0,0
5000,30,30,BayesianGMM,-0.124,0,0
5000,30,30,BayesianGMM,-0.122,0,0
5000,30,30,BayesianGMM,-0.12,0,0
5000,30,30,BayesianGMM,-0.118,0,0
5000,30,30,BayesianGMM,-0.116,0,0
5000,30,30,BayesianGMM,-0.114,0.1,0.1
5000,30,30,BayesianGMM,-0.112,0.3,0.0816496580927726
5000,30,30,BayesianGMM,-0.11,0,0
5000,30,30,BayesianGMM,-0.108,0.25,0.25
1000,30,30,BayesianGMM,-0.128,0,0
1000,30,30,BayesianGMM,-0.126,0,0
1000,30,30,BayesianGMM,-0.124,0,0
1000,30,30,BayesianGMM,-0.122,0,0
1000,30,30,BayesianGMM,-0.12,0,0
1000,30,30,BayesianGMM,-0.118,0,0
1000,30,30,BayesianGMM,-0.116,0,0
1000,30,30,BayesianGMM,-0.114,0,0
1000,30,30,BayesianGMM,-0.112,0,0
1000,30,30,BayesianGMM,-0.11,0,0
1000,30,30,BayesianGMM,-0.108,0,0
500,30,30,BayesianGMM,-0.128,0,0
500,30,30,BayesianGMM,-0.126,0,0
500,30,30,BayesianGMM,-0.124,0,0
500,30,30,BayesianGMM,-0.122,0,0
500,30,30,BayesianGMM,-0.12,0,0
500,30,30,BayesianGMM,-0.118,0,0
500,30,30,BayesianGMM,-0.116,0,0
500,30,30,BayesianGMM,-0.114,0,0
500,30,30,BayesianGMM,-0.112,0,0
500,30,30,BayesianGMM,-0.11,0,0
500,30,30,BayesianGMM,-0.108,0,0
250,30,30,BayesianGMM,-0.128,0,0
250,30,30,BayesianGMM,-0.126,0,0
250,30,30,BayesianGMM,-0.124,0,0
250,30,30,BayesianGMM,-0.122,0,0
250,30,30,BayesianGMM,-0.12,0,0
250,30,30,BayesianGMM,-0.118,0,0
250,30,30,BayesianGMM,-0.116,0,0
250,30,30,BayesianGMM,-0.114,0,0
250,30,30,BayesianGMM,-0.112,0,0
250,30,30,BayesianGMM,-0.11,0,0
250,30,30,BayesianGMM,-0.108,0,0
5000,20,20,KMeans,-0.128,0,0
5000,20,20,KMeans,-0.126,0,0
5000,20,20,KMeans,-0.124,0,0
5000,20,20,KMeans,-0.122,0,0
5000,20,20,KMeans,-0.12,0,0
5000,20,20,KMeans,-0.118,0,0
5000,20,20,KMeans,-0.116,0,0
5000,20,20,KMeans,-0.114,0.35,0.2
5000,20,20,KMeans,-0.112,0.3,0.0816496580927726
5000,20,20,KMeans,-0.11,0.25,0.25
5000,20,20,KMeans,-0.108,0.25,0.25
1000,20,20,KMeans,-0.128,0,0
1000,20,20,KMeans,-0.126,0,0
1000,20,20,KMeans,-0.124,0,0
1000,20,20,KMeans,-0.122,0,0
1000,20,20,KMeans,-0.12,0,0
1000,20,20,KMeans,-0.118,0,0
1000,20,20,KMeans,-0.116,0,0
1000,20,20,KMeans,-0.114,0.220644589338824,0.0801508146014816
1000,20,20,KMeans,-0.112,0.246739130434783,0.0619619699032053
1000,20,20,KMeans,-0.11,0.251724137931034,0.105263157894737
1000,20,20,KMeans,-0.108,0.19127363864206,0.0776019915454805
500,20,20,KMeans,-0.128,0,0
500,20,20,KMeans,-0.126,0,0
500,20,20,KMeans,-0.124,0,0
500,20,20,KMeans,-0.122,0,0
500,20,20,KMeans,-0.12,0,0
500,20,20,KMeans,-0.118,0,0
500,20,20,KMeans,-0.116,0,0
500,20,20,KMeans,-0.114,0.232678432678433,0.0782348342546494
500,20,20,KMeans,-0.112,0.301289294509633,0.0324786324786325
500,20,20,KMeans,-0.11,0.251789077212806,0.102308263534739
500,20,20,KMeans,-0.108,0.313422949542178,0.0551724137931034
250,20,20,KMeans,-0.128,0,0
250,20,20,KMeans,-0.126,0,0
250,20,20,KMeans,-0.124,0,0
250,20,20,KMeans,-0.122,0,0
250,20,20,KMeans,-0.12,0,0
250,20,20,KMeans,-0.118,0,0
250,20,20,KMeans,-0.116,0,0
250,20,20,KMeans,-0.114,0.241898780105468,0.0874601589173783
250,20,20,KMeans,-0.112,0.30211502322448,0.0298523206751055
250,20,20,KMeans,-0.11,0.27779048328192,0.112153424648241
250,20,20,KMeans,-0.108,0.327158999192897,0.0384180790960452
100,20,20,KMeans,-0.128,0,0
100,20,20,KMeans,-0.126,0,0
100,20,20,KMeans,-0.124,0,0
100,20,20,KMeans,-0.122,0,0
100,20,20,KMeans,-0.12,0,0
100,20,20,KMeans,-0.118,0,0
100,20,20,KMeans,-0.116,0,0
100,20,20,KMeans,-0.114,0.252210090155463,0.0653478787390981
100,20,20,KMeans,-0.112,0.307319316762183,0.0289507765942803
100,20,20,KMeans,-0.11,0.280250135852058,0.0878817724191522
100,20,20,KMeans,-0.108,0.322362535820371,0.0293512304250559
50,20,20,KMeans,-0.128,0,0
50,20,20,KMeans,-0.126,0,0
50,20,20,KMeans,-0.124,0,0
50,20,20,KMeans,-0.122,0,0
50,20,20,KMeans,-0.12,0,0
50,20,20,KMeans,-0.118,0,0
50,20,20,KMeans,-0.116,0,0
50,20,20,KMeans,-0.114,0.244302213524869,0.0664734448917747
50,20,20,KMeans,-0.112,0.30458044108602,0.0287946938886443
50,20,20,KMeans,-0.11,0.275838692446196,0.0995287839395679
50,20,20,KMeans,-0.108,0.325449718315364,0.0318394648829432
10,20,20,KMeans,-0.128,0,0
10,20,20,KMeans,-0.126,0,0
10,20,20,KMeans,-0.124,0,0
10,20,20,KMeans,-0.122,0,0
10,20,20,KMeans,-0.12,0,0
10,20,20,KMeans,-0.118,0,0
10,20,20,KMeans,-0.116,0,0
10,20,20,KMeans,-0.114,0.243571915427546,0.0664151522809809
10,20,20,KMeans,-0.112,0.304474796807095,0.0277553893939737
10,20,20,KMeans,-0.11,0.273001694244922,0.102156848125143
10,20,20,KMeans,-0.108,0.323945083169447,0.0342059150544808
1,20,20,KMeans,-0.128,0,0
1,20,20,KMeans,-0.126,0,0
1,20,20,KMeans,-0.124,0,0
1,20,20,KMeans,-0.122,0,0
1,20,20,KMeans,-0.12,0,0
1,20,20,KMeans,-0.118,0,0
1,20,20,KMeans,-0.116,0,0
1,20,20,KMeans,-0.114,0.244447996100001,0.0662893355006978
1,20,20,KMeans,-0.112,0.303739287916483,0.0274350794281169
1,20,20,KMeans,-0.11,0.273013985966974,0.101645969701279
1,20,20,KMeans,-0.108,0.323046226653081,0.0339972887081361
5000,20,20,Agglomerative,-0.128,0,0
5000,20,20,Agglomerative,-0.126,0,0
5000,20,20,Agglomerative,-0.124,0,0
5000,20,20,Agglomerative,-0.122,0,0
5000,20,20,Agglomerative,-0.12,0,0
5000,20,20,Agglomerative,-0.118,0,0
5000,20,20,Agglomerative,-0.116,0,0
5000,20,20,Agglomerative,-0.114,0.166666666666666,0.166666666666667
5000,20,20,Agglomerative,-0.112,0.25,0.25
5000,20,20,Agglomerative,-0.11,0.2,0.2
5000,20,20,Agglomerative,-0.108,0.25,0.25
1000,20,20,Agglomerative,-0.128,0,0
1000,20,20,Agglomerative,-0.126,0,0
1000,20,20,Agglomerative,-0.124,0,0
1000,20,20,Agglomerative,-0.122,0,0
1000,20,20,Agglomerative,-0.12,0,0
1000,20,20,Agglomerative,-0.118,0,0
1000,20,20,Agglomerative,-0.116,0,0
1000,20,20,Agglomerative,-0.114,0,0
1000,20,20,Agglomerative,-0.112,0,0
1000,20,20,Agglomerative,-0.11,0,0
1000,20,20,Agglomerative,-0.108,0,0
500,20,20,Agglomerative,-0.128,0,0
500,20,20,Agglomerative,-0.126,0,0
500,20,20,Agglomerative,-0.124,0,0
500,20,20,Agglomerative,-0.122,0,0
500,20,20,Agglomerative,-0.12,0,0
500,20,20,Agglomerative,-0.118,0,0
500,20,20,Agglomerative,-0.116,0,0
500,20,20,Agglomerative,-0.114,0,0
500,20,20,Agglomerative,-0.112,0,0
500,20,20,Agglomerative,-0.11,0,0
500,20,20,Agglomerative,-0.108,0,0
250,20,20,Agglomerative,-0.128,0,0
250,20,20,Agglomerative,-0.126,0,0
250,20,20,Agglomerative,-0.124,0,0
250,20,20,Agglomerative,-0.122,0,0
250,20,20,Agglomerative,-0.12,0,0
250,20,20,Agglomerative,-0.118,0,0
250,20,20,Agglomerative,-0.116,0,0
250,20,20,Agglomerative,-0.114,0,0
250,20,20,Agglomerative,-0.112,0,0
250,20,20,Agglomerative,-0.11,0,0
250,20,20,Agglomerative,-0.108,0,0
100,20,20,Agglomerative,-0.128,0,0
100,20,20,Agglomerative,-0.126,0,0
100,20,20,Agglomerative,-0.124,0,0
100,20,20,Agglomerative,-0.122,0,0
100,20,20,Agglomerative,-0.12,0,0
100,20,20,Agglomerative,-0.118,0,0
100,20,20,Agglomerative,-0.116,0,0
100,20,20,Agglomerative,-0.114,0,0
100,20,20,Agglomerative,-0.112,0,0
100,20,20,Agglomerative,-0.11,0,0
100,20,20,Agglomerative,-0.108,0,0
50,20,20,Agglomerative,-0.128,0,0
50,20,20,Agglomerative,-0.126,0,0
50,20,20,Agglomerative,-0.124,0,0
50,20,20,Agglomerative,-0.122,0,0
50,20,20,Agglomerative,-0.12,0,0
50,20,20,Agglomerative,-0.118,0,0
50,20,20,Agglomerative,-0.116,0,0
50,20,20,Agglomerative,-0.114,0,0
50,20,20,Agglomerative,-0.112,0,0
50,20,20,Agglomerative,-0.11,0,0
50,20,20,Agglomerative,-0.108,0,0
10,20,20,Agglomerative,-0.128,0,0
10,20,20,Agglomerative,-0.126,0,0
10,20,20,Agglomerative,-0.124,0,0
10,20,20,Agglomerative,-0.122,0,0
10,20,20,Agglomerative,-0.12,0,0
10,20,20,Agglomerative,-0.118,0,0
10,20,20,Agglomerative,-0.116,0,0
10,20,20,Agglomerative,-0.114,0,0
10,20,20,Agglomerative,-0.112,0,0
10,20,20,Agglomerative,-0.11,0,0
10,20,20,Agglomerative,-0.108,0,0
5000,20,20,Spectral,-0.128,0,0
5000,20,20,Spectral,-0.126,0,0
5000,20,20,Spectral,-0.124,0,0
5000,20,20,Spectral,-0.122,0,0
5000,20,20,Spectral,-0.12,0,0
5000,20,20,Spectral,-0.118,0,0
5000,20,20,Spectral,-0.116,0,0
5000,20,20,Spectral,-0.114,0,0
5000,20,20,Spectral,-0.112,0,0
5000,20,20,Spectral,-0.11,0,0
5000,20,20,Spectral,-0.108,0,0
1000,20,20,Spectral,-0.128,0,0
1000,20,20,Spectral,-0.126,0,0
1000,20,20,Spectral,-0.124,0,0
1000,20,20,Spectral,-0.122,0,0
1000,20,20,Spectral,-0.12,0,0
1000,20,20,Spectral,-0.118,0,0
1000,20,20,Spectral,-0.116,0,0
1000,20,20,Spectral,-0.114,0,0
1000,20,20,Spectral,-0.112,0,0
1000,20,20,Spectral,-0.11,0,0
1000,20,20,Spectral,-0.108,0,0
500,20,20,Spectral,-0.128,0,0
500,20,20,Spectral,-0.126,0,0
500,20,20,Spectral,-0.124,0,0
500,20,20,Spectral,-0.122,0,0
500,20,20,Spectral,-0.12,0,0
500,20,20,Spectral,-0.118,0,0
500,20,20,Spectral,-0.116,0,0
500,20,20,Spectral,-0.114,0,0
500,20,20,Spectral,-0.112,0,0
500,20,20,Spectral,-0.11,0,0
500,20,20,Spectral,-0.108,0,0
250,20,20,Spectral,-0.128,0,0
250,20,20,Spectral,-0.126,0,0
250,20,20,Spectral,-0.124,0,0
250,20,20,Spectral,-0.122,0,0
250,20,20,Spectral,-0.12,0,0
250,20,20,Spectral,-0.118,0,0
250,20,20,Spectral,-0.116,0,0
250,20,20,Spectral,-0.114,0,0
250,20,20,Spectral,-0.112,0,0
250,20,20,Spectral,-0.11,0,0
250,20,20,Spectral,-0.108,0,0
100,20,20,Spectral,-0.128,0,0
100,20,20,Spectral,-0.126,0,0
100,20,20,Spectral,-0.124,0,0
100,20,20,Spectral,-0.122,0,0
100,20,20,Spectral,-0.12,0,0
100,20,20,Spectral,-0.118,0,0
100,20,20,Spectral,-0.116,0,0
100,20,20,Spectral,-0.114,0,0
100,20,20,Spectral,-0.112,0,0
100,20,20,Spectral,-0.11,0,0
100,20,20,Spectral,-0.108,0,0
50,20,20,Spectral,-0.128,0,0
50,20,20,Spectral,-0.126,0,0
50,20,20,Spectral,-0.124,0,0
50,20,20,Spectral,-0.122,0,0
50,20,20,Spectral,-0.12,0,0
50,20,20,Spectral,-0.118,0,0
50,20,20,Spectral,-0.116,0,0
50,20,20,Spectral,-0.114,0,0
50,20,20,Spectral,-0.112,0,0
50,20,20,Spectral,-0.11,0,0
50,20,20,Spectral,-0.108,0,0
5000,20,20,GaussianMixture,-0.128,0,0
5000,20,20,GaussianMixture,-0.126,0,0
5000,20,20,GaussianMixture,-0.124,0,0
5000,20,20,GaussianMixture,-0.122,0,0
5000,20,20,GaussianMixture,-0.12,0,0
5000,20,20,GaussianMixture,-0.118,0,0
5000,20,20,GaussianMixture,-0.116,0,0
5000,20,20,GaussianMixture,-0.114,0.35,0.2
5000,20,20,GaussianMixture,-0.112,0.3,0.0816496580927726
5000,20,20,GaussianMixture,-0.11,0.25,0.25
5000,20,20,GaussianMixture,-0.108,0.25,0.25
1000,20,20,GaussianMixture,-0.128,0,0
1000,20,20,GaussianMixture,-0.126,0,0
1000,20,20,GaussianMixture,-0.124,0,0
1000,20,20,GaussianMixture,-0.122,0,0
1000,20,20,GaussianMixture,-0.12,0,0
1000,20,20,GaussianMixture,-0.118,0,0
1000,20,20,GaussianMixture,-0.116,0,0
1000,20,20,GaussianMixture,-0.114,0,0
1000,20,20,GaussianMixture,-0.112,0,0
1000,20,20,GaussianMixture,-0.11,0,0
1000,20,20,GaussianMixture,-0.108,0,0
500,20,20,GaussianMixture,-0.128,0,0
500,20,20,GaussianMixture,-0.126,0,0
500,20,20,GaussianMixture,-0.124,0,0
500,20,20,GaussianMixture,-0.122,0,0
500,20,20,GaussianMixture,-0.12,0,0
500,20,20,GaussianMixture,-0.118,0,0
500,20,20,GaussianMixture,-0.116,0,0
500,20,20,GaussianMixture,-0.114,0,0
500,20,20,GaussianMixture,-0.112,0,0
500,20,20,GaussianMixture,-0.11,0,0
500,20,20,GaussianMixture,-0.108,0,0
250,20,20,GaussianMixture,-0.128,0,0
250,20,20,GaussianMixture,-0.126,0,0
250,20,20,GaussianMixture,-0.124,0,0
250,20,20,GaussianMixture,-0.122,0,0
250,20,20,GaussianMixture,-0.12,0,0
250,20,20,GaussianMixture,-0.118,0,0
250,20,20,GaussianMixture,-0.116,0,0
250,20,20,GaussianMixture,-0.114,0,0
250,20,20,GaussianMixture,-0.112,0,0
250,20,20,GaussianMixture,-0.11,0,0
250,20,20,GaussianMixture,-0.108,0,0
5000,20,20,MeanShift,-0.128,0,0
5000,20,20,MeanShift,-0.126,0,0
5000,20,20,MeanShift,-0.124,0,0
5000,20,20,MeanShift,-0.122,0,0
5000,20,20,MeanShift,-0.12,0,0
5000,20,20,MeanShift,-0.118,0,0
5000,20,20,MeanShift,-0.116,0,0
5000,20,20,MeanShift,-0.114,0,0
5000,20,20,MeanShift,-0.112,0.366666666666667,0.166666666666667
5000,20,20,MeanShift,-0.11,0.2,0.2
5000,20,20,MeanShift,-0.108,0.25,0.25
1000,20,20,MeanShift,-0.128,0,0
1000,20,20,MeanShift,-0.126,0,0
1000,20,20,MeanShift,-0.124,0,0
1000,20,20,MeanShift,-0.122,0,0
1000,20,20,MeanShift,-0.12,0,0
1000,20,20,MeanShift,-0.118,0,0
1000,20,20,MeanShift,-0.116,0,0
1000,20,20,MeanShift,-0.114,0.119427558257345,0.0825501748520425
1000,20,20,MeanShift,-0.112,0.1625,0.0719844441812371
1000,20,20,MeanShift,-0.11,0.125237381309346,0.0800847587124406
1000,20,20,MeanShift,-0.108,0.127477785372522,0.0812340997432997
500,20,20,MeanShift,-0.128,0,0
500,20,20,MeanShift,-0.126,0,0
500,20,20,MeanShift,-0.124,0,0
500,20,20,MeanShift,-0.122,0,0
500,20,20,MeanShift,-0.12,0,0
500,20,20,MeanShift,-0.118,0,0
500,20,20,MeanShift,-0.116,0,0
500,20,20,MeanShift,-0.114,0.114774774774775,0.0788232173034859
500,20,20,MeanShift,-0.112,0.11890955588266,0.0620701825404346
500,20,20,MeanShift,-0.11,0.106951871657754,0.0455699031624732
500,20,20,MeanShift,-0.108,0.0787193745970342,0.0423208233958022
250,20,20,MeanShift,-0.128,0,0
250,20,20,MeanShift,-0.126,0,0
250,20,20,MeanShift,-0.124,0,0
250,20,20,MeanShift,-0.122,0,0
250,20,20,MeanShift,-0.12,0,0
250,20,20,MeanShift,-0.118,0,0
250,20,20,MeanShift,-0.116,0,0
250,20,20,MeanShift,-0.114,0.123062628579137,0.0797799719600683
250,20,20,MeanShift,-0.112,0.117899787970092,0.0624959697457818
250,20,20,MeanShift,-0.11,0.0718537456936121,0.0385478188051845
250,20,20,MeanShift,-0.108,0.0621005246942138,0.034606132798902
100,20,20,MeanShift,-0.128,0,0
100,20,20,MeanShift,-0.126,0,0
100,20,20,MeanShift,-0.124,0,0
100,20,20,MeanShift,-0.122,0,0
100,20,20,MeanShift,-0.12,0,0
100,20,20,MeanShift,-0.118,0,0
100,20,20,MeanShift,-0.116,0,0
100,20,20,MeanShift,-0.114,0.11937875751503,0.0775186091042134
100,20,20,MeanShift,-0.112,0.116662978204921,0.0628833351453115
100,20,20,MeanShift,-0.11,0.0947016787711712,0.0363805105284152
100,20,20,MeanShift,-0.108,0.0542991595959373,0.0329946655661769
50,20,20,MeanShift,-0.128,0,0
50,20,20,MeanShift,-0.126,0,0
50,20,20,MeanShift,-0.124,0,0
50,20,20,MeanShift,-0.122,0,0
50,20,20,MeanShift,-0.12,0,0
50,20,20,MeanShift,-0.118,0,0
50,20,20,MeanShift,-0.116,0,0
50,20,20,MeanShift,-0.114,0.117763038071449,0.0735151681696786
50,20,20,MeanShift,-0.112,0.120024176495789,0.0611853015424168
50,20,20,MeanShift,-0.11,0.0926743722913351,0.0368018453527738
50,20,20,MeanShift,-0.108,0.0470484932415183,0.0299835256033262
5000,20,20,Birch,-0.128,0,0
5000,20,20,Birch,-0.126,0,0
5000,20,20,Birch,-0.124,0,0
5000,20,20,Birch,-0.122,0,0
5000,20,20,Birch,-0.12,0,0
5000,20,20,Birch,-0.118,0,0
5000,20,20,Birch,-0.116,0,0
5000,20,20,Birch,-0.114,0.166666666666666,0.166666666666667
5000,20,20,Birch,-0.112,0.25,0.25
5000,20,20,Birch,-0.11,0.2,0.2
5000,20,20,Birch,-0.108,0.25,0.25
1000,20,20,Birch,-0.128,0,0
1000,20,20,Birch,-0.126,0,0
1000,20,20,Birch,-0.124,0,0
1000,20,20,Birch,-0.122,0,0
1000,20,20,Birch,-0.12,0,0
1000,20,20,Birch,-0.118,0,0
1000,20,20,Birch,-0.116,0,0
1000,20,20,Birch,-0.114,0,0
1000,20,20,Birch,-0.112,0,0
1000,20,20,Birch,-0.11,0,0
1000,20,20,Birch,-0.108,0,0
500,20,20,Birch,-0.128,0,0
500,20,20,Birch,-0.126,0,0
500,20,20,Birch,-0.124,0,0
500,20,20,Birch,-0.122,0,0
500,20,20,Birch,-0.12,0,0
500,20,20,Birch,-0.118,0,0
500,20,20,Birch,-0.116,0,0
500,20,20,Birch,-0.114,0,0
500,20,20,Birch,-0.112,0,0
500,20,20,Birch,-0.11,0,0
500,20,20,Birch,-0.108,0,0
250,20,20,Birch,-0.128,0,0
250,20,20,Birch,-0.126,0,0
250,20,20,Birch,-0.124,0,0
250,20,20,Birch,-0.122,0,0
250,20,20,Birch,-0.12,0,0
250,20,20,Birch,-0.118,0,0
250,20,20,Birch,-0.116,0,0
250,20,20,Birch,-0.114,0,0
250,20,20,Birch,-0.112,0,0
250,20,20,Birch,-0.11,0,0
250,20,20,Birch,-0.108,0,0
100,20,20,Birch,-0.128,0,0
100,20,20,Birch,-0.126,0,0
100,20,20,Birch,-0.124,0,0
100,20,20,Birch,-0.122,0,0
100,20,20,Birch,-0.12,0,0
100,20,20,Birch,-0.118,0,0
100,20,20,Birch,-0.116,0,0
100,20,20,Birch,-0.114,0,0
100,20,20,Birch,-0.112,0,0
100,20,20,Birch,-0.11,0,0
100,20,20,Birch,-0.108,0,0
50,20,20,Birch,-0.128,0,0
50,20,20,Birch,-0.126,0,0
50,20,20,Birch,-0.124,0,0
50,20,20,Birch,-0.122,0,0
50,20,20,Birch,-0.12,0,0
50,20,20,Birch,-0.118,0,0
50,20,20,Birch,-0.116,0,0
50,20,20,Birch,-0.114,0,0
50,20,20,Birch,-0.112,0,0
50,20,20,Birch,-0.11,0,0
50,20,20,Birch,-0.108,0,0
10,20,20,Birch,-0.128,0,0
10,20,20,Birch,-0.126,0,0
10,20,20,Birch,-0.124,0,0
10,20,20,Birch,-0.122,0,0
10,20,20,Birch,-0.12,0,0
10,20,20,Birch,-0.118,0,0
10,20,20,Birch,-0.116,0,0
10,20,20,Birch,-0.114,0,0
10,20,20,Birch,-0.112,0,0
10,20,20,Birch,-0.11,0,0
10,20,20,Birch,-0.108,0,0
5000,20,20,BayesianGMM,-0.128,0,0
5000,20,20,BayesianGMM,-0.126,0,0
5000,20,20,BayesianGMM,-0.124,0,0
5000,20,20,BayesianGMM,-0.122,0,0
5000,20,20,BayesianGMM,-0.12,0,0
5000,20,20,BayesianGMM,-0.118,0,0
5000,20,20,BayesianGMM,-0.116,0,0
5000,20,20,BayesianGMM,-0.114,0.35,0.2
5000,20,20,BayesianGMM,-0.112,0.3,0.0816496580927726
5000,20,20,BayesianGMM,-0.11,0.25,0.25
5000,20,20,BayesianGMM,-0.108,0.25,0.25
1000,20,20,BayesianGMM,-0.128,0,0
1000,20,20,BayesianGMM,-0.126,0,0
1000,20,20,BayesianGMM,-0.124,0,0
1000,20,20,BayesianGMM,-0.122,0,0
1000,20,20,BayesianGMM,-0.12,0,0
1000,20,20,BayesianGMM,-0.118,0,0
1000,20,20,BayesianGMM,-0.116,0,0
1000,20,20,BayesianGMM,-0.114,0,0
1000,20,20,BayesianGMM,-0.112,0,0
1000,20,20,BayesianGMM,-0.11,0,0
1000,20,20,BayesianGMM,-0.108,0,0
500,20,20,BayesianGMM,-0.128,0,0
500,20,20,BayesianGMM,-0.126,0,0
500,20,20,BayesianGMM,-0.124,0,0
500,20,20,BayesianGMM,-0.122,0,0
500,20,20,BayesianGMM,-0.12,0,0
500,20,20,BayesianGMM,-0.118,0,0
500,20,20,BayesianGMM,-0.116,0,0
500,20,20,BayesianGMM,-0.114,0,0
500,20,20,BayesianGMM,-0.112,0,0
500,20,20,BayesianGMM,-0.11,0,0
500,20,20,BayesianGMM,-0.108,0,0
250,20,20,BayesianGMM,-0.128,0,0
250,20,20,BayesianGMM,-0.126,0,0
250,20,20,BayesianGMM,-0.124,0,0
250,20,20,BayesianGMM,-0.122,0,0
250,20,20,BayesianGMM,-0.12,0,0
250,20,20,BayesianGMM,-0.118,0,0
250,20,20,BayesianGMM,-0.116,0,0
250,20,20,BayesianGMM,-0.114,0,0
250,20,20,BayesianGMM,-0.112,0,0
250,20,20,BayesianGMM,-0.11,0,0
250,20,20,BayesianGMM,-0.108,0,0
5000,12,12,KMeans,-0.128,0,0
5000,12,12,KMeans,-0.126,0,0
5000,12,12,KMeans,-0.124,0,0
5000,12,12,KMeans,-0.122,0,0
5000,12,12,KMeans,-0.12,0,0
5000,12,12,KMeans,-0.118,0,0
5000,12,12,KMeans,-0.116,0,0
5000,12,12,KMeans,-0.114,0.35,0.2
5000,12,12,KMeans,-0.112,0.3,0.0816496580927726
5000,12,12,KMeans,-0.11,0.25,0.25
5000,12,12,KMeans,-0.108,0.25,0.25
1000,12,12,KMeans,-0.128,0,0
1000,12,12,KMeans,-0.126,0,0
1000,12,12,KMeans,-0.124,0,0
1000,12,12,KMeans,-0.122,0,0
1000,12,12,KMeans,-0.12,0,0
1000,12,12,KMeans,-0.118,0,0
1000,12,12,KMeans,-0.116,0,0
1000,12,12,KMeans,-0.114,0.13134644101543,0.0722438354870423
1000,12,12,KMeans,-0.112,0.206884057971014,0.080363756341608
1000,12,12,KMeans,-0.11,0.201814882032668,0.147368421052632
1000,12,12,KMeans,-0.108,0.168308702791461,0.119047619047619
500,12,12,KMeans,-0.128,0,0
500,12,12,KMeans,-0.126,0,0
500,12,12,KMeans,-0.124,0,0
500,12,12,KMeans,-0.122,0,0
500,12,12,KMeans,-0.12,0,0
500,12,12,KMeans,-0.118,0,0
500,12,12,KMeans,-0.116,0,0
500,12,12,KMeans,-0.114,0.207478236049665,0.0752433687621934
500,12,12,KMeans,-0.112,0.228345129760701,0.034198581494435
500,12,12,KMeans,-0.11,0.247696653628857,0.114791925072287
500,12,12,KMeans,-0.108,0.28840833820378,0.0643678160919541
250,12,12,KMeans,-0.128,0,0
250,12,12,KMeans,-0.126,0,0
250,12,12,KMeans,-0.124,0,0
250,12,12,KMeans,-0.122,0,0
250,12,12,KMeans,-0.12,0,0
250,12,12,KMeans,-0.118,0,0
250,12,12,KMeans,-0.116,0,0
250,12,12,KMeans,-0.114,0.205834647478387,0.0777618976445836
250,12,12,KMeans,-0.112,0.279268561357127,0.0320613251820715
250,12,12,KMeans,-0.11,0.247830018083183,0.113165990560964
250,12,12,KMeans,-0.108,0.275207710202725,0.0661016949152542
100,12,12,KMeans,-0.128,0,0
100,12,12,KMeans,-0.126,0,0
100,12,12,KMeans,-0.124,0,0
100,12,12,KMeans,-0.122,0,0
100,12,12,KMeans,-0.12,0,0
100,12,12,KMeans,-0.118,0,0
100,12,12,KMeans,-0.116,0,0
100,12,12,KMeans,-0.114,0.223771461928977,0.0770484962734517
100,12,12,KMeans,-0.112,0.279117196209588,0.0302165033130552
100,12,12,KMeans,-0.11,0.258619855128485,0.117422649364908
100,12,12,KMeans,-0.108,0.298558805264379,0.0646085011185683
50,12,12,KMeans,-0.128,0,0
50,12,12,KMeans,-0.126,0,0
50,12,12,KMeans,-0.124,0,0
50,12,12,KMeans,-0.122,0,0
50,12,12,KMeans,-0.12,0,0
50,12,12,KMeans,-0.118,0,0
50,12,12,KMeans,-0.116,0,0
50,12,12,KMeans,-0.114,0.220363829708835,0.0751729304349279
50,12,12,KMeans,-0.112,0.277194743032498,0.0324471160938908
50,12,12,KMeans,-0.11,0.254068351178447,0.121700039383962
50,12,12,KMeans,-0.108,0.280844895710614,0.0705072463768116
10,12,12,KMeans,-0.128,0,0
10,12,12,KMeans,-0.126,0,0
10,12,12,KMeans,-0.124,0,0
10,12,12,KMeans,-0.122,0,0
10,12,12,KMeans,-0.12,0,0
10,12,12,KMeans,-0.118,0,0
10,12,12,KMeans,-0.116,0,0
10,12,12,KMeans,-0.114,0.214867182663474,0.0744627408948364
10,12,12,KMeans,-0.112,0.275713013077379,0.0323964945928223
10,12,12,KMeans,-0.11,0.25174659359245,0.123237796348853
10,12,12,KMeans,-0.108,0.273882557546608,0.0721102957527241
1,12,12,KMeans,-0.128,0,0
1,12,12,KMeans,-0.126,0,0
1,12,12,KMeans,-0.124,0,0
1,12,12,KMeans,-0.122,0,0
1,12,12,KMeans,-0.12,0,0
1,12,12,KMeans,-0.118,0,0
1,12,12,KMeans,-0.116,0,0
1,12,12,KMeans,-0.114,0.214965132400253,0.0739258980280823
1,12,12,KMeans,-0.112,0.276505833587246,0.0323985501413507
1,12,12,KMeans,-0.11,0.252773329866367,0.123298457958142
1,12,12,KMeans,-0.108,0.274540954142953,0.0716122585950175
5000,12,12,Agglomerative,-0.128,0,0
5000,12,12,Agglomerative,-0.126,0,0
5000,12,12,Agglomerative,-0.124,0,0
5000,12,12,Agglomerative,-0.122,0,0
5000,12,12,Agglomerative,-0.12,0,0
5000,12,12,Agglomerative,-0.118,0,0
5000,12,12,Agglomerative,-0.116,0,0
5000,12,12,Agglomerative,-0.114,0,0
5000,12,12,Agglomerative,-0.112,0.25,0.25
5000,12,12,Agglomerative,-0.11,0,0
5000,12,12,Agglomerative,-0.108,0,0
1000,12,12,Agglomerative,-0.128,0,0
1000,12,12,Agglomerative,-0.126,0,0
1000,12,12,Agglomerative,-0.124,0,0
1000,12,12,Agglomerative,-0.122,0,0
1000,12,12,Agglomerative,-0.12,0,0
1000,12,12,Agglomerative,-0.118,0,0
1000,12,12,Agglomerative,-0.116,0,0
1000,12,12,Agglomerative,-0.114,0,0
1000,12,12,Agglomerative,-0.112,0,0
1000,12,12,Agglomerative,-0.11,0,0
1000,12,12,Agglomerative,-0.108,0,0
500,12,12,Agglomerative,-0.128,0,0
500,12,12,Agglomerative,-0.126,0,0
500,12,12,Agglomerative,-0.124,0,0
500,12,12,Agglomerative,-0.122,0,0
500,12,12,Agglomerative,-0.12,0,0
500,12,12,Agglomerative,-0.118,0,0
500,12,12,Agglomerative,-0.116,0,0
500,12,12,Agglomerative,-0.114,0,0
500,12,12,Agglomerative,-0.112,0,0
500,12,12,Agglomerative,-0.11,0,0
500,12,12,Agglomerative,-0.108,0,0
250,12,12,Agglomerative,-0.128,0,0
250,12,12,Agglomerative,-0.126,0,0
250,12,12,Agglomerative,-0.124,0,0
250,12,12,Agglomerative,-0.122,0,0
250,12,12,Agglomerative,-0.12,0,0
250,12,12,Agglomerative,-0.118,0,0
250,12,12,Agglomerative,-0.116,0,0
250,12,12,Agglomerative,-0.114,0,0
250,12,12,Agglomerative,-0.112,0,0
250,12,12,Agglomerative,-0.11,0,0
250,12,12,Agglomerative,-0.108,0,0
100,12,12,Agglomerative,-0.128,0,0
100,12,12,Agglomerative,-0.126,0,0
100,12,12,Agglomerative,-0.124,0,0
100,12,12,Agglomerative,-0.122,0,0
100,12,12,Agglomerative,-0.12,0,0
100,12,12,Agglomerative,-0.118,0,0
100,12,12,Agglomerative,-0.116,0,0
100,12,12,Agglomerative,-0.114,0,0
100,12,12,Agglomerative,-0.112,0,0
100,12,12,Agglomerative,-0.11,0,0
100,12,12,Agglomerative,-0.108,0,0
50,12,12,Agglomerative,-0.128,0,0
50,12,12,Agglomerative,-0.126,0,0
50,12,12,Agglomerative,-0.124,0,0
50,12,12,Agglomerative,-0.122,0,0
50,12,12,Agglomerative,-0.12,0,0
50,12,12,Agglomerative,-0.118,0,0
50,12,12,Agglomerative,-0.116,0,0
50,12,12,Agglomerative,-0.114,0,0
50,12,12,Agglomerative,-0.112,0,0
50,12,12,Agglomerative,-0.11,0,0
50,12,12,Agglomerative,-0.108,0,0
10,12,12,Agglomerative,-0.128,0,0
10,12,12,Agglomerative,-0.126,0,0
10,12,12,Agglomerative,-0.124,0,0
10,12,12,Agglomerative,-0.122,0,0
10,12,12,Agglomerative,-0.12,0,0
10,12,12,Agglomerative,-0.118,0,0
10,12,12,Agglomerative,-0.116,0,0
10,12,12,Agglomerative,-0.114,0,0
10,12,12,Agglomerative,-0.112,0,0
10,12,12,Agglomerative,-0.11,0,0
10,12,12,Agglomerative,-0.108,0,0
5000,12,12,Spectral,-0.128,0,0
5000,12,12,Spectral,-0.126,0,0
5000,12,12,Spectral,-0.124,0,0
5000,12,12,Spectral,-0.122,0,0
5000,12,12,Spectral,-0.12,0,0
5000,12,12,Spectral,-0.118,0,0
5000,12,12,Spectral,-0.116,0,0
5000,12,12,Spectral,-0.114,0,0
5000,12,12,Spectral,-0.112,0,0
5000,12,12,Spectral,-0.11,0,0
5000,12,12,Spectral,-0.108,0,0
1000,12,12,Spectral,-0.128,0,0
1000,12,12,Spectral,-0.126,0,0
1000,12,12,Spectral,-0.124,0,0
1000,12,12,Spectral,-0.122,0,0
1000,12,12,Spectral,-0.12,0,0
1000,12,12,Spectral,-0.118,0,0
1000,12,12,Spectral,-0.116,0,0
1000,12,12,Spectral,-0.114,0,0
1000,12,12,Spectral,-0.112,0,0
1000,12,12,Spectral,-0.11,0,0
1000,12,12,Spectral,-0.108,0,0
500,12,12,Spectral,-0.128,0,0
500,12,12,Spectral,-0.126,0,0
500,12,12,Spectral,-0.124,0,0
500,12,12,Spectral,-0.122,0,0
500,12,12,Spectral,-0.12,0,0
500,12,12,Spectral,-0.118,0,0
500,12,12,Spectral,-0.116,0,0
500,12,12,Spectral,-0.114,0,0
500,12,12,Spectral,-0.112,0,0
500,12,12,Spectral,-0.11,0,0
500,12,12,Spectral,-0.108,0,0
250,12,12,Spectral,-0.128,0,0
250,12,12,Spectral,-0.126,0,0
250,12,12,Spectral,-0.124,0,0
250,12,12,Spectral,-0.122,0,0
250,12,12,Spectral,-0.12,0,0
250,12,12,Spectral,-0.118,0,0
250,12,12,Spectral,-0.116,0,0
250,12,12,Spectral,-0.114,0,0
250,12,12,Spectral,-0.112,0,0
250,12,12,Spectral,-0.11,0,0
250,12,12,Spectral,-0.108,0,0
100,12,12,Spectral,-0.128,0,0
100,12,12,Spectral,-0.126,0,0
100,12,12,Spectral,-0.124,0,0
100,12,12,Spectral,-0.122,0,0
100,12,12,Spectral,-0.12,0,0
100,12,12,Spectral,-0.118,0,0
100,12,12,Spectral,-0.116,0,0
100,12,12,Spectral,-0.114,0,0
100,12,12,Spectral,-0.112,0,0
100,12,12,Spectral,-0.11,0,0
100,12,12,Spectral,-0.108,0,0
50,12,12,Spectral,-0.128,0,0
50,12,12,Spectral,-0.126,0,0
50,12,12,Spectral,-0.124,0,0
50,12,12,Spectral,-0.122,0,0
50,12,12,Spectral,-0.12,0,0
50,12,12,Spectral,-0.118,0,0
50,12,12,Spectral,-0.116,0,0
50,12,12,Spectral,-0.114,0,0
50,12,12,Spectral,-0.112,0,0
50,12,12,Spectral,-0.11,0,0
50,12,12,Spectral,-0.108,0,0
5000,12,12,GaussianMixture,-0.128,0,0
5000,12,12,GaussianMixture,-0.126,0,0
5000,12,12,GaussianMixture,-0.124,0,0
5000,12,12,GaussianMixture,-0.122,0,0
5000,12,12,GaussianMixture,-0.12,0,0
5000,12,12,GaussianMixture,-0.118,0,0
5000,12,12,GaussianMixture,-0.116,0,0
5000,12,12,GaussianMixture,-0.114,0.35,0.2
5000,12,12,GaussianMixture,-0.112,0.3,0.0816496580927726
5000,12,12,GaussianMixture,-0.11,0.25,0.25
5000,12,12,GaussianMixture,-0.108,0.25,0.25
1000,12,12,GaussianMixture,-0.128,0,0
1000,12,12,GaussianMixture,-0.126,0,0
1000,12,12,GaussianMixture,-0.124,0,0
1000,12,12,GaussianMixture,-0.122,0,0
1000,12,12,GaussianMixture,-0.12,0,0
1000,12,12,GaussianMixture,-0.118,0,0
1000,12,12,GaussianMixture,-0.116,0,0
1000,12,12,GaussianMixture,-0.114,0,0
1000,12,12,GaussianMixture,-0.112,0,0
1000,12,12,GaussianMixture,-0.11,0,0
1000,12,12,GaussianMixture,-0.108,0,0
500,12,12,GaussianMixture,-0.128,0,0
500,12,12,GaussianMixture,-0.126,0,0
500,12,12,GaussianMixture,-0.124,0,0
500,12,12,GaussianMixture,-0.122,0,0
500,12,12,GaussianMixture,-0.12,0,0
500,12,12,GaussianMixture,-0.118,0,0
500,12,12,GaussianMixture,-0.116,0,0
500,12,12,GaussianMixture,-0.114,0,0
500,12,12,GaussianMixture,-0.112,0,0
500,12,12,GaussianMixture,-0.11,0,0
500,12,12,GaussianMixture,-0.108,0,0
250,12,12,GaussianMixture,-0.128,0,0
250,12,12,GaussianMixture,-0.126,0,0
250,12,12,GaussianMixture,-0.124,0,0
250,12,12,GaussianMixture,-0.122,0,0
250,12,12,GaussianMixture,-0.12,0,0
250,12,12,GaussianMixture,-0.118,0,0
250,12,12,GaussianMixture,-0.116,0,0
250,12,12,GaussianMixture,-0.114,0,0
250,12,12,GaussianMixture,-0.112,0,0
250,12,12,GaussianMixture,-0.11,0,0
250,12,12,GaussianMixture,-0.108,0,0
5000,12,12,MeanShift,-0.128,0,0
5000,12,12,MeanShift,-0.126,0,0
5000,12,12,MeanShift,-0.124,0,0
5000,12,12,MeanShift,-0.122,0,0
5000,12,12,MeanShift,-0.12,0,0
5000,12,12,MeanShift,-0.118,0,0
5000,12,12,MeanShift,-0.116,0,0
5000,12,12,MeanShift,-0.114,0.111111111111111,0.111111111111111
5000,12,12,MeanShift,-0.112,0.366666666666667,0.166666666666667
5000,12,12,MeanShift,-0.11,0.2,0.2
5000,12,12,MeanShift,-0.108,0.25,0.25
1000,12,12,MeanShift,-0.128,0,0
1000,12,12,MeanShift,-0.126,0,0
1000,12,12,MeanShift,-0.124,0,0
1000,12,12,MeanShift,-0.122,0,0
1000,12,12,MeanShift,-0.12,0,0
1000,12,12,MeanShift,-0.118,0,0
1000,12,12,MeanShift,-0.116,0,0
1000,12,12,MeanShift,-0.114,0.134460486322188,0.0757824827640105
1000,12,12,MeanShift,-0.112,0.1625,0.0719844441812371
1000,12,12,MeanShift,-0.11,0.116666666666667,0.07319250547114
1000,12,12,MeanShift,-0.108,0.159261790840738,0.0734492619107042
500,12,12,MeanShift,-0.128,0,0
500,12,12,MeanShift,-0.126,0,0
500,12,12,MeanShift,-0.124,0,0
500,12,12,MeanShift,-0.122,0,0
500,12,12,MeanShift,-0.12,0,0
500,12,12,MeanShift,-0.118,0,0
500,12,12,MeanShift,-0.116,0,0
500,12,12,MeanShift,-0.114,0.122104832104832,0.0753705237542245
500,12,12,MeanShift,-0.112,0.11890955588266,0.0620701825404346
500,12,12,MeanShift,-0.11,0.0877016129032258,0.0453712656569313
500,12,12,MeanShift,-0.108,0.0787193745970342,0.0423208233958022
250,12,12,MeanShift,-0.128,0,0
250,12,12,MeanShift,-0.126,0,0
250,12,12,MeanShift,-0.124,0,0
250,12,12,MeanShift,-0.122,0,0
250,12,12,MeanShift,-0.12,0,0
250,12,12,MeanShift,-0.118,0,0
250,12,12,MeanShift,-0.116,0,0
250,12,12,MeanShift,-0.114,0.130261711240768,0.0764762376640975
250,12,12,MeanShift,-0.112,0.117899787970092,0.0624959697457818
250,12,12,MeanShift,-0.11,0.0641047155563015,0.0330965664184702
250,12,12,MeanShift,-0.108,0.0621005246942138,0.034606132798902
100,12,12,MeanShift,-0.128,0,0
100,12,12,MeanShift,-0.126,0,0
100,12,12,MeanShift,-0.124,0,0
100,12,12,MeanShift,-0.122,0,0
100,12,12,MeanShift,-0.12,0,0
100,12,12,MeanShift,-0.118,0,0
100,12,12,MeanShift,-0.116,0,0
100,12,12,MeanShift,-0.114,0.118191591739629,0.071519893992745
100,12,12,MeanShift,-0.112,0.111799430567816,0.0647707578615689
100,12,12,MeanShift,-0.11,0.0850371005107955,0.033196044120847
100,12,12,MeanShift,-0.108,0.0510237975167248,0.0312911279408864
50,12,12,MeanShift,-0.128,0,0
50,12,12,MeanShift,-0.126,0,0
50,12,12,MeanShift,-0.124,0,0
50,12,12,MeanShift,-0.122,0,0
50,12,12,MeanShift,-0.12,0,0
50,12,12,MeanShift,-0.118,0,0
50,12,12,MeanShift,-0.116,0,0
50,12,12,MeanShift,-0.114,0.11501204408681,0.0673457328051957
50,12,12,MeanShift,-0.112,0.110744961036631,0.0605280487489796
50,12,12,MeanShift,-0.11,0.079966605821599,0.0339425109914215
50,12,12,MeanShift,-0.108,0.0454811426581895,0.0292322975726181
10,12,12,MeanShift,-0.128,0,0
10,12,12,MeanShift,-0.126,0,0
10,12,12,MeanShift,-0.124,0,0
10,12,12,MeanShift,-0.122,0,0
10,12,12,MeanShift,-0.12,0,0
10,12,12,MeanShift,-0.118,0,0
10,12,12,MeanShift,-0.116,0,0
10,12,12,MeanShift,-0.114,0.112950714026508,0.0681525277880319
10,12,12,MeanShift,-0.112,0.112024614231667,0.0582400842802747
10,12,12,MeanShift,-0.11,0.0767745025492023,0.0317669219032495
10,12,12,MeanShift,-0.108,0.0454429026359671,0.0286406777534265
5000,12,12,Birch,-0.128,0,0
5000,12,12,Birch,-0.126,0,0
5000,12,12,Birch,-0.124,0,0
5000,12,12,Birch,-0.122,0,0
5000,12,12,Birch,-0.12,0,0
5000,12,12,Birch,-0.118,0,0
5000,12,12,Birch,-0.116,0,0
5000,12,12,Birch,-0.114,0,0
5000,12,12,Birch,-0.112,0.25,0.25
5000,12,12,Birch,-0.11,0,0
5000,12,12,Birch,-0.108,0,0
1000,12,12,Birch,-0.128,0,0
1000,12,12,Birch,-0.126,0,0
1000,12,12,Birch,-0.124,0,0
1000,12,12,Birch,-0.122,0,0
1000,12,12,Birch,-0.12,0,0
1000,12,12,Birch,-0.118,0,0
1000,12,12,Birch,-0.116,0,0
1000,12,12,Birch,-0.114,0,0
1000,12,12,Birch,-0.112,0,0
1000,12,12,Birch,-0.11,0,0
1000,12,12,Birch,-0.108,0,0
500,12,12,Birch,-0.128,0,0
500,12,12,Birch,-0.126,0,0
500,12,12,Birch,-0.124,0,0
500,12,12,Birch,-0.122,0,0
500,12,12,Birch,-0.12,0,0
500,12,12,Birch,-0.118,0,0
500,12,12,Birch,-0.116,0,0
500,12,12,Birch,-0.114,0,0
500,12,12,Birch,-0.112,0,0
500,12,12,Birch,-0.11,0,0
500,12,12,Birch,-0.108,0,0
250,12,12,Birch,-0.128,0,0
250,12,12,Birch,-0.126,0,0
250,12,12,Birch,-0.124,0,0
250,12,12,Birch,-0.122,0,0
250,12,12,Birch,-0.12,0,0
250,12,12,Birch,-0.118,0,0
250,12,12,Birch,-0.116,0,0
250,12,12,Birch,-0.114,0,0
250,12,12,Birch,-0.112,0,0
250,12,12,Birch,-0.11,0,0
250,12,12,Birch,-0.108,0,0
100,12,12,Birch,-0.128,0,0
100,12,12,Birch,-0.126,0,0
100,12,12,Birch,-0.124,0,0
100,12,12,Birch,-0.122,0,0
100,12,12,Birch,-0.12,0,0
100,12,12,Birch,-0.118,0,0
100,12,12,Birch,-0.116,0,0
100,12,12,Birch,-0.114,0,0
100,12,12,Birch,-0.112,0,0
100,12,12,Birch,-0.11,0,0
100,12,12,Birch,-0.108,0,0
50,12,12,Birch,-0.128,0,0
50,12,12,Birch,-0.126,0,0
50,12,12,Birch,-0.124,0,0
50,12,12,Birch,-0.122,0,0
50,12,12,Birch,-0.12,0,0
50,12,12,Birch,-0.118,0,0
50,12,12,Birch,-0.116,0,0
50,12,12,Birch,-0.114,0,0
50,12,12,Birch,-0.112,0,0
50,12,12,Birch,-0.11,0,0
50,12,12,Birch,-0.108,0,0
10,12,12,Birch,-0.128,0,0
10,12,12,Birch,-0.126,0,0
10,12,12,Birch,-0.124,0,0
10,12,12,Birch,-0.122,0,0
10,12,12,Birch,-0.12,0,0
10,12,12,Birch,-0.118,0,0
10,12,12,Birch,-0.116,0,0
10,12,12,Birch,-0.114,0,0
10,12,12,Birch,-0.112,0,0
10,12,12,Birch,-0.11,0,0
10,12,12,Birch,-0.108,0,0
5000,12,12,BayesianGMM,-0.128,0,0
5000,12,12,BayesianGMM,-0.126,0,0
5000,12,12,BayesianGMM,-0.124,0,0
5000,12,12,BayesianGMM,-0.122,0,0
5000,12,12,BayesianGMM,-0.12,0,0
5000,12,12,BayesianGMM,-0.118,0,0
5000,12,12,BayesianGMM,-0.116,0,0
5000,12,12,BayesianGMM,-0.114,0.34999999987569,0.199999999928965
5000,12,12,BayesianGMM,-0.112,0.249999977575743,0.249999977575743
5000,12,12,BayesianGMM,-0.11,0.25,0.25
5000,12,12,BayesianGMM,-0.108,0.249999939044557,0.249999939044557
1000,12,12,BayesianGMM,-0.128,0,0
1000,12,12,BayesianGMM,-0.126,0,0
1000,12,12,BayesianGMM,-0.124,0,0
1000,12,12,BayesianGMM,-0.122,0,0
1000,12,12,BayesianGMM,-0.12,0,0
1000,12,12,BayesianGMM,-0.118,0,0
1000,12,12,BayesianGMM,-0.116,0,0
1000,12,12,BayesianGMM,-0.114,0,0
1000,12,12,BayesianGMM,-0.112,0,0
1000,12,12,BayesianGMM,-0.11,0,0
1000,12,12,BayesianGMM,-0.108,0,0
500,12,12,BayesianGMM,-0.128,0,0
500,12,12,BayesianGMM,-0.126,0,0
500,12,12,BayesianGMM,-0.124,0,0
500,12,12,BayesianGMM,-0.122,0,0
500,12,12,BayesianGMM,-0.12,0,0
500,12,12,BayesianGMM,-0.118,0,0
500,12,12,BayesianGMM,-0.116,0,0
500,12,12,BayesianGMM,-0.114,0,0
500,12,12,BayesianGMM,-0.112,0,0
500,12,12,BayesianGMM,-0.11,0,0
500,12,12,BayesianGMM,-0.108,0,0
250,12,12,BayesianGMM,-0.128,0,0
250,12,12,BayesianGMM,-0.126,0,0
250,12,12,BayesianGMM,-0.124,0,0
250,12,12,BayesianGMM,-0.122,0,0
250,12,12,BayesianGMM,-0.12,0,0
250,12,12,BayesianGMM,-0.118,0,0
250,12,12,BayesianGMM,-0.116,0,0
250,12,12,BayesianGMM,-0.114,0,0
250,12,12,BayesianGMM,-0.112,0,0
250,12,12,BayesianGMM,-0.11,0,0
250,12,12,BayesianGMM,-0.108,0,0
