stride,feature_set,n_features,model,Delta_crit,Delta_crit_err,Delta_close,N_Delta,runtime_model,runtime_jackknife_mean,runtime_jackknife_chi,summary_mean_time,summary_chi_time,runtime_delta_crit,runtime_total
5000,30,30,KMeans,-0.127,0,-0.112,11,0.166,0.017,0.018,0.0085,0.0077,0.00039,0.217
1000,30,30,KMeans,-0.127,0,-0.112,11,0.137,0.142,0.272,0.0093,0.0074,0.00038,0.568
500,30,30,KMeans,-0.127,0,-0.112,11,0.17,0.301,0.681,0.0096,0.0077,0.00024,1.169
250,30,30,KMeans,-0.127,0,-0.112,11,0.148,0.461,0.975,0.0074,0.0071,0.00022,1.599
100,30,30,KMeans,-0.127,0,-0.112,11,0.171,0.514,0.96,0.0084,0.0075,0.00024,1.661
50,30,30,KMeans,-0.127,0,-0.112,11,0.192,0.493,1.021,0.0083,0.0086,0.00024,1.723
10,30,30,KMeans,-0.127,0,-0.112,11,0.216,0.642,1.39,0.0083,0.0079,0.00024,2.263
1,30,30,KMeans,-0.127,0,-0.112,11,0.46,1.99,4.245,0.0086,0.0079,0.00025,6.711
5000,30,30,Agglomerative,-0.127,0,-0.128,11,0.059,0.013,0.02,0.0082,0.0078,0.00026,0.108
1000,30,30,Agglomerative,-0.127,0,-0.128,11,0.064,0.15,0.28,0.0073,0.007,0.00021,0.509
500,30,30,Agglomerative,-0.127,0,-0.128,11,0.085,0.322,0.665,0.0073,0.007,0.00022,1.087
250,30,30,Agglomerative,-0.127,0,-0.128,11,0.143,0.452,1.02,0.0082,0.0076,0.00023,1.632
100,30,30,Agglomerative,-0.127,0,-0.128,11,0.754,0.47,1.099,0.0082,0.0076,0.00023,2.339
50,30,30,Agglomerative,-0.127,0,-0.128,11,2.878,0.565,1.027,0.0074,0.0069,0.00021,4.484
10,30,30,Agglomerative,-0.127,0,-0.128,11,96.295,0.6,1.339,0.0175,0.0074,0.00187,98.261
5000,30,30,Spectral,-0.117,0,-0.128,11,0.191,0.013,0.013,0.0079,0.0077,0.00029,0.233
1000,30,30,Spectral,-0.127,0,-0.128,11,0.195,0.159,0.304,0.0081,0.0078,0.00026,0.674
500,30,30,Spectral,-0.117,0,-0.128,11,0.215,0.308,0.508,0.0079,0.0073,0.00023,1.047
250,30,30,Spectral,-0.127,0,-0.128,11,0.289,0.41,0.92,0.0074,0.007,0.00022,1.633
100,30,30,Spectral,-0.117,0,-0.128,11,0.719,0.464,0.549,0.008,0.0077,0.00024,1.748
50,30,30,Spectral,-0.127,0,-0.128,11,3.34,0.508,1.16,0.0082,0.0077,0.00023,5.024
5000,30,30,GaussianMixture,-0.127,0,-0.112,11,0.147,0.013,0.017,0.0079,0.0071,0.00021,0.193
1000,30,30,GaussianMixture,-0.127,0,-0.128,11,0.188,0.174,0.286,0.0077,0.0074,0.00022,0.664
500,30,30,GaussianMixture,-0.127,0,-0.128,11,0.282,0.33,0.714,0.0085,0.0077,0.00024,1.343
250,30,30,GaussianMixture,-0.127,0,-0.128,11,0.418,0.489,1.046,0.009,0.0088,0.00041,1.971
5000,30,30,MeanShift,-0.117,0,-0.11,11,0.258,0.013,0.016,0.0083,0.0078,0.00026,0.304
1000,30,30,MeanShift,-0.114666666666667,0.000283682106001879,-0.114,11,1.094,0.152,0.227,0.0091,0.0082,0.00025,1.491
500,30,30,MeanShift,-0.11473417721519,0.000214772945178478,-0.114,11,2.541,0.341,0.504,0.0083,0.0085,0.00025,3.403
250,30,30,MeanShift,-0.114726114649682,0.000237531440112044,-0.114,11,8.354,0.452,0.738,0.0081,0.0076,0.00024,9.56
100,30,30,MeanShift,-0.114711340206186,0.000226822338704482,-0.114,11,28.708,0.553,0.854,0.0094,0.0079,0.00035,30.133
50,30,30,MeanShift,-0.114714652956298,0.000220510694121445,-0.114,11,99.068,0.456,0.77,0.0077,0.0073,0.00024,100.309
5000,30,30,Birch,-0.127,0,-0.128,11,0.064,0.013,0.019,0.0081,0.0108,0.00025,0.114
1000,30,30,Birch,-0.127,0,-0.128,11,0.108,0.154,0.306,0.0079,0.0074,0.00023,0.583
500,30,30,Birch,-0.127,0,-0.128,11,0.168,0.338,0.771,0.0082,0.0079,0.00025,1.293
250,30,30,Birch,-0.127,0,-0.128,11,0.315,0.453,1.041,0.0081,0.0076,0.00024,1.824
100,30,30,Birch,-0.127,0,-0.128,11,1.226,0.451,1.062,0.0078,0.0075,0.00024,2.755
50,30,30,Birch,-0.127,0,-0.128,11,4.839,0.494,1.163,0.008,0.008,0.00024,6.512
10,30,30,Birch,-0.127,0,-0.128,11,158.534,0.69,1.65,0.0135,0.0082,0.00032,160.896
5000,30,30,BayesianGMM,-0.127,1.17034376489502E-67,-0.112,11,5.32,0.015,0.025,0.0082,0.0081,0.00024,5.377
1000,30,30,BayesianGMM,-0.127,0,-0.128,11,0.195,0.172,0.319,0.0092,0.0083,0.00026,0.703
500,30,30,BayesianGMM,-0.127,0,-0.128,11,0.248,0.351,0.755,0.0106,0.0078,0.00024,1.372
250,30,30,BayesianGMM,-0.127,0,-0.128,11,0.402,0.471,1.045,0.0081,0.0077,0.00024,1.934
5000,20,20,KMeans,-0.127,0,-0.112,11,0.167,0.024,0.03,0.0134,0.0123,0.00058,0.247
1000,20,20,KMeans,-0.127,0,-0.112,11,0.187,0.23,0.426,0.0128,0.0122,0.00037,0.868
500,20,20,KMeans,-0.127,0,-0.112,11,0.186,0.472,0.968,0.0128,0.0122,0.00036,1.651
250,20,20,KMeans,-0.127,0,-0.112,11,0.192,0.677,1.484,0.0126,0.012,0.00037,2.378
100,20,20,KMeans,-0.127,0,-0.112,11,0.19,0.681,1.557,0.0125,0.012,0.00036,2.453
50,20,20,KMeans,-0.127,0,-0.112,11,0.213,0.725,1.676,0.0125,0.0118,0.00035,2.638
10,20,20,KMeans,-0.127,0,-0.112,11,0.239,1.009,2.701,0.0133,0.0126,0.00042,3.975
1,20,20,KMeans,-0.127,0,-0.112,11,0.635,3.134,5.945,0.0082,0.0077,0.00024,9.731
5000,20,20,Agglomerative,-0.127,0,-0.114,11,0.05,0.012,0.017,0.0079,0.0076,0.00023,0.095
1000,20,20,Agglomerative,-0.127,0,-0.128,11,0.055,0.14,0.283,0.008,0.007,0.00021,0.493
500,20,20,Agglomerative,-0.127,0,-0.128,11,0.076,0.332,0.655,0.0082,0.0076,0.00024,1.079
250,20,20,Agglomerative,-0.127,0,-0.128,11,0.146,0.409,0.895,0.0076,0.007,0.00022,1.465
100,20,20,Agglomerative,-0.127,0,-0.128,11,0.687,0.441,1.089,0.0094,0.0099,0.00034,2.237
50,20,20,Agglomerative,-0.127,0,-0.128,11,2.879,0.464,1.005,0.0077,0.0072,0.00022,4.364
10,20,20,Agglomerative,-0.127,0,-0.128,11,91.257,0.604,1.351,0.0079,0.0074,0.00026,93.228
5000,20,20,Spectral,-0.127,0,-0.128,11,0.205,0.012,0.019,0.0085,0.0086,0.00023,0.253
1000,20,20,Spectral,-0.127,0,-0.128,11,0.189,0.154,0.311,0.008,0.0075,0.00022,0.669
500,20,20,Spectral,-0.127,0,-0.128,11,0.223,0.315,0.653,0.0091,0.0184,0.00047,1.219
250,20,20,Spectral,-0.127,0,-0.128,11,0.315,0.439,0.964,0.0082,0.0076,0.00023,1.734
100,20,20,Spectral,-0.123,0,-0.128,11,0.911,0.442,0.689,0.008,0.0076,0.00024,2.059
50,20,20,Spectral,-0.127,0,-0.128,11,3.949,0.495,1.038,0.0079,0.0075,0.00022,5.497
5000,20,20,GaussianMixture,-0.127,0,-0.112,11,0.145,0.013,0.017,0.0087,0.0075,0.00022,0.191
1000,20,20,GaussianMixture,-0.127,0,-0.128,11,0.22,0.153,0.287,0.0087,0.0076,0.00023,0.677
500,20,20,GaussianMixture,-0.127,0,-0.128,11,0.202,0.298,0.64,0.008,0.0083,0.00023,1.157
250,20,20,GaussianMixture,-0.127,0,-0.128,11,0.268,0.396,0.822,0.0075,0.0071,0.00021,1.501
5000,20,20,MeanShift,-0.115,0,-0.112,11,0.397,0.018,0.02,0.0124,0.0118,0.00036,0.46
1000,20,20,MeanShift,-0.114857142857143,0.000129549722059734,-0.112,11,1.282,0.221,0.297,0.0125,0.0118,0.00037,1.825
500,20,20,MeanShift,-0.114863636363636,0.000122958478452874,-0.112,11,2.548,0.476,0.694,0.0126,0.0118,0.00037,3.743
250,20,20,MeanShift,-0.114850574712644,0.000131455600093358,-0.114,11,6.21,0.634,1.042,0.0125,0.012,0.00036,7.911
100,20,20,MeanShift,-0.114855835240275,0.000125774809682536,-0.112,11,17.857,0.419,0.675,0.0076,0.0069,0.00022,18.965
50,20,20,MeanShift,-0.114857142857143,0.000119544101359829,-0.112,11,51.763,0.442,0.729,0.0079,0.0071,0.00023,52.949
5000,20,20,Birch,-0.127,0,-0.114,11,0.058,0.012,0.018,0.0078,0.0075,0.00022,0.103
1000,20,20,Birch,-0.127,0,-0.128,11,0.101,0.136,0.268,0.0075,0.007,0.00021,0.519
500,20,20,Birch,-0.127,0,-0.128,11,0.169,0.293,0.614,0.0075,0.0072,0.00021,1.091
250,20,20,Birch,-0.127,0,-0.128,11,0.308,0.391,0.885,0.0075,0.007,0.00021,1.599
100,20,20,Birch,-0.127,0,-0.128,11,1.137,0.452,0.935,0.0074,0.0069,0.00021,2.539
50,20,20,Birch,-0.127,0,-0.128,11,3.971,0.448,0.99,0.0074,0.007,0.00025,5.424
10,20,20,Birch,-0.127,0,-0.128,11,130.416,0.571,1.27,0.0075,0.0071,0.00021,132.272
5000,20,20,BayesianGMM,-0.127,3.99333538743648E-56,-0.112,11,0.129,0.013,0.016,0.0074,0.007,0.00021,0.173
1000,20,20,BayesianGMM,-0.127,0,-0.128,11,0.181,0.131,0.251,0.0074,0.007,0.0002,0.577
500,20,20,BayesianGMM,-0.127,0,-0.128,11,0.197,0.286,0.572,0.0073,0.0068,0.0002,1.069
250,20,20,BayesianGMM,-0.127,0,-0.128,11,0.321,0.379,0.811,0.0074,0.0069,0.00025,1.526
5000,12,12,KMeans,-0.127,0,-0.112,11,0.165,0.015,0.025,0.0122,0.009,0.00029,0.226
1000,12,12,KMeans,-0.127,0,-0.112,11,0.199,0.196,0.37,0.0096,0.0091,0.00027,0.784
500,12,12,KMeans,-0.127,0,-0.112,11,0.186,0.401,0.839,0.0094,0.009,0.00028,1.445
250,12,12,KMeans,-0.127,0,-0.112,11,0.19,0.535,1.174,0.0084,0.0082,0.00027,1.916
100,12,12,KMeans,-0.127,0,-0.112,11,0.188,0.604,1.25,0.0089,0.0085,0.00026,2.06
50,12,12,KMeans,-0.127,0,-0.112,11,0.224,0.673,1.436,0.0099,0.0094,0.00029,2.353
10,12,12,KMeans,-0.127,0,-0.112,11,0.29,0.765,1.627,0.0095,0.0091,0.00028,2.702
1,12,12,KMeans,-0.127,0,-0.112,11,0.455,2.31,4.87,0.0102,0.0096,0.00029,7.655
5000,12,12,Agglomerative,-0.127,0,-0.112,11,0.072,0.016,0.024,0.0094,0.008,0.00025,0.129
1000,12,12,Agglomerative,-0.127,0,-0.128,11,0.087,0.235,0.336,0.0092,0.0086,0.00027,0.677
500,12,12,Agglomerative,-0.127,0,-0.128,11,0.079,0.428,0.837,0.01,0.0097,0.0003,1.364
250,12,12,Agglomerative,-0.127,0,-0.128,11,0.164,0.561,1.167,0.0092,0.0089,0.00028,1.911
100,12,12,Agglomerative,-0.127,0,-0.128,11,0.756,0.594,1.169,0.0101,0.0096,0.00029,2.539
50,12,12,Agglomerative,-0.127,0,-0.128,11,3.406,0.636,1.337,0.0096,0.0092,0.00028,5.397
10,12,12,Agglomerative,-0.127,0,-0.128,11,86.969,0.77,1.613,0.0093,0.0087,0.00027,89.37
5000,12,12,Spectral,-0.117,0,-0.128,11,0.202,0.016,0.015,0.0098,0.0113,0.0003,0.255
1000,12,12,Spectral,-0.127,0,-0.128,11,0.28,0.199,0.426,0.01,0.0095,0.00028,0.924
500,12,12,Spectral,-0.127,0,-0.128,11,0.301,0.396,0.88,0.0108,0.0098,0.0003,1.599
250,12,12,Spectral,-0.127,0,-0.128,11,0.374,0.591,1.299,0.0085,0.008,0.00025,2.281
100,12,12,Spectral,-0.123,0,-0.128,11,0.898,0.575,0.773,0.0089,0.0079,0.00024,2.263
50,12,12,Spectral,-0.127,0,-0.128,11,3.588,0.594,1.226,0.0092,0.0098,0.00037,5.428
5000,12,12,GaussianMixture,-0.127,0,-0.112,11,0.183,0.02,0.027,0.0105,0.0098,0.00029,0.251
1000,12,12,GaussianMixture,-0.127,1.24666688768918E-47,-0.128,11,0.266,0.202,0.375,0.0096,0.009,0.00026,0.862
500,12,12,GaussianMixture,-0.127,6.07736360394918E-45,-0.128,11,0.319,0.419,0.844,0.0097,0.0094,0.00029,1.602
250,12,12,GaussianMixture,-0.127,7.26210698336261E-46,-0.128,11,0.308,0.556,1.075,0.0084,0.0079,0.00025,1.955
5000,12,12,MeanShift,-0.114875,0.000140625,-0.112,11,0.357,0.015,0.016,0.0093,0.0089,0.00029,0.407
1000,12,12,MeanShift,-0.114829268292683,0.000134942980404596,-0.112,11,0.985,0.175,0.232,0.0096,0.0091,0.00029,1.411
500,12,12,MeanShift,-0.114850574712644,0.000124639729581935,-0.114,11,2.025,0.42,0.573,0.0095,0.009,0.0003,3.037
250,12,12,MeanShift,-0.114837209302326,0.000133849309581012,-0.114,11,4.713,0.564,0.947,0.0138,0.0122,0.00034,6.251
100,12,12,MeanShift,-0.114855835240275,0.000117431643828107,-0.114,11,13.888,0.588,1.002,0.0124,0.0127,0.00043,15.504
50,12,12,MeanShift,-0.114859749144812,0.000109798480843609,-0.114,11,36.047,0.608,1.021,0.0094,0.0085,0.00026,37.694
10,12,12,MeanShift,-0.114863378040464,0.000109598095772306,-0.112,11,662.664,0.729,1.163,0.0089,0.0084,0.00027,664.574
5000,12,12,Birch,-0.127,0,-0.112,11,0.064,0.026,0.026,0.01,0.0094,0.00029,0.136
1000,12,12,Birch,-0.127,0,-0.128,11,0.165,0.207,0.377,0.0101,0.0096,0.00029,0.768
500,12,12,Birch,-0.127,0,-0.128,11,0.23,0.417,0.861,0.01,0.0092,0.00029,1.527
250,12,12,Birch,-0.127,0,-0.128,11,0.379,0.5,1.071,0.0087,0.0082,0.00026,1.967
100,12,12,Birch,-0.127,0,-0.128,11,1.21,0.567,1.229,0.0089,0.0084,0.00026,3.023
50,12,12,Birch,-0.127,0,-0.128,11,4.516,0.644,1.379,0.0103,0.0093,0.00028,6.559
10,12,12,Birch,-0.127,0,-0.128,11,139.011,0.699,1.549,0.0089,0.0088,0.00024,141.278
5000,12,12,BayesianGMM,-0.127,4.46193957995961E-42,-0.114,11,4.172,0.023,0.025,0.009,0.0085,0.00026,4.238
1000,12,12,BayesianGMM,-0.127,4.26787633524034E-44,-0.128,11,0.2,0.187,0.337,0.0093,0.0084,0.00025,0.742
500,12,12,BayesianGMM,-0.127,4.88870217484791E-44,-0.128,11,0.35,0.383,0.814,0.0089,0.0085,0.00026,1.565
250,12,12,BayesianGMM,-0.127,1.03581958501111E-45,-0.128,11,0.262,0.559,1.145,0.01,0.0093,0.00027,1.985
