stride,feature_set,n_features,model,K0_crit,K0_crit_err,K0_close,N_K0,runtime_model,runtime_jackknife_mean,runtime_jackknife_chi,summary_mean_time,summary_chi_time,runtime_k0_crit,runtime_total
250,full_20,20,KMeans,4.838921651817282,0.005571703989896503,4.84,20,0.201,1.307,3.508,0.0242,0.0245,0.00086,5.065
100,full_20,20,KMeans,4.87,0.010321599074820187,4.87,20,0.231,1.389,3.754,0.0224,0.0217,0.00035,5.419
250,full_20,20,Agglomerative,,,,20,1.165,1.315,3.568,0.0231,0.0225,0.00019,6.093
100,full_20,20,Agglomerative,,,,20,7.785,1.399,3.781,0.0224,0.0236,0.00023,13.011
250,full_20,20,Spectral,,,,20,5.895,1.318,3.56,0.0229,0.0223,0.0002,10.819
100,full_20,20,Spectral,4.8658957025591505,0.005006237540848746,4.9,20,47.2,0.821,2.203,0.0131,0.0127,0.00022,50.249
250,full_20,20,Birch,,,,20,1.345,0.836,2.253,0.0146,0.014,0.00013,4.462
100,full_20,20,Birch,,,,20,8.005,0.911,2.431,0.0147,0.0139,0.00013,11.376
250,add_2,21,KMeans,4.777788736875596,0.0017577536716544431,4.78,20,0.17,0.78,1.774,0.0132,0.0128,0.00023,2.751
100,add_2,21,KMeans,4.779481206809372,0.0009036651119048971,4.78,20,0.193,0.838,1.94,0.0131,0.0128,0.00023,2.997
250,add_2,21,Agglomerative,4.770440165061898,0.002843671085895128,4.77,20,0.714,0.772,1.937,0.0133,0.0129,0.00024,3.451
100,add_2,21,Agglomerative,4.77052078774617,0.0018990849336941902,4.77,20,4.796,0.85,2.101,0.0133,0.0129,0.00023,7.773
250,add_2,21,Spectral,4.738994646044022,0.001504839022654136,4.74,20,2.076,0.767,1.927,0.0131,0.0129,0.00022,4.797
100,add_2,21,Spectral,4.7385627746763275,0.0007802188684773383,4.74,20,22.45,0.889,2.238,0.0142,0.0135,0.00024,25.605
250,add_2,21,Birch,4.770440165061898,0.002843671085895128,4.77,20,1.332,0.839,2.079,0.0142,0.0137,0.00024,4.278
100,add_2,21,Birch,4.77052078774617,0.0018990849336941902,4.77,20,8.006,0.917,2.345,0.015,0.0145,0.00026,11.298
250,add_5,21,KMeans,4.674146341463415,0.015256700075953084,4.87,20,0.178,0.852,2.289,0.0147,0.0139,0.00025,3.348
100,add_5,21,KMeans,4.79,0.010696095076399662,4.79,20,0.213,0.938,2.476,0.0146,0.0138,0.00023,3.656
250,add_5,21,Agglomerative,,,,20,0.844,0.809,2.17,0.014,0.0136,0.00016,3.85
100,add_5,21,Agglomerative,,,,20,5.735,0.911,2.468,0.0149,0.0142,0.00012,9.143
250,add_5,21,Spectral,4.833914188934888,0.004797830385594906,4.88,20,3.788,0.826,2.191,0.0139,0.0133,0.00024,6.831
100,add_5,21,Spectral,4.853113879003558,0.012505149601032422,4.85,20,62.175,0.831,2.188,0.0136,0.0128,0.00022,65.221
250,add_5,21,Birch,,,,20,1.328,0.782,2.076,0.0136,0.013,0.00012,4.212
100,add_5,21,Birch,,,,20,8.059,0.885,2.258,0.0135,0.0127,0.00011,11.227
250,add_12,21,KMeans,4.7,0.028204907447266697,4.7,20,0.178,0.775,2.052,0.0141,0.0129,0.00021,3.033
100,add_12,21,KMeans,,,,20,0.197,0.84,2.274,0.0133,0.0129,0.00012,3.337
250,add_12,21,Agglomerative,4.894330708661418,0.018823123714601302,4.9,20,0.787,0.807,2.141,0.0134,0.013,0.00023,3.762
100,add_12,21,Agglomerative,,,,20,5.214,0.934,2.562,0.0156,0.0157,0.00015,8.742
250,add_12,21,Spectral,,,,20,3.736,0.775,2.036,0.0129,0.0124,0.00011,6.572
100,add_12,21,Spectral,,,,20,36.711,0.836,2.211,0.0131,0.0126,0.00011,39.783
250,add_12,21,Birch,4.894330708661418,0.018823123714601302,4.9,20,1.337,0.757,2.017,0.0132,0.0128,0.00023,4.137
100,add_12,21,Birch,,,,20,7.588,0.84,2.182,0.0129,0.0133,0.00015,10.636
250,add_24,21,KMeans,4.6784283727399165,0.022451239068324476,4.85,20,0.171,0.813,2.186,0.014,0.0133,0.00024,3.197
100,add_24,21,KMeans,4.674297407912688,0.023023729466154674,4.85,20,0.187,0.886,2.377,0.0136,0.0133,0.00024,3.478
250,add_24,21,Agglomerative,4.8192267135325135,0.010673737451838925,4.82,20,0.785,0.783,2.081,0.0131,0.0127,0.00025,3.674
100,add_24,21,Agglomerative,4.835487664691838,0.0037553316185846963,4.85,20,5.182,0.849,2.234,0.0133,0.0127,0.00023,8.292
250,add_24,21,Spectral,,,,20,5.631,0.765,2.052,0.0131,0.0131,0.00011,8.474
100,add_24,21,Spectral,4.81620253164557,0.005387712740222229,4.83,20,54.785,0.829,2.237,0.0138,0.0132,0.00023,57.879
250,add_24,21,Birch,4.8192267135325135,0.010673737451838925,4.82,20,1.329,0.771,2.066,0.0133,0.0129,0.00023,4.192
100,add_24,21,Birch,4.835487664691838,0.0037553316185846963,4.85,20,8.095,0.844,2.239,0.0142,0.0131,0.00022,11.205
250,add_2_5,22,KMeans,4.779775849602314,0.0017887902121695046,4.78,20,0.165,0.819,1.84,0.0141,0.0135,0.00024,2.851
100,add_2_5,22,KMeans,4.782917023096664,0.0010570539457913839,4.78,20,0.181,0.89,2.049,0.0139,0.0135,0.00024,3.148
250,add_2_5,22,Agglomerative,4.794833174451859,0.0023614319392565634,4.79,20,0.708,0.774,1.8,0.0131,0.0127,0.00022,3.308
100,add_2_5,22,Agglomerative,4.785221530574881,0.0011260488907916776,4.79,20,4.72,0.873,2.067,0.0143,0.0136,0.00023,7.688
250,add_2_5,22,Spectral,4.738269463493344,0.0015608210269483264,4.74,20,2.391,0.755,1.89,0.0132,0.0125,0.00022,5.063
100,add_2_5,22,Spectral,4.739317432615862,0.0007451447921645139,4.74,20,23.048,0.892,2.238,0.0141,0.0136,0.00024,26.206
250,add_2_5,22,Birch,4.794833174451859,0.0023614319392565634,4.79,20,1.341,0.817,1.929,0.0141,0.0136,0.00025,4.115
100,add_2_5,22,Birch,4.785221530574881,0.0011260488907916776,4.79,20,7.777,0.886,2.13,0.0142,0.0138,0.00024,10.821
250,add_2_12,22,KMeans,4.777788736875596,0.0017577536716544431,4.78,20,0.166,0.825,1.911,0.0141,0.0139,0.00024,2.93
100,add_2_12,22,KMeans,4.779405572755418,0.0009289052920082806,4.78,20,0.184,0.846,1.977,0.0132,0.0128,0.00022,3.032
250,add_2_12,22,Agglomerative,4.782427440633246,0.002132741301804662,4.78,20,0.701,0.809,1.991,0.0144,0.0136,0.00024,3.53
100,add_2_12,22,Agglomerative,4.7972673719644146,0.0012511988223757708,4.79,20,4.677,0.867,2.166,0.0142,0.0137,0.00025,7.738
250,add_2_12,22,Spectral,4.737999067164179,0.0014200919873030254,4.74,20,1.827,0.811,2.058,0.0141,0.0136,0.00022,4.724
100,add_2_12,22,Spectral,4.739543694690266,0.0008305868070856568,4.74,20,19.53,0.898,2.308,0.0142,0.0137,0.00024,22.764
250,add_2_12,22,Birch,4.782427440633246,0.002132741301804662,4.78,20,1.314,0.819,2.025,0.0144,0.0138,0.00024,4.186
100,add_2_12,22,Birch,4.7972673719644146,0.0012511988223757708,4.79,20,7.796,0.887,2.171,0.0147,0.0165,0.00034,10.884
250,add_2_24,22,KMeans,4.7775374456434205,0.001580961411254783,4.78,20,0.172,0.82,1.883,0.0143,0.0136,0.00024,2.903
100,add_2_24,22,KMeans,4.779472230745628,0.0009164722352840124,4.78,20,0.2,0.893,2.091,0.0143,0.0135,0.00024,3.212
250,add_2_24,22,Agglomerative,4.776140144266156,0.001468151992049941,4.78,20,0.712,0.778,1.924,0.0132,0.0132,0.00023,3.44
100,add_2_24,22,Agglomerative,4.791805773561728,0.0015823748674034849,4.79,20,4.63,0.957,2.221,0.0132,0.0129,0.00023,7.833
250,add_2_24,22,Spectral,4.73984005468216,0.001953350351294157,4.74,20,2.072,0.819,1.956,0.0132,0.0127,0.00022,4.873
100,add_2_24,22,Spectral,4.739869765973401,0.0008010875844664815,4.74,20,23.076,0.876,2.109,0.0134,0.0127,0.00022,26.088
250,add_2_24,22,Birch,4.776140144266156,0.001468151992049941,4.78,20,1.346,0.832,2.053,0.0138,0.0134,0.00024,4.259
100,add_2_24,22,Birch,4.791805773561728,0.0015823748674034849,4.79,20,7.988,0.866,2.023,0.0131,0.0129,0.00022,10.903
250,add_5_12,22,KMeans,4.7,0.029486948694867673,4.7,20,0.171,0.779,2.046,0.0131,0.0147,0.0002,3.024
100,add_5_12,22,KMeans,,,,20,0.205,0.859,2.245,0.0139,0.0134,0.00012,3.336
250,add_5_12,22,Agglomerative,4.827513403854514,0.004666990409478875,4.83,20,0.783,0.779,2.085,0.0131,0.0129,0.00022,3.674
100,add_5_12,22,Agglomerative,4.671566482637635,0.007168396006019015,4.67,20,5.203,0.84,2.262,0.0136,0.0132,0.00023,8.333
250,add_5_12,22,Spectral,,,,20,2.973,0.777,2.077,0.0133,0.0128,0.00012,5.853
100,add_5_12,22,Spectral,,,,20,38.021,0.845,2.24,0.0134,0.0128,0.00012,41.131
250,add_5_12,22,Birch,4.827513403854514,0.004666990409478875,4.83,20,1.321,0.784,2.107,0.0133,0.0127,0.00023,4.238
100,add_5_12,22,Birch,4.671566482637635,0.007168396006019015,4.67,20,8.03,0.888,2.394,0.0143,0.0136,0.00024,11.34
250,add_5_24,22,KMeans,,,,20,0.173,0.824,2.241,0.0147,0.0138,0.00012,3.267
100,add_5_24,22,KMeans,,,,20,0.198,0.891,2.395,0.0142,0.0137,0.00012,3.511
250,add_5_24,22,Agglomerative,,,,20,0.779,0.815,2.204,0.0141,0.0137,0.00012,3.826
100,add_5_24,22,Agglomerative,,,,20,5.263,0.849,2.253,0.0138,0.0134,0.00012,8.392
250,add_5_24,22,Spectral,4.716092843326885,0.004969129026339039,4.88,20,4.636,0.784,2.086,0.0133,0.0128,0.00022,7.532
100,add_5_24,22,Spectral,4.817947122861587,0.0030237711454707337,4.82,20,54.784,0.906,2.219,0.0139,0.0134,0.00023,57.937
250,add_5_24,22,Birch,,,,20,1.339,0.861,2.184,0.0139,0.0134,0.00012,4.412
100,add_5_24,22,Birch,,,,20,8.028,0.887,2.363,0.0142,0.0137,0.00013,11.307
250,add_12_24,22,KMeans,4.684172123479888,0.017522161413430756,4.85,20,0.175,0.848,2.177,0.0139,0.0136,0.00024,3.228
100,add_12_24,22,KMeans,,,,20,0.199,0.897,2.408,0.0141,0.0137,0.00012,3.532
250,add_12_24,22,Agglomerative,,,,20,0.775,0.78,2.071,0.0132,0.013,0.00011,3.652
100,add_12_24,22,Agglomerative,4.6930819883796,0.012349396715816882,4.87,20,5.181,0.896,2.369,0.0139,0.0133,0.00024,8.473
250,add_12_24,22,Spectral,,,,20,2.62,0.821,2.199,0.014,0.0134,0.00012,5.667
100,add_12_24,22,Spectral,,,,20,45.53,0.898,2.376,0.014,0.0134,0.00012,48.831
250,add_12_24,22,Birch,,,,20,1.377,0.831,2.058,0.0141,0.0131,0.00011,4.293
100,add_12_24,22,Birch,4.6930819883796,0.012349396715816882,4.87,20,7.657,0.88,2.266,0.0137,0.0132,0.00022,10.83
250,add_2_5_12,23,KMeans,4.779883956347835,0.0018154165282364208,4.78,20,0.184,0.825,1.854,0.014,0.0134,0.00024,2.891
100,add_2_5_12,23,KMeans,4.782655246252677,0.001017557628502161,4.78,20,0.194,0.867,1.887,0.015,0.0146,0.00034,2.977
250,add_2_5_12,23,Agglomerative,4.78308135810378,0.0033086584913848724,4.78,20,0.724,0.8,1.905,0.0133,0.0129,0.00022,3.455
100,add_2_5_12,23,Agglomerative,4.777937338707339,0.0014385801608341924,4.78,20,4.77,0.875,2.147,0.0135,0.013,0.00023,7.819
250,add_2_5_12,23,Spectral,4.737440154440154,0.0016396756699204056,4.74,20,2.3,0.777,1.895,0.0131,0.0127,0.00023,4.998
100,add_2_5_12,23,Spectral,4.739729195793569,0.0008089273841286229,4.74,20,23.353,0.893,2.235,0.0142,0.0135,0.00023,26.508
250,add_2_5_12,23,Birch,4.78308135810378,0.0033086584913848724,4.78,20,1.343,0.802,2.01,0.0128,0.0131,0.00023,4.181
100,add_2_5_12,23,Birch,4.777937338707339,0.0014385801608341924,4.78,20,8.171,0.847,2.21,0.0138,0.0134,0.00025,11.255
250,add_2_5_24,23,KMeans,4.779773226042429,0.0018103470972325867,4.78,20,0.172,0.814,1.811,0.0138,0.0134,0.00023,2.823
100,add_2_5_24,23,KMeans,4.782864476386037,0.0010614378589938046,4.78,20,0.217,0.862,1.91,0.0134,0.0134,0.0003,3.016
250,add_2_5_24,23,Agglomerative,4.788076054216868,0.0027021430928632225,4.79,20,0.726,0.79,1.88,0.0132,0.013,0.00022,3.423
100,add_2_5_24,23,Agglomerative,4.800650887573965,0.001352067089794649,4.81,20,4.784,0.955,2.158,0.0138,0.0136,0.00024,7.924
250,add_2_5_24,23,Spectral,4.740645682001614,0.001301467386399143,4.74,20,2.491,0.838,2.075,0.0138,0.0134,0.00023,5.432
100,add_2_5_24,23,Spectral,4.742003281196715,0.0007943725436248119,4.74,20,28.202,0.904,2.25,0.0142,0.0134,0.00024,31.385
250,add_2_5_24,23,Birch,4.788076054216868,0.0027021430928632225,4.79,20,1.375,0.79,1.876,0.0133,0.0129,0.00023,4.068
100,add_2_5_24,23,Birch,4.800650887573965,0.001352067089794649,4.81,20,8.163,0.901,2.045,0.0132,0.0129,0.00023,11.136
250,add_2_12_24,23,KMeans,4.777511093810822,0.0016098299317203648,4.78,20,0.174,0.825,1.923,0.014,0.0137,0.00025,2.949
100,add_2_12_24,23,KMeans,4.7790885002649715,0.0008905986060312848,4.78,20,0.2,0.9,2.118,0.015,0.0134,0.00024,3.247
250,add_2_12_24,23,Agglomerative,4.797082222677876,0.002035360814067714,4.79,20,0.765,0.824,1.874,0.0142,0.0134,0.00024,3.492
100,add_2_12_24,23,Agglomerative,4.786260912265386,0.0012852174029684962,4.79,20,4.943,0.937,2.188,0.0139,0.0135,0.00024,8.096
250,add_2_12_24,23,Spectral,4.741936459909229,0.0012236201152064216,4.74,20,2.228,0.825,2.096,0.0143,0.0134,0.00024,5.176
100,add_2_12_24,23,Spectral,4.742334796173436,0.000819509402749989,4.74,20,27.149,0.932,2.23,0.0142,0.0136,0.00023,30.339
250,add_2_12_24,23,Birch,4.797082222677876,0.002035360814067714,4.79,20,1.348,0.834,1.863,0.0165,0.0146,0.00025,4.077
100,add_2_12_24,23,Birch,4.786260912265386,0.0012852174029684962,4.79,20,8.064,0.925,2.144,0.0139,0.0133,0.00024,11.161
250,add_5_12_24,23,KMeans,4.691081593927894,0.018718793409012172,4.87,20,0.172,0.824,2.197,0.0141,0.0135,0.00024,3.222
100,add_5_12_24,23,KMeans,,,,20,0.201,0.889,2.366,0.0141,0.0137,0.00012,3.484
250,add_5_12_24,23,Agglomerative,,,,20,0.794,0.851,2.196,0.0139,0.0135,0.00012,3.869
100,add_5_12_24,23,Agglomerative,,,,20,5.282,0.886,2.384,0.0139,0.0133,0.00012,8.579
250,add_5_12_24,23,Spectral,,,,20,3.446,0.766,2.039,0.0129,0.0125,0.00011,6.277
100,add_5_12_24,23,Spectral,,,,20,37.206,0.854,2.251,0.0134,0.0135,0.00012,40.338
250,add_5_12_24,23,Birch,,,,20,1.358,0.793,2.034,0.013,0.0125,0.00011,4.21
100,add_5_12_24,23,Birch,,,,20,8.006,0.926,2.387,0.0139,0.0133,0.00013,11.346
250,add_2_5_12_24,24,KMeans,4.78,0.0018074435525630985,4.78,20,0.179,0.832,1.855,0.0142,0.0134,0.00022,2.894
100,add_2_5_12_24,24,KMeans,4.782724734103429,0.0010149336188942852,4.78,20,0.217,0.899,2.035,0.0141,0.0136,0.00025,3.178
250,add_2_5_12_24,24,Agglomerative,4.7975299760191845,0.003168358566112242,4.79,20,0.739,0.857,1.93,0.0142,0.0138,0.00024,3.555
100,add_2_5_12_24,24,Agglomerative,4.779604210666356,0.0019852624930423684,4.78,20,4.784,0.887,2.249,0.014,0.0136,0.00023,7.947
250,add_2_5_12_24,24,Spectral,4.741543135458359,0.0012500058922515938,4.74,20,2.491,0.793,1.966,0.0134,0.0129,0.00022,5.276
100,add_2_5_12_24,24,Spectral,4.744001835102897,0.000807711247180899,4.74,20,25.16,0.926,2.207,0.0139,0.0133,0.00024,28.321
250,add_2_5_12_24,24,Birch,4.7975299760191845,0.003168358566112242,4.79,20,1.355,0.835,1.933,0.014,0.0135,0.00024,4.151
100,add_2_5_12_24,24,Birch,4.779604210666356,0.0019852624930423684,4.78,20,8.26,0.889,2.233,0.0141,0.0133,0.00024,11.41
