stride,feature_set,n_features,model,standardized,Delta,chi,chi_err
1,30,30,KMeans,False,-0.128,0,0
1,30,30,KMeans,False,-0.126,0,0
1,30,30,KMeans,False,-0.124,0,0
1,30,30,KMeans,False,-0.122,0,0
1,30,30,KMeans,False,-0.12,0,0
1,30,30,KMeans,False,-0.118,0,0
1,30,30,KMeans,False,-0.116,0,0
1,30,30,KMeans,False,-0.114,0,0
1,30,30,KMeans,False,-0.112,0.0109329730940405,0.0108071787870139
1,30,30,KMeans,False,-0.11,0,0
1,30,30,KMeans,False,-0.108,0,0
1,30,30,GaussianMixture,False,-0.128,0,0
1,30,30,GaussianMixture,False,-0.126,0,0
1,30,30,GaussianMixture,False,-0.124,0,0
1,30,30,GaussianMixture,False,-0.122,0,0
1,30,30,GaussianMixture,False,-0.12,0,0
1,30,30,GaussianMixture,False,-0.118,0,0
1,30,30,GaussianMixture,False,-0.116,0,0
1,30,30,GaussianMixture,False,-0.114,0,0
1,30,30,GaussianMixture,False,-0.112,0,0
1,30,30,GaussianMixture,False,-0.11,0,0
1,30,30,GaussianMixture,False,-0.108,0,0
1,30,30,MeanShift,False,-0.128,0,0
1,30,30,MeanShift,False,-0.126,0,0
1,30,30,MeanShift,False,-0.124,0,0
1,30,30,MeanShift,False,-0.122,0,0
1,30,30,MeanShift,False,-0.12,0,0
1,30,30,MeanShift,False,-0.118,0,0
1,30,30,MeanShift,False,-0.116,0,0
1,30,30,MeanShift,False,-0.114,0,0
1,30,30,MeanShift,False,-0.112,0.0112996278252906,0.0111652412801304
1,30,30,MeanShift,False,-0.11,0,0
1,30,30,MeanShift,False,-0.108,0,0
1,30,30,Birch,False,-0.128,0,0
1,30,30,Birch,False,-0.126,0,0
1,30,30,Birch,False,-0.124,0,0
1,30,30,Birch,False,-0.122,0,0
1,30,30,Birch,False,-0.12,0,0
1,30,30,Birch,False,-0.118,0,0
1,30,30,Birch,False,-0.116,0,0
1,30,30,Birch,False,-0.114,0,0
1,30,30,Birch,False,-0.112,0,0
1,30,30,Birch,False,-0.11,0,0
1,30,30,Birch,False,-0.108,0,0
1,30,30,BayesianGMM,False,-0.128,0,0
1,30,30,BayesianGMM,False,-0.126,0,0
1,30,30,BayesianGMM,False,-0.124,0,0
1,30,30,BayesianGMM,False,-0.122,0,0
1,30,30,BayesianGMM,False,-0.12,0,0
1,30,30,BayesianGMM,False,-0.118,0,0
1,30,30,BayesianGMM,False,-0.116,0,0
1,30,30,BayesianGMM,False,-0.114,0,0
1,30,30,BayesianGMM,False,-0.112,0,0
1,30,30,BayesianGMM,False,-0.11,0,0
1,30,30,BayesianGMM,False,-0.108,0,0
1,20,20,KMeans,False,-0.128,0,0
1,20,20,KMeans,False,-0.126,0,0
1,20,20,KMeans,False,-0.124,0,0
1,20,20,KMeans,False,-0.122,0,0
1,20,20,KMeans,False,-0.12,0,0
1,20,20,KMeans,False,-0.118,0,0
1,20,20,KMeans,False,-0.116,0,0
1,20,20,KMeans,False,-0.114,0,0
1,20,20,KMeans,False,-0.112,0.00876637714795603,0.00868556131928474
1,20,20,KMeans,False,-0.11,0,0
1,20,20,KMeans,False,-0.108,0,0
1,20,20,GaussianMixture,False,-0.128,0,0
1,20,20,GaussianMixture,False,-0.126,0,0
1,20,20,GaussianMixture,False,-0.124,0,0
1,20,20,GaussianMixture,False,-0.122,0,0
1,20,20,GaussianMixture,False,-0.12,0,0
1,20,20,GaussianMixture,False,-0.118,0,0
1,20,20,GaussianMixture,False,-0.116,0,0
1,20,20,GaussianMixture,False,-0.114,0,0
1,20,20,GaussianMixture,False,-0.112,0,0
1,20,20,GaussianMixture,False,-0.11,0,0
1,20,20,GaussianMixture,False,-0.108,0,0
1,20,20,MeanShift,False,-0.128,0,0
1,20,20,MeanShift,False,-0.126,0,0
1,20,20,MeanShift,False,-0.124,0,0
1,20,20,MeanShift,False,-0.122,0,0
1,20,20,MeanShift,False,-0.12,0,0
1,20,20,MeanShift,False,-0.118,0,0
1,20,20,MeanShift,False,-0.116,0,0
1,20,20,MeanShift,False,-0.114,0,0
1,20,20,MeanShift,False,-0.112,0.0094330220192595,0.00933942221629686
1,20,20,MeanShift,False,-0.11,0,0
1,20,20,MeanShift,False,-0.108,0,0
1,20,20,Birch,False,-0.128,0,0
1,20,20,Birch,False,-0.126,0,0
1,20,20,Birch,False,-0.124,0,0
1,20,20,Birch,False,-0.122,0,0
1,20,20,Birch,False,-0.12,0,0
1,20,20,Birch,False,-0.118,0,0
1,20,20,Birch,False,-0.116,0,0
1,20,20,Birch,False,-0.114,0.274260279685895,0.044681139305685
1,20,20,Birch,False,-0.112,0.310458683413575,0.0313832678407603
1,20,20,Birch,False,-0.11,0.290922712267707,0.0591385362648863
1,20,20,Birch,False,-0.108,0.276736745427947,0.0352951243390815
1,20,20,BayesianGMM,False,-0.128,0,0
1,20,20,BayesianGMM,False,-0.126,0,0
1,20,20,BayesianGMM,False,-0.124,0,0
1,20,20,BayesianGMM,False,-0.122,0,0
1,20,20,BayesianGMM,False,-0.12,0,0
1,20,20,BayesianGMM,False,-0.118,0,0
1,20,20,BayesianGMM,False,-0.116,0,0
1,20,20,BayesianGMM,False,-0.114,0,0
1,20,20,BayesianGMM,False,-0.112,0,0
1,20,20,BayesianGMM,False,-0.11,0,0
1,20,20,BayesianGMM,False,-0.108,0,0
1,12,12,KMeans,False,-0.128,0,0
1,12,12,KMeans,False,-0.126,0,0
1,12,12,KMeans,False,-0.124,0,0
1,12,12,KMeans,False,-0.122,0,0
1,12,12,KMeans,False,-0.12,0,0
1,12,12,KMeans,False,-0.118,0,0
1,12,12,KMeans,False,-0.116,0,0
1,12,12,KMeans,False,-0.114,0,0
1,12,12,KMeans,False,-0.112,0.00456666738058475,0.00454524983620125
1,12,12,KMeans,False,-0.11,0,0
1,12,12,KMeans,False,-0.108,0,0
1,12,12,GaussianMixture,False,-0.128,0,0
1,12,12,GaussianMixture,False,-0.126,0,0
1,12,12,GaussianMixture,False,-0.124,0,0
1,12,12,GaussianMixture,False,-0.122,0,0
1,12,12,GaussianMixture,False,-0.12,0,0
1,12,12,GaussianMixture,False,-0.118,0,0
1,12,12,GaussianMixture,False,-0.116,0,0
1,12,12,GaussianMixture,False,-0.114,0,0
1,12,12,GaussianMixture,False,-0.112,0,0
1,12,12,GaussianMixture,False,-0.11,0,0
1,12,12,GaussianMixture,False,-0.108,0,0
1,12,12,MeanShift,False,-0.128,0,0
1,12,12,MeanShift,False,-0.126,0,0
1,12,12,MeanShift,False,-0.124,0,0
1,12,12,MeanShift,False,-0.122,0,0
1,12,12,MeanShift,False,-0.12,0,0
1,12,12,MeanShift,False,-0.118,0,0
1,12,12,MeanShift,False,-0.116,0,0
1,12,12,MeanShift,False,-0.114,0,0
1,12,12,MeanShift,False,-0.112,0.00606646573900035,0.00602782998844036
1,12,12,MeanShift,False,-0.11,0,0
1,12,12,MeanShift,False,-0.108,0,0
1,12,12,Birch,False,-0.128,0,0
1,12,12,Birch,False,-0.126,0,0
1,12,12,Birch,False,-0.124,0,0
1,12,12,Birch,False,-0.122,0,0
1,12,12,Birch,False,-0.12,0,0
1,12,12,Birch,False,-0.118,0,0
1,12,12,Birch,False,-0.116,0,0
1,12,12,Birch,False,-0.114,0.265269349218266,0.0548547483122474
1,12,12,Birch,False,-0.112,0.309787180542733,0.0276880936520959
1,12,12,Birch,False,-0.11,0.286614528383341,0.0778664174369639
1,12,12,Birch,False,-0.108,0.289955779960293,0.0259860611816768
1,12,12,BayesianGMM,False,-0.128,0,0
1,12,12,BayesianGMM,False,-0.126,0,0
1,12,12,BayesianGMM,False,-0.124,0,0
1,12,12,BayesianGMM,False,-0.122,0,0
1,12,12,BayesianGMM,False,-0.12,0,0
1,12,12,BayesianGMM,False,-0.118,0,0
1,12,12,BayesianGMM,False,-0.116,0,0
1,12,12,BayesianGMM,False,-0.114,0,0
1,12,12,BayesianGMM,False,-0.112,0,0
1,12,12,BayesianGMM,False,-0.11,0,0
1,12,12,BayesianGMM,False,-0.108,0,0
