transition,model,feature_set,calibration,critical_parameter,critical_value,x,distance_from_critical,chi_err
AB,Logistic Regression,30,uncalibrated,Delta_crit,-0.114999999421634,-0.114,0.000999999421633993,3.9411024996838e-10
AB,Logistic Regression,30,uncalibrated,Delta_crit,-0.114999999421634,-0.116,0.0010000005783660088,6.04891488581848e-18
AB,Logistic Regression,30,uncalibrated,Delta_crit,-0.114999999421634,-0.112,0.002999999421633995,2.38023430205747e-06
AB,Logistic Regression,30,uncalibrated,Delta_crit,-0.114999999421634,-0.118,0.0030000005783659967,2.3391271045901097e-18
AB,Logistic Regression,30,uncalibrated,Delta_crit,-0.114999999421634,-0.11,0.004999999421633997,7.26415776115228e-16
AB,Logistic Regression,30,calibrated,Delta_crit,-0.114996082829597,-0.114,0.0009960828295969976,0.0006057982899732
AB,Logistic Regression,30,calibrated,Delta_crit,-0.114996082829597,-0.116,0.0010039171704030042,3.61573769537404e-10
AB,Logistic Regression,30,calibrated,Delta_crit,-0.114996082829597,-0.112,0.0029960828295969993,0.0037026932626701
AB,Logistic Regression,30,calibrated,Delta_crit,-0.114996082829597,-0.118,0.003003917170402992,4.95666462193492e-10
AB,Logistic Regression,30,calibrated,Delta_crit,-0.114996082829597,-0.11,0.004996082829597001,0.0001088132278778
AB,Logistic Regression,20,uncalibrated,Delta_crit,-0.114999999717763,-0.114,0.0009999997177629893,5.977580098689839e-11
AB,Logistic Regression,20,uncalibrated,Delta_crit,-0.114999999717763,-0.116,0.0010000002822370124,2.92497073700454e-17
AB,Logistic Regression,20,uncalibrated,Delta_crit,-0.114999999717763,-0.112,0.002999999717762991,2.15828014339525e-08
AB,Logistic Regression,20,uncalibrated,Delta_crit,-0.114999999717763,-0.118,0.0030000002822370003,9.73466792873072e-18
AB,Logistic Regression,20,uncalibrated,Delta_crit,-0.114999999717763,-0.11,0.004999999717762993,2.23258460160861e-14
AB,Logistic Regression,20,calibrated,Delta_crit,-0.114997638592205,-0.114,0.0009976385922050024,0.0002041436089327
AB,Logistic Regression,20,calibrated,Delta_crit,-0.114997638592205,-0.116,0.0010023614077949994,1.2101018446849e-09
AB,Logistic Regression,20,calibrated,Delta_crit,-0.114997638592205,-0.112,0.002997638592205004,0.0013720325595167
AB,Logistic Regression,20,calibrated,Delta_crit,-0.114997638592205,-0.118,0.0030023614077949873,6.99267062547541e-10
AB,Logistic Regression,20,calibrated,Delta_crit,-0.114997638592205,-0.11,0.004997638592205006,1.87783249930247e-05
AB,Logistic Regression,12,uncalibrated,Delta_crit,-0.114999999296998,-0.114,0.000999999296997997,8.15159015533542e-10
AB,Logistic Regression,12,uncalibrated,Delta_crit,-0.114999999296998,-0.116,0.0010000007030020047,3.71788003234857e-18
AB,Logistic Regression,12,uncalibrated,Delta_crit,-0.114999999296998,-0.112,0.002999999296997999,1.44669667482956e-05
AB,Logistic Regression,12,uncalibrated,Delta_crit,-0.114999999296998,-0.118,0.0030000007030019926,1.87713940294885e-18
AB,Logistic Regression,12,uncalibrated,Delta_crit,-0.114999999296998,-0.11,0.004999999296998001,3.2309095838716004e-16
AB,Logistic Regression,12,calibrated,Delta_crit,-0.114994603906823,-0.114,0.0009946039068230023,0.0011604035869494
AB,Logistic Regression,12,calibrated,Delta_crit,-0.114994603906823,-0.116,0.0010053960931769995,3.22812704624716e-10
AB,Logistic Regression,12,calibrated,Delta_crit,-0.114994603906823,-0.112,0.002994603906823004,0.0052487497040626
AB,Logistic Regression,12,calibrated,Delta_crit,-0.114994603906823,-0.118,0.0030053960931769874,2.35906107851306e-10
AB,Logistic Regression,12,calibrated,Delta_crit,-0.114994603906823,-0.11,0.004994603906823006,0.0001492503262189
AB,Random Forest,30,uncalibrated,Delta_crit,-0.115000086341556,-0.116,0.0009999136584440127,4.43460071815334e-07
AB,Random Forest,30,uncalibrated,Delta_crit,-0.115000086341556,-0.114,0.001000086341555989,3.88871237699012e-06
AB,Random Forest,30,uncalibrated,Delta_crit,-0.115000086341556,-0.118,0.0029999136584440006,2.52279238165954e-07
AB,Random Forest,30,uncalibrated,Delta_crit,-0.115000086341556,-0.112,0.003000086341555991,2.19706984256277e-06
AB,Random Forest,30,uncalibrated,Delta_crit,-0.115000086341556,-0.12,0.004999913658444002,2.27511032770749e-07
AB,Random Forest,30,calibrated,Delta_crit,-0.114999416291917,-0.114,0.0009994162919169935,2.37420308056773e-09
AB,Random Forest,30,calibrated,Delta_crit,-0.114999416291917,-0.116,0.0010005837080830082,1.14078035392133e-11
AB,Random Forest,30,calibrated,Delta_crit,-0.114999416291917,-0.112,0.0029994162919169953,1.0508584153824e-09
AB,Random Forest,30,calibrated,Delta_crit,-0.114999416291917,-0.118,0.003000583708082996,3.69295603356276e-12
AB,Random Forest,30,calibrated,Delta_crit,-0.114999416291917,-0.11,0.004999416291916997,1.15559024248341e-09
AB,Random Forest,20,uncalibrated,Delta_crit,-0.115000345513364,-0.116,0.0009996544866360119,3.64946064559891e-06
AB,Random Forest,20,uncalibrated,Delta_crit,-0.115000345513364,-0.114,0.00100034551336399,2.38841619504238e-05
AB,Random Forest,20,uncalibrated,Delta_crit,-0.115000345513364,-0.118,0.0029996544866359998,1.696390107939e-06
AB,Random Forest,20,uncalibrated,Delta_crit,-0.115000345513364,-0.112,0.0030003455133639917,1.14801734527573e-05
AB,Random Forest,20,uncalibrated,Delta_crit,-0.115000345513364,-0.12,0.0049996544866360015,5.42863317411003e-07
AB,Random Forest,20,calibrated,Delta_crit,-0.114999408729832,-0.114,0.0009994087298319937,9.10040531630115e-08
AB,Random Forest,20,calibrated,Delta_crit,-0.114999408729832,-0.116,0.001000591270168008,2.56942119155624e-10
AB,Random Forest,20,calibrated,Delta_crit,-0.114999408729832,-0.112,0.0029994087298319955,5.13587766632098e-08
AB,Random Forest,20,calibrated,Delta_crit,-0.114999408729832,-0.118,0.003000591270167996,4.7636533579125004e-11
AB,Random Forest,20,calibrated,Delta_crit,-0.114999408729832,-0.11,0.004999408729831997,2.35823128895135e-08
AB,Random Forest,12,uncalibrated,Delta_crit,-0.115000216771499,-0.116,0.000999783228501,1.34558794171433e-06
AB,Random Forest,12,uncalibrated,Delta_crit,-0.115000216771499,-0.114,0.0010002167714990018,1.03014054958124e-05
AB,Random Forest,12,uncalibrated,Delta_crit,-0.115000216771499,-0.118,0.002999783228500988,1.04985541551182e-06
AB,Random Forest,12,uncalibrated,Delta_crit,-0.115000216771499,-0.112,0.0030002167714990036,5.11956516699575e-06
AB,Random Forest,12,uncalibrated,Delta_crit,-0.115000216771499,-0.12,0.00499978322850099,1.02971226686334e-06
AB,Random Forest,12,calibrated,Delta_crit,-0.11499941527835,-0.114,0.0009994152783499993,8.151211614446171e-09
AB,Random Forest,12,calibrated,Delta_crit,-0.11499941527835,-0.116,0.0010005847216500025,7.38790122591744e-11
AB,Random Forest,12,calibrated,Delta_crit,-0.11499941527835,-0.112,0.002999415278350001,3.58304854079795e-09
AB,Random Forest,12,calibrated,Delta_crit,-0.11499941527835,-0.118,0.0030005847216499903,8.323198282796079e-11
AB,Random Forest,12,calibrated,Delta_crit,-0.11499941527835,-0.11,0.004999415278350003,1.06962614237195e-08
AB,Neural Network,30,uncalibrated,Delta_crit,-0.115,-0.116,0.0010000000000000009,0.0
AB,Neural Network,30,uncalibrated,Delta_crit,-0.115,-0.114,0.0010000000000000009,0.0
AB,Neural Network,30,uncalibrated,Delta_crit,-0.115,-0.118,0.002999999999999989,0.0
AB,Neural Network,30,uncalibrated,Delta_crit,-0.115,-0.112,0.0030000000000000027,0.0
AB,Neural Network,30,uncalibrated,Delta_crit,-0.115,-0.12,0.0049999999999999906,0.0
AB,Neural Network,30,calibrated,Delta_crit,-0.114999064413061,-0.114,0.000999064413060996,0.0001007249853494
AB,Neural Network,30,calibrated,Delta_crit,-0.114999064413061,-0.116,0.0010009355869390058,1.79220660455965e-46
AB,Neural Network,30,calibrated,Delta_crit,-0.114999064413061,-0.112,0.002999064413060998,0.0007870383558847
AB,Neural Network,30,calibrated,Delta_crit,-0.114999064413061,-0.118,0.0030009355869389936,2.0245743458959703e-46
AB,Neural Network,30,calibrated,Delta_crit,-0.114999064413061,-0.11,0.004999064413061,4.82696138833994e-53
AB,Neural Network,20,uncalibrated,Delta_crit,-0.115000030819721,-0.116,0.0009999691802790034,2.54000482813839e-05
AB,Neural Network,20,uncalibrated,Delta_crit,-0.115000030819721,-0.114,0.0010000308197209984,0.0
AB,Neural Network,20,uncalibrated,Delta_crit,-0.115000030819721,-0.118,0.0029999691802789913,0.0
AB,Neural Network,20,uncalibrated,Delta_crit,-0.115000030819721,-0.112,0.003000030819721,0.0013016463676822
AB,Neural Network,20,uncalibrated,Delta_crit,-0.115000030819721,-0.12,0.004999969180278993,0.0
AB,Neural Network,20,calibrated,Delta_crit,-0.114996959635473,-0.114,0.0009969596354729993,0.0005790183525196
AB,Neural Network,20,calibrated,Delta_crit,-0.114996959635473,-0.116,0.0010030403645270025,6.33451546962388e-46
AB,Neural Network,20,calibrated,Delta_crit,-0.114996959635473,-0.112,0.002996959635473001,0.0027247783151402
AB,Neural Network,20,calibrated,Delta_crit,-0.114996959635473,-0.118,0.0030030403645269904,3.75579561049007e-05
AB,Neural Network,20,calibrated,Delta_crit,-0.114996959635473,-0.11,0.004996959635473003,0.0002627028454552
AB,Neural Network,12,uncalibrated,Delta_crit,-0.115,-0.116,0.0010000000000000009,0.0
AB,Neural Network,12,uncalibrated,Delta_crit,-0.115,-0.114,0.0010000000000000009,0.0
AB,Neural Network,12,uncalibrated,Delta_crit,-0.115,-0.118,0.002999999999999989,0.0
AB,Neural Network,12,uncalibrated,Delta_crit,-0.115,-0.112,0.0030000000000000027,0.0030446007936619
AB,Neural Network,12,uncalibrated,Delta_crit,-0.115,-0.12,0.0049999999999999906,0.0
AB,Neural Network,12,calibrated,Delta_crit,-0.115000510141762,-0.116,0.0009994898582380007,1.77878164695816e-46
AB,Neural Network,12,calibrated,Delta_crit,-0.115000510141762,-0.114,0.001000510141762001,8.78363271363085e-05
AB,Neural Network,12,calibrated,Delta_crit,-0.115000510141762,-0.118,0.0029994898582379886,5.30706745291863e-47
AB,Neural Network,12,calibrated,Delta_crit,-0.115000510141762,-0.112,0.003000510141762003,0.0043308269604447
AB,Neural Network,12,calibrated,Delta_crit,-0.115000510141762,-0.12,0.00499948985823799,6.3684809435023606e-46
AC,Logistic Regression,30,uncalibrated,K0_crit,4.77550877767867,4.78,0.004491222321330035,0.002136088388227
AC,Logistic Regression,30,uncalibrated,K0_crit,4.77550877767867,4.77,0.00550877767867064,0.0046634484713538
AC,Logistic Regression,30,uncalibrated,K0_crit,4.77550877767867,4.79,0.014491222321329822,0.0035572548722312
AC,Logistic Regression,30,uncalibrated,K0_crit,4.77550877767867,4.76,0.015508777678670427,0.0047754704316848
AC,Logistic Regression,30,uncalibrated,K0_crit,4.77550877767867,4.75,0.025508777678670214,0.0061749818650353
AC,Logistic Regression,30,calibrated,K0_crit,4.77688837381718,4.78,0.0031116261828199043,0.0012159227773122
AC,Logistic Regression,30,calibrated,K0_crit,4.77688837381718,4.77,0.006888373817180771,0.0028321997017029
AC,Logistic Regression,30,calibrated,K0_crit,4.77688837381718,4.79,0.013111626182819691,0.0014124197661515
AC,Logistic Regression,30,calibrated,K0_crit,4.77688837381718,4.76,0.016888373817180558,0.0022450502536367
AC,Logistic Regression,30,calibrated,K0_crit,4.77688837381718,4.75,0.026888373817180344,0.0031216510715685
AC,Logistic Regression,20,uncalibrated,K0_crit,4.77851985768958,4.78,0.0014801423104202627,0.0023368782578203
AC,Logistic Regression,20,uncalibrated,K0_crit,4.77851985768958,4.77,0.008519857689580412,0.0055853150401331
AC,Logistic Regression,20,uncalibrated,K0_crit,4.77851985768958,4.79,0.01148014231042005,0.0032667632018819
AC,Logistic Regression,20,uncalibrated,K0_crit,4.77851985768958,4.76,0.0185198576895802,0.0059810604964862
AC,Logistic Regression,20,uncalibrated,K0_crit,4.77851985768958,4.75,0.028519857689579986,0.0078400686456536
AC,Logistic Regression,20,calibrated,K0_crit,4.78024562369027,4.78,0.0002456236902697029,0.0018102284090485
AC,Logistic Regression,20,calibrated,K0_crit,4.78024562369027,4.79,0.009754376309730084,0.0014225350465202
AC,Logistic Regression,20,calibrated,K0_crit,4.78024562369027,4.77,0.010245623690270378,0.0038574610489258
AC,Logistic Regression,20,calibrated,K0_crit,4.78024562369027,4.76,0.020245623690270165,0.0031621004166622
AC,Logistic Regression,20,calibrated,K0_crit,4.78024562369027,4.81,0.029754376309729658,0.002169106836435
AC,Logistic Regression,12,uncalibrated,K0_crit,4.77882069585482,4.78,0.0011793041451806374,0.0016311204865483
AC,Logistic Regression,12,uncalibrated,K0_crit,4.77882069585482,4.77,0.008820695854820038,0.0057184241599519
AC,Logistic Regression,12,uncalibrated,K0_crit,4.77882069585482,4.79,0.011179304145180424,0.0032826405802076
AC,Logistic Regression,12,uncalibrated,K0_crit,4.77882069585482,4.76,0.018820695854819824,0.0052434065410823
AC,Logistic Regression,12,uncalibrated,K0_crit,4.77882069585482,4.75,0.02882069585481961,0.0074672972444474
AC,Logistic Regression,12,calibrated,K0_crit,4.77968789033005,4.78,0.00031210966995054434,0.0013725292191937
AC,Logistic Regression,12,calibrated,K0_crit,4.77968789033005,4.77,0.00968789033005013,0.0036512221422866
AC,Logistic Regression,12,calibrated,K0_crit,4.77968789033005,4.79,0.010312109669950331,0.0014923595696436
AC,Logistic Regression,12,calibrated,K0_crit,4.77968789033005,4.76,0.019687890330049918,0.0027291951831093
AC,Logistic Regression,12,calibrated,K0_crit,4.77968789033005,4.75,0.029687890330049704,0.0039933584031778
AC,Random Forest,30,uncalibrated,K0_crit,4.77983677102662,4.78,0.00016322897338039155,0.0012080042450938
AC,Random Forest,30,uncalibrated,K0_crit,4.77983677102662,4.77,0.009836771026620283,0.0024913741745574
AC,Random Forest,30,uncalibrated,K0_crit,4.77983677102662,4.79,0.010163228973380178,0.0017364463795924
AC,Random Forest,30,uncalibrated,K0_crit,4.77983677102662,4.76,0.01983677102662007,0.0017506972701614
AC,Random Forest,30,uncalibrated,K0_crit,4.77983677102662,4.75,0.029836771026619857,0.0010150512780932
AC,Random Forest,30,calibrated,K0_crit,4.77806209491088,4.78,0.0019379050891199512,0.0016908124167992
AC,Random Forest,30,calibrated,K0_crit,4.77806209491088,4.77,0.008062094910880724,0.005623099782259
AC,Random Forest,30,calibrated,K0_crit,4.77806209491088,4.79,0.011937905089119738,0.0048372840262575
AC,Random Forest,30,calibrated,K0_crit,4.77806209491088,4.76,0.01806209491088051,0.0044182246637652
AC,Random Forest,30,calibrated,K0_crit,4.77806209491088,4.75,0.028062094910880298,0.0018665713343989
AC,Random Forest,20,uncalibrated,K0_crit,4.78116235339328,4.78,0.001162353393279858,0.0012793809770187
AC,Random Forest,20,uncalibrated,K0_crit,4.78116235339328,4.79,0.008837646606719929,0.0014515465791369
AC,Random Forest,20,uncalibrated,K0_crit,4.78116235339328,4.77,0.011162353393280533,0.0019714109159114
AC,Random Forest,20,uncalibrated,K0_crit,4.78116235339328,4.76,0.02116235339328032,0.0012973152039272
AC,Random Forest,20,uncalibrated,K0_crit,4.78116235339328,4.81,0.028837646606719503,0.0012220785236708
AC,Random Forest,20,calibrated,K0_crit,4.78014229318481,4.78,0.0001422931848100717,0.0018059347136703
AC,Random Forest,20,calibrated,K0_crit,4.78014229318481,4.79,0.009857706815189715,0.0041334319114159
AC,Random Forest,20,calibrated,K0_crit,4.78014229318481,4.77,0.010142293184810747,0.0058896940719522
AC,Random Forest,20,calibrated,K0_crit,4.78014229318481,4.76,0.020142293184810534,0.0037608911205253
AC,Random Forest,20,calibrated,K0_crit,4.78014229318481,4.81,0.02985770681518929,0.0021153383464756
AC,Random Forest,12,uncalibrated,K0_crit,4.77521510987544,4.78,0.004784890124560626,0.0023194713129888
AC,Random Forest,12,uncalibrated,K0_crit,4.77521510987544,4.77,0.005215109875440049,0.0032101714850643
AC,Random Forest,12,uncalibrated,K0_crit,4.77521510987544,4.79,0.014784890124560413,0.0035812183393229
AC,Random Forest,12,uncalibrated,K0_crit,4.77521510987544,4.76,0.015215109875439836,0.0039474518067986
AC,Random Forest,12,uncalibrated,K0_crit,4.77521510987544,4.75,0.025215109875439623,0.0021389550677699
AC,Random Forest,12,calibrated,K0_crit,4.77377992393004,4.77,0.003779923930040674,0.0034885080574812
AC,Random Forest,12,calibrated,K0_crit,4.77377992393004,4.78,0.006220076069960001,0.0045790868862724
AC,Random Forest,12,calibrated,K0_crit,4.77377992393004,4.76,0.01377992393004046,0.0071964316562389
AC,Random Forest,12,calibrated,K0_crit,4.77377992393004,4.79,0.016220076069959788,0.0046041647416539
AC,Random Forest,12,calibrated,K0_crit,4.77377992393004,4.75,0.023779923930040248,0.0030527589131777
AC,Neural Network,30,uncalibrated,K0_crit,4.77503423846111,4.78,0.004965761538890057,0.0022515431983057
AC,Neural Network,30,uncalibrated,K0_crit,4.77503423846111,4.77,0.005034238461110618,0.0023307385197408
AC,Neural Network,30,uncalibrated,K0_crit,4.77503423846111,4.79,0.014965761538889844,0.0044094332100914
AC,Neural Network,30,uncalibrated,K0_crit,4.77503423846111,4.76,0.015034238461110405,0.0056651857654235
AC,Neural Network,30,uncalibrated,K0_crit,4.77503423846111,4.75,0.025034238461110192,0.0074974639763387
AC,Neural Network,30,calibrated,K0_crit,4.78737893472454,4.79,0.0026210652754601327,0.001831617489987
AC,Neural Network,30,calibrated,K0_crit,4.78737893472454,4.78,0.007378934724539654,0.0020921009023255
AC,Neural Network,30,calibrated,K0_crit,4.78737893472454,4.77,0.01737893472454033,0.0049131948522894
AC,Neural Network,30,calibrated,K0_crit,4.78737893472454,4.81,0.022621065275459706,0.0037078743639081
AC,Neural Network,30,calibrated,K0_crit,4.78737893472454,4.76,0.027378934724540116,0.0027242646463838
AC,Neural Network,20,uncalibrated,K0_crit,4.77544188071748,4.78,0.0045581192825201455,0.0015083642849844
AC,Neural Network,20,uncalibrated,K0_crit,4.77544188071748,4.77,0.0054418807174805295,0.0022486011815217
AC,Neural Network,20,uncalibrated,K0_crit,4.77544188071748,4.79,0.014558119282519932,0.0045569094192306
AC,Neural Network,20,uncalibrated,K0_crit,4.77544188071748,4.76,0.015441880717480316,0.0065988805706855
AC,Neural Network,20,uncalibrated,K0_crit,4.77544188071748,4.75,0.025441880717480103,0.0067022851963206
AC,Neural Network,20,calibrated,K0_crit,4.76112297420038,4.76,0.0011229742003804333,0.0024188875783657
AC,Neural Network,20,calibrated,K0_crit,4.76112297420038,4.77,0.008877025799619354,0.0028383955908735
AC,Neural Network,20,calibrated,K0_crit,4.76112297420038,4.75,0.01112297420038022,0.0046242466254377
AC,Neural Network,20,calibrated,K0_crit,4.76112297420038,4.78,0.01887702579962003,0.003098578586061
AC,Neural Network,20,calibrated,K0_crit,4.76112297420038,4.74,0.021122974200380007,0.0038336740888558
AC,Neural Network,12,uncalibrated,K0_crit,4.75700182095649,4.76,0.00299817904350963,0.0025542494627742
AC,Neural Network,12,uncalibrated,K0_crit,4.75700182095649,4.75,0.007001820956490157,0.005311157914646
AC,Neural Network,12,uncalibrated,K0_crit,4.75700182095649,4.77,0.012998179043509417,0.0068491974840889
AC,Neural Network,12,uncalibrated,K0_crit,4.75700182095649,4.74,0.017001820956489944,0.0055812098942331
AC,Neural Network,12,uncalibrated,K0_crit,4.75700182095649,4.78,0.022998179043510092,0.0089967540678064
AC,Neural Network,12,calibrated,K0_crit,4.79359877976355,4.79,0.003598779763549942,0.0037183466970802
AC,Neural Network,12,calibrated,K0_crit,4.79359877976355,4.78,0.013598779763549729,0.0029024934358467
AC,Neural Network,12,calibrated,K0_crit,4.79359877976355,4.81,0.016401220236449632,0.0035970865206721
AC,Neural Network,12,calibrated,K0_crit,4.79359877976355,4.77,0.023598779763550404,0.0052887369442777
AC,Neural Network,12,calibrated,K0_crit,4.79359877976355,4.82,0.026401220236450307,0.0059965943561254
BCb,Logistic Regression,30,uncalibrated,Delta_crit,0.0379105610083693,0.0378,0.00011056100836930038,0.0154344486070692
BCb,Logistic Regression,30,uncalibrated,Delta_crit,0.0379105610083693,0.0382,0.0002894389916306972,0.0158512552491843
BCb,Logistic Regression,30,uncalibrated,Delta_crit,0.0379105610083693,0.0374,0.000510561008369298,0.0060302635125353
BCb,Logistic Regression,30,uncalibrated,Delta_crit,0.0379105610083693,0.0386,0.0006894389916307017,2.09567250746588e-05
BCb,Logistic Regression,30,uncalibrated,Delta_crit,0.0379105610083693,0.037,0.0009105610083693025,2.62667194057071e-06
BCb,Logistic Regression,30,calibrated,Delta_crit,0.0379347080808661,0.0378,0.00013470808086610275,0.0085777921930413
BCb,Logistic Regression,30,calibrated,Delta_crit,0.0379347080808661,0.0382,0.0002652919191338948,0.0098202262830663
BCb,Logistic Regression,30,calibrated,Delta_crit,0.0379347080808661,0.0374,0.0005347080808661003,0.0043830329122042
BCb,Logistic Regression,30,calibrated,Delta_crit,0.0379347080808661,0.0386,0.0006652919191338993,0.000696387598342
BCb,Logistic Regression,30,calibrated,Delta_crit,0.0379347080808661,0.037,0.0009347080808661049,0.0001517463733564
BCb,Logistic Regression,20,uncalibrated,Delta_crit,0.0379694506665985,0.0378,0.00016945066659850017,0.0178384478055732
BCb,Logistic Regression,20,uncalibrated,Delta_crit,0.0379694506665985,0.0382,0.00023054933340149741,0.0222532750743549
BCb,Logistic Regression,20,uncalibrated,Delta_crit,0.0379694506665985,0.0374,0.0005694506665984977,0.0017481133536333
BCb,Logistic Regression,20,uncalibrated,Delta_crit,0.0379694506665985,0.0386,0.0006305493334015019,0.0001347050728227
BCb,Logistic Regression,20,uncalibrated,Delta_crit,0.0379694506665985,0.037,0.0009694506665985023,3.70121517762369e-07
BCb,Logistic Regression,20,calibrated,Delta_crit,0.0379910746063448,0.0378,0.00019107460634480017,0.0070610739116161
BCb,Logistic Regression,20,calibrated,Delta_crit,0.0379910746063448,0.0382,0.0002089253936551974,0.0111039496364706
BCb,Logistic Regression,20,calibrated,Delta_crit,0.0379910746063448,0.0374,0.0005910746063447977,0.002494677541539
BCb,Logistic Regression,20,calibrated,Delta_crit,0.0379910746063448,0.0386,0.0006089253936552019,0.001406028702728
BCb,Logistic Regression,20,calibrated,Delta_crit,0.0379910746063448,0.037,0.0009910746063448023,6.93252952709727e-05
BCb,Logistic Regression,12,uncalibrated,Delta_crit,0.037916213318502,0.0378,0.00011621331850199951,0.0151654114936343
BCb,Logistic Regression,12,uncalibrated,Delta_crit,0.037916213318502,0.0382,0.00028378668149799807,0.0159696236252411
BCb,Logistic Regression,12,uncalibrated,Delta_crit,0.037916213318502,0.0374,0.0005162133185019971,0.005551941932714
BCb,Logistic Regression,12,uncalibrated,Delta_crit,0.037916213318502,0.0386,0.0006837866814980026,3.41820230617034e-05
BCb,Logistic Regression,12,uncalibrated,Delta_crit,0.037916213318502,0.037,0.0009162133185020016,3.59114179693342e-06
BCb,Logistic Regression,12,calibrated,Delta_crit,0.0379363536840316,0.0378,0.00013635368403160097,0.0085432583443438
BCb,Logistic Regression,12,calibrated,Delta_crit,0.0379363536840316,0.0382,0.0002636463159683966,0.0098666236132165
BCb,Logistic Regression,12,calibrated,Delta_crit,0.0379363536840316,0.0374,0.0005363536840315986,0.0043290943457426
BCb,Logistic Regression,12,calibrated,Delta_crit,0.0379363536840316,0.0386,0.0006636463159684011,0.0007100471160339
BCb,Logistic Regression,12,calibrated,Delta_crit,0.0379363536840316,0.037,0.0009363536840316031,0.0001477905874625
BCb,Random Forest,30,uncalibrated,Delta_crit,0.0380403762247638,0.0382,0.00015962377523619925,0.0098152494180453
BCb,Random Forest,30,uncalibrated,Delta_crit,0.0380403762247638,0.0378,0.00024037622476379833,0.0075586409261179
BCb,Random Forest,30,uncalibrated,Delta_crit,0.0380403762247638,0.0386,0.0005596237752362038,0.0031162532471805
BCb,Random Forest,30,uncalibrated,Delta_crit,0.0380403762247638,0.0374,0.0006403762247637959,0.0007511816145922
BCb,Random Forest,30,uncalibrated,Delta_crit,0.0380403762247638,0.039,0.0009596237752362013,0.0006589097087604
BCb,Random Forest,30,calibrated,Delta_crit,0.0379988957557131,0.0378,0.00019889575571310075,0.0275712964923428
BCb,Random Forest,30,calibrated,Delta_crit,0.0379988957557131,0.0382,0.00020110424428689683,0.0350221500483604
BCb,Random Forest,30,calibrated,Delta_crit,0.0379988957557131,0.0374,0.0005988957557130983,0.0004499076759969
BCb,Random Forest,30,calibrated,Delta_crit,0.0379988957557131,0.0386,0.0006011042442869013,8.37236333177207e-05
BCb,Random Forest,30,calibrated,Delta_crit,0.0379988957557131,0.037,0.0009988957557131029,1.3409678858973e-07
BCb,Random Forest,20,uncalibrated,Delta_crit,0.0381940624542248,0.0382,5.937545775200337e-06,0.0057450713459761
BCb,Random Forest,20,uncalibrated,Delta_crit,0.0381940624542248,0.0378,0.00039406245422479724,0.0029421475540814
BCb,Random Forest,20,uncalibrated,Delta_crit,0.0381940624542248,0.0386,0.00040593754577520486,0.0071927536963351
BCb,Random Forest,20,uncalibrated,Delta_crit,0.0381940624542248,0.0374,0.0007940624542247948,0.0004883952750055
BCb,Random Forest,20,uncalibrated,Delta_crit,0.0381940624542248,0.039,0.0008059375457752024,0.0025634993915937
BCb,Random Forest,20,calibrated,Delta_crit,0.0381284293650779,0.0382,7.157063492210097e-05,0.0178961157522896
BCb,Random Forest,20,calibrated,Delta_crit,0.0381284293650779,0.0378,0.0003284293650778966,0.0104995945616117
BCb,Random Forest,20,calibrated,Delta_crit,0.0381284293650779,0.0386,0.0004715706349221055,0.0050523891170358
BCb,Random Forest,20,calibrated,Delta_crit,0.0381284293650779,0.0374,0.0007284293650778942,3.03176538125783e-05
BCb,Random Forest,20,calibrated,Delta_crit,0.0381284293650779,0.039,0.0008715706349221031,8.3623261656655e-06
BCb,Random Forest,12,uncalibrated,Delta_crit,0.0379533480349528,0.0378,0.00015334803495280214,0.0201854509107464
BCb,Random Forest,12,uncalibrated,Delta_crit,0.0379533480349528,0.0382,0.00024665196504719544,0.0244797466809628
BCb,Random Forest,12,uncalibrated,Delta_crit,0.0379533480349528,0.0374,0.0005533480349527997,0.002697065900833
BCb,Random Forest,12,uncalibrated,Delta_crit,0.0379533480349528,0.0386,0.0006466519650472,4.75168698881938e-05
BCb,Random Forest,12,uncalibrated,Delta_crit,0.0379533480349528,0.037,0.0009533480349528042,0.000105487435428
BCb,Random Forest,12,calibrated,Delta_crit,0.0379803855384576,0.0378,0.00018038553845760308,0.0314609141439309
BCb,Random Forest,12,calibrated,Delta_crit,0.0379803855384576,0.0382,0.0002196144615423945,0.0367933725422705
BCb,Random Forest,12,calibrated,Delta_crit,0.0379803855384576,0.0374,0.0005803855384576007,0.0007151531899837
BCb,Random Forest,12,calibrated,Delta_crit,0.0379803855384576,0.0386,0.000619614461542399,1.6977385869485e-05
BCb,Random Forest,12,calibrated,Delta_crit,0.0379803855384576,0.037,0.0009803855384576052,7.54725815244144e-08
BCb,Neural Network,30,uncalibrated,Delta_crit,0.0378974318047632,0.0378,9.743180476320251e-05,0.020624508944102
BCb,Neural Network,30,uncalibrated,Delta_crit,0.0378974318047632,0.0382,0.00030256819523679507,0.0234250250889002
BCb,Neural Network,30,uncalibrated,Delta_crit,0.0378974318047632,0.0374,0.0004974318047632001,0.0113180295593989
BCb,Neural Network,30,uncalibrated,Delta_crit,0.0378974318047632,0.0386,0.0007025681952367996,0.0
BCb,Neural Network,30,uncalibrated,Delta_crit,0.0378974318047632,0.037,0.0008974318047632046,0.0
BCb,Neural Network,30,calibrated,Delta_crit,0.0379030877030621,0.0378,0.00010308770306209636,0.0055875848349104
BCb,Neural Network,30,calibrated,Delta_crit,0.0379030877030621,0.0382,0.0002969122969379012,0.0075173136685043
BCb,Neural Network,30,calibrated,Delta_crit,0.0379030877030621,0.0374,0.0005030877030620939,0.0035873911057885
BCb,Neural Network,30,calibrated,Delta_crit,0.0379030877030621,0.0386,0.0006969122969379057,0.002225946338513
BCb,Neural Network,30,calibrated,Delta_crit,0.0379030877030621,0.037,0.0009030877030620985,0.0016943427472463
BCb,Neural Network,20,uncalibrated,Delta_crit,0.0372447072290085,0.0374,0.00015529277099150113,0.0733105967944097
BCb,Neural Network,20,uncalibrated,Delta_crit,0.0372447072290085,0.037,0.0002447072290085034,0.0444266508641546
BCb,Neural Network,20,uncalibrated,Delta_crit,0.0372447072290085,0.0378,0.0005552927709914987,0.0084551464865824
BCb,Neural Network,20,uncalibrated,Delta_crit,0.0372447072290085,0.0366,0.000644707229008501,0.0
BCb,Neural Network,20,uncalibrated,Delta_crit,0.0372447072290085,0.0382,0.0009552927709914963,0.0
BCb,Neural Network,20,calibrated,Delta_crit,0.0381530800852953,0.0382,4.6919914704700305e-05,0.0074801156829795
BCb,Neural Network,20,calibrated,Delta_crit,0.0381530800852953,0.0378,0.0003530800852952973,0.0038339076684727
BCb,Neural Network,20,calibrated,Delta_crit,0.0381530800852953,0.0386,0.0004469199147047048,0.0044934208737323
BCb,Neural Network,20,calibrated,Delta_crit,0.0381530800852953,0.0374,0.0007530800852952949,0.0032499535924727
BCb,Neural Network,20,calibrated,Delta_crit,0.0381530800852953,0.039,0.0008469199147047024,0.0023361392985166
BCb,Neural Network,12,uncalibrated,Delta_crit,0.0385543891412459,0.0386,4.561085875410403e-05,0.0183892177045583
BCb,Neural Network,12,uncalibrated,Delta_crit,0.0385543891412459,0.0382,0.0003543891412459005,0.1049617052227
BCb,Neural Network,12,uncalibrated,Delta_crit,0.0385543891412459,0.039,0.0004456108587541016,0.0
BCb,Neural Network,12,uncalibrated,Delta_crit,0.0385543891412459,0.0378,0.0007543891412458981,0.0
BCb,Neural Network,12,uncalibrated,Delta_crit,0.0385543891412459,0.0394,0.0008456108587540992,0.0
BCb,Neural Network,12,calibrated,Delta_crit,0.0381455224365012,0.0382,5.4477563498800397e-05,0.0153295014527205
BCb,Neural Network,12,calibrated,Delta_crit,0.0381455224365012,0.0378,0.0003455224365011972,0.0032935599616122
BCb,Neural Network,12,calibrated,Delta_crit,0.0381455224365012,0.0386,0.0004544775634988049,0.0122182898695458
BCb,Neural Network,12,calibrated,Delta_crit,0.0381455224365012,0.0374,0.0007455224365011948,0.0001608383777713
BCb,Neural Network,12,calibrated,Delta_crit,0.0381455224365012,0.039,0.0008544775634988025,3.39638967453176e-05
