feature_set,n_features,model,calibration,K0,mean,mean_err
30,30,Logistic Regression,calibrated,4.67,0.000241918408742198,1.33573815282949E-05
30,30,Logistic Regression,calibrated,4.7,0.00324544301539535,0.000239292492860732
30,30,Logistic Regression,calibrated,4.72,0.0178317103696702,0.00100358621318108
30,30,Logistic Regression,calibrated,4.73,0.0401738339758036,0.00224282461092235
30,30,Logistic Regression,calibrated,4.74,0.084756316054659,0.0031961997979026
30,30,Logistic Regression,calibrated,4.75,0.156988139966875,0.00705422723308238
30,30,Logistic Regression,calibrated,4.76,0.264135205260387,0.00903951526172675
30,30,Logistic Regression,calibrated,4.77,0.402376510005719,0.0117299000061588
30,30,Logistic Regression,calibrated,4.78,0.544098624085505,0.0107217293574983
30,30,Logistic Regression,calibrated,4.79,0.675621010717068,0.0069133243319908
30,30,Logistic Regression,calibrated,4.81,0.86323225239743,0.00838273352888069
30,30,Logistic Regression,calibrated,4.82,0.91964373791427,0.00444389248061914
30,30,Logistic Regression,calibrated,4.83,0.953911426988596,0.00291017716261505
30,30,Logistic Regression,calibrated,4.84,0.972383895964869,0.00311582356449996
30,30,Logistic Regression,calibrated,4.85,0.98469394279538,0.00134211315125847
30,30,Logistic Regression,calibrated,4.86,0.991446779816922,0.00113851957168304
30,30,Logistic Regression,calibrated,4.87,0.99502640002016,0.000421472458943652
30,30,Logistic Regression,calibrated,4.88,0.997023063093114,0.000228781658345329
30,30,Logistic Regression,calibrated,4.9,0.998930901851577,0.000102250181148589
30,30,Logistic Regression,calibrated,4.93,0.99976463352946,2.28478154744933E-05
30,30,Logistic Regression,uncalibrated,4.67,1.38119526378776E-09,4.21091945986994E-10
30,30,Logistic Regression,uncalibrated,4.7,4.12681393148792E-05,3.86952104936055E-05
30,30,Logistic Regression,uncalibrated,4.72,0.00232845893325582,0.000592119375645774
30,30,Logistic Regression,uncalibrated,4.73,0.0106602854454259,0.00186384377903149
30,30,Logistic Regression,uncalibrated,4.74,0.0352154432443783,0.00307053863080166
30,30,Logistic Regression,uncalibrated,4.75,0.0952558498524452,0.00817172118131225
30,30,Logistic Regression,uncalibrated,4.76,0.212390476542322,0.0111605540880653
30,30,Logistic Regression,uncalibrated,4.77,0.394108127475813,0.0161596600165596
30,30,Logistic Regression,uncalibrated,4.78,0.58633202667968,0.014987183633068
30,30,Logistic Regression,uncalibrated,4.79,0.759779709413124,0.00862022809551246
30,30,Logistic Regression,uncalibrated,4.81,0.946340473641127,0.00505994605492103
30,30,Logistic Regression,uncalibrated,4.82,0.980415626194944,0.00454292079534723
30,30,Logistic Regression,uncalibrated,4.83,0.994413151839493,0.00107584398961269
30,30,Logistic Regression,uncalibrated,4.84,0.998409076347963,0.00052176465285024
30,30,Logistic Regression,uncalibrated,4.85,0.999585176873001,0.000129802488598457
30,30,Logistic Regression,uncalibrated,4.86,0.999879114265958,5.73786727304711E-05
30,30,Logistic Regression,uncalibrated,4.87,0.999988947540956,2.98298720140717E-06
30,30,Logistic Regression,uncalibrated,4.88,0.99999771087521,9.23164083966829E-07
30,30,Logistic Regression,uncalibrated,4.9,0.999999435002131,3.20810133880264E-07
30,30,Logistic Regression,uncalibrated,4.93,0.999999998205357,6.44120470866947E-10
30,30,Logistic Regression C = 0.00175,calibrated,4.67,0.000239922969779988,1.28650118570765E-05
30,30,Logistic Regression C = 0.00175,calibrated,4.7,0.00324486650070247,0.000232156678694666
30,30,Logistic Regression C = 0.00175,calibrated,4.72,0.0179854851971554,0.000996166527342657
30,30,Logistic Regression C = 0.00175,calibrated,4.73,0.0405437156024941,0.00216602022452493
30,30,Logistic Regression C = 0.00175,calibrated,4.74,0.0855487162964792,0.00326121676030057
30,30,Logistic Regression C = 0.00175,calibrated,4.75,0.159260421908096,0.00711834428207713
30,30,Logistic Regression C = 0.00175,calibrated,4.76,0.267254679792327,0.008908414453934
30,30,Logistic Regression C = 0.00175,calibrated,4.77,0.407181557961951,0.011666589533187
30,30,Logistic Regression C = 0.00175,calibrated,4.78,0.549909128060682,0.0107845850474879
30,30,Logistic Regression C = 0.00175,calibrated,4.79,0.681704283942538,0.00675501188873189
30,30,Logistic Regression C = 0.00175,calibrated,4.81,0.867223719805047,0.00785119823642133
30,30,Logistic Regression C = 0.00175,calibrated,4.82,0.922377868248689,0.00437312505812124
30,30,Logistic Regression C = 0.00175,calibrated,4.83,0.955646776971275,0.00291736809278303
30,30,Logistic Regression C = 0.00175,calibrated,4.84,0.973389866699054,0.00284377490031823
30,30,Logistic Regression C = 0.00175,calibrated,4.85,0.985284358521658,0.00126424202767096
30,30,Logistic Regression C = 0.00175,calibrated,4.86,0.991754932873423,0.00106737688824498
30,30,Logistic Regression C = 0.00175,calibrated,4.87,0.99523325413963,0.000394201272804698
30,30,Logistic Regression C = 0.00175,calibrated,4.88,0.997135339965023,0.000224293590237623
30,30,Logistic Regression C = 0.00175,calibrated,4.9,0.998961143012338,9.7474827434292E-05
30,30,Logistic Regression C = 0.00175,calibrated,4.93,0.999766253215285,2.3771648312182E-05
30,30,Logistic Regression C = 0.00175,uncalibrated,4.67,2.88013065409628E-08,6.81071322606174E-09
30,30,Logistic Regression C = 0.00175,uncalibrated,4.7,3.86638127905216E-05,2.31981466592975E-05
30,30,Logistic Regression C = 0.00175,uncalibrated,4.72,0.0026753990639695,0.000660476482001611
30,30,Logistic Regression C = 0.00175,uncalibrated,4.73,0.0128153119060589,0.00173633599609377
30,30,Logistic Regression C = 0.00175,uncalibrated,4.74,0.043414437565711,0.00386803984240774
30,30,Logistic Regression C = 0.00175,uncalibrated,4.75,0.121426366124306,0.00872613206639069
30,30,Logistic Regression C = 0.00175,uncalibrated,4.76,0.257812129813885,0.0116261274354838
30,30,Logistic Regression C = 0.00175,uncalibrated,4.77,0.458667025879048,0.0138553143217329
30,30,Logistic Regression C = 0.00175,uncalibrated,4.78,0.655886524391804,0.0135109482808176
30,30,Logistic Regression C = 0.00175,uncalibrated,4.79,0.81945400739515,0.00739692836727034
30,30,Logistic Regression C = 0.00175,uncalibrated,4.81,0.965055777385866,0.00335589065754407
30,30,Logistic Regression C = 0.00175,uncalibrated,4.82,0.987947043722507,0.00244871701576049
30,30,Logistic Regression C = 0.00175,uncalibrated,4.83,0.996427003399785,0.000947468116590466
30,30,Logistic Regression C = 0.00175,uncalibrated,4.84,0.998787772463479,0.000326051902912017
30,30,Logistic Regression C = 0.00175,uncalibrated,4.85,0.999673417111791,0.000108309582307399
30,30,Logistic Regression C = 0.00175,uncalibrated,4.86,0.999902446357287,3.72890580140866E-05
30,30,Logistic Regression C = 0.00175,uncalibrated,4.87,0.999980422580157,4.6306509558319E-06
30,30,Logistic Regression C = 0.00175,uncalibrated,4.88,0.999994373798914,2.06853162800892E-06
30,30,Logistic Regression C = 0.00175,uncalibrated,4.9,0.99999873656569,4.95314267101588E-07
30,30,Logistic Regression C = 0.00175,uncalibrated,4.93,0.999999982689957,3.77675446039793E-09
30,30,Decision Tree,calibrated,4.67,0.000159261026288774,6.40276233237868E-19
30,30,Decision Tree,calibrated,4.7,0.000293032961701162,0.000133771935412367
30,30,Decision Tree,calibrated,4.72,0.00294354848384427,0.000783673634036253
30,30,Decision Tree,calibrated,4.73,0.010420214834025,0.00277782727946598
30,30,Decision Tree,calibrated,4.74,0.0332336573879852,0.0043703525348815
30,30,Decision Tree,calibrated,4.75,0.077735659213725,0.00492141460549114
30,30,Decision Tree,calibrated,4.76,0.156103394917168,0.0113667719169162
30,30,Decision Tree,calibrated,4.77,0.290930425946184,0.00802474041798248
30,30,Decision Tree,calibrated,4.78,0.453115067767045,0.0129071110083959
30,30,Decision Tree,calibrated,4.79,0.621938971820167,0.0112456265580741
30,30,Decision Tree,calibrated,4.81,0.857916820075214,0.010225036943273
30,30,Decision Tree,calibrated,4.82,0.934346143362192,0.00423185818447893
30,30,Decision Tree,calibrated,4.83,0.969642984904361,0.00260831381413879
30,30,Decision Tree,calibrated,4.84,0.988201956476411,0.00160470923809609
30,30,Decision Tree,calibrated,4.85,0.995269249060392,0.000788702348474448
30,30,Decision Tree,calibrated,4.86,0.998300064401998,0.000401276852003424
30,30,Decision Tree,calibrated,4.87,0.998957292807403,0.000310926216163309
30,30,Decision Tree,calibrated,4.88,0.999761896367987,5.27384613212717E-05
30,30,Decision Tree,calibrated,4.9,0.999799950683256,3.69881113935772E-05
30,30,Decision Tree,calibrated,4.93,0.999836938794604,4.9026121308903E-15
30,30,Decision Tree,uncalibrated,4.67,0,0
30,30,Decision Tree,uncalibrated,4.7,0.000200722601364904,0.000200722601364914
30,30,Decision Tree,uncalibrated,4.72,0.00284495021337127,0.00142247510668563
30,30,Decision Tree,uncalibrated,4.73,0.0117386866281048,0.00255188839741409
30,30,Decision Tree,uncalibrated,4.74,0.037240932642487,0.00518134715025906
30,30,Decision Tree,uncalibrated,4.75,0.0874572051042639,0.00605049603065467
30,30,Decision Tree,uncalibrated,4.76,0.174446439257929,0.0116696588868941
30,30,Decision Tree,uncalibrated,4.77,0.318658892128291,0.0086916324798995
30,30,Decision Tree,uncalibrated,4.78,0.488194444444444,0.0133708961628431
30,30,Decision Tree,uncalibrated,4.79,0.656670252824098,0.0116059435236102
30,30,Decision Tree,uncalibrated,4.81,0.882607588489942,0.00967659791189207
30,30,Decision Tree,uncalibrated,4.82,0.948172394980901,0.00402227238489015
30,30,Decision Tree,uncalibrated,4.83,0.978494623655921,0.00233585611960588
30,30,Decision Tree,uncalibrated,4.84,0.99231843575419,0.00139016704431788
30,30,Decision Tree,uncalibrated,4.85,0.996899224806201,0.000822217187426157
30,30,Decision Tree,uncalibrated,4.86,0.999177438307873,0.000352526439482914
30,30,Decision Tree,uncalibrated,4.87,0.999393571861724,0.000265492733708584
30,30,Decision Tree,uncalibrated,4.88,1,0
30,30,Decision Tree,uncalibrated,4.9,1,0
30,30,Decision Tree,uncalibrated,4.93,1,0
30,30,Random Forest,calibrated,4.67,0.000159261030238211,8.53701644317157E-19
30,30,Random Forest,calibrated,4.7,0.000159794587357516,4.0640603972719E-07
30,30,Random Forest,calibrated,4.72,0.000182920429261157,4.42759657085791E-06
30,30,Random Forest,calibrated,4.73,0.000786527157123777,0.000240783572638445
30,30,Random Forest,calibrated,4.74,0.004289659110584,0.000751439666595448
30,30,Random Forest,calibrated,4.75,0.0251884537251704,0.00249086236158618
30,30,Random Forest,calibrated,4.76,0.0994175658451825,0.00766918830905416
30,30,Random Forest,calibrated,4.77,0.288090639663344,0.0148969824326933
30,30,Random Forest,calibrated,4.78,0.550937161168241,0.0162613486757406
30,30,Random Forest,calibrated,4.79,0.795738509783514,0.0112886163778811
30,30,Random Forest,calibrated,4.81,0.979556687978277,0.00278751850925618
30,30,Random Forest,calibrated,4.82,0.996415548243997,0.000783556152441649
30,30,Random Forest,calibrated,4.83,0.999116150924321,0.000172325053669376
30,30,Random Forest,calibrated,4.84,0.999688433158847,4.87227201598772E-05
30,30,Random Forest,calibrated,4.85,0.99981070265373,3.91380870433666E-06
30,30,Random Forest,calibrated,4.86,0.999829036602775,1.64274614505848E-06
30,30,Random Forest,calibrated,4.87,0.99983398862749,8.61355415977079E-07
30,30,Random Forest,calibrated,4.88,0.999836105373153,4.56538124934374E-07
30,30,Random Forest,calibrated,4.9,0.99983688058982,5.84561378692888E-08
30,30,Random Forest,calibrated,4.93,0.999836939599383,5.88313455706836E-15
30,30,Random Forest,uncalibrated,4.67,0,0
30,30,Random Forest,uncalibrated,4.7,6.52045050385299E-05,4.84060447751373E-05
30,30,Random Forest,uncalibrated,4.72,0.00220909416398138,0.000257278177105127
30,30,Random Forest,uncalibrated,4.73,0.00845185437223546,0.000898264715889759
30,30,Random Forest,uncalibrated,4.74,0.0270694444444449,0.00134431365815915
30,30,Random Forest,uncalibrated,4.75,0.0717693744164332,0.00326483464892768
30,30,Random Forest,uncalibrated,4.76,0.161161729503291,0.00626904144659447
30,30,Random Forest,uncalibrated,4.77,0.314898575744497,0.0103287690291055
30,30,Random Forest,uncalibrated,4.78,0.503071527777778,0.0110564033276117
30,30,Random Forest,uncalibrated,4.79,0.688072888649812,0.00890514364968993
30,30,Random Forest,uncalibrated,4.81,0.902864782276547,0.00466004583651641
30,30,Random Forest,uncalibrated,4.82,0.953387338325391,0.00196322879261022
30,30,Random Forest,uncalibrated,4.83,0.979666797848616,0.00126496837144193
30,30,Random Forest,uncalibrated,4.84,0.992079841713221,0.000729226189285244
30,30,Random Forest,uncalibrated,4.85,0.99734819121447,0.000262286789566397
30,30,Random Forest,uncalibrated,4.86,0.999146054181393,0.000128786467674863
30,30,Random Forest,uncalibrated,4.87,0.999629496402878,9.18206129591569E-05
30,30,Random Forest,uncalibrated,4.88,0.999899542359638,3.31675299569642E-05
30,30,Random Forest,uncalibrated,4.9,0.999992229992241,7.77000776999518E-06
30,30,Random Forest,uncalibrated,4.93,1,0
30,30,Gradient Boosted Trees,calibrated,4.67,0.000159261025842525,7.88379754938751E-19
30,30,Gradient Boosted Trees,calibrated,4.7,0.000159936805845928,5.82978912672967E-07
30,30,Gradient Boosted Trees,calibrated,4.72,0.000214328615231787,1.31533177592812E-05
30,30,Gradient Boosted Trees,calibrated,4.73,0.000708352008931905,0.000224673504731438
30,30,Gradient Boosted Trees,calibrated,4.74,0.0036706248843944,0.000598036062290517
30,30,Gradient Boosted Trees,calibrated,4.75,0.0196444336016864,0.00217999734755837
30,30,Gradient Boosted Trees,calibrated,4.76,0.079995515360305,0.0064622132688185
30,30,Gradient Boosted Trees,calibrated,4.77,0.244822258196106,0.0134789423699741
30,30,Gradient Boosted Trees,calibrated,4.78,0.493761481106956,0.0161695826611482
30,30,Gradient Boosted Trees,calibrated,4.79,0.748774376720039,0.011720594955128
30,30,Gradient Boosted Trees,calibrated,4.81,0.968072115934296,0.00374115617632681
30,30,Gradient Boosted Trees,calibrated,4.82,0.993208357979333,0.00119374646907836
30,30,Gradient Boosted Trees,calibrated,4.83,0.998365523256094,0.000236962492680526
30,30,Gradient Boosted Trees,calibrated,4.84,0.999546422291481,7.65799295905922E-05
30,30,Gradient Boosted Trees,calibrated,4.85,0.999774935600311,9.28467671990893E-06
30,30,Gradient Boosted Trees,calibrated,4.86,0.999820971180585,3.81052210711512E-06
30,30,Gradient Boosted Trees,calibrated,4.87,0.999828427282818,2.50624706382029E-06
30,30,Gradient Boosted Trees,calibrated,4.88,0.999835559927062,7.05916122629896E-07
30,30,Gradient Boosted Trees,calibrated,4.9,0.999836734546776,2.04255022094632E-07
30,30,Gradient Boosted Trees,calibrated,4.93,0.999836938801839,3.42193717970894E-15
30,30,Gradient Boosted Trees,uncalibrated,4.67,2.16568048796604E-05,6.60468475213207E-20
30,30,Gradient Boosted Trees,uncalibrated,4.7,2.18465868031815E-05,1.89781923520826E-07
30,30,Gradient Boosted Trees,uncalibrated,4.72,4.33453635144099E-05,9.75025873607688E-06
30,30,Gradient Boosted Trees,uncalibrated,4.73,0.000350493240200497,0.000274481643584933
30,30,Gradient Boosted Trees,uncalibrated,4.74,0.00225665395919331,0.000536292597196135
30,30,Gradient Boosted Trees,uncalibrated,4.75,0.013756003479023,0.00218878552657561
30,30,Gradient Boosted Trees,uncalibrated,4.76,0.0642511713263635,0.00600720891299019
30,30,Gradient Boosted Trees,uncalibrated,4.77,0.222593893131409,0.0141138454922755
30,30,Gradient Boosted Trees,uncalibrated,4.78,0.477481538864215,0.0168804935538706
30,30,Gradient Boosted Trees,uncalibrated,4.79,0.748176565869681,0.0117608146005831
30,30,Gradient Boosted Trees,uncalibrated,4.81,0.972034242160028,0.00418207080322375
30,30,Gradient Boosted Trees,uncalibrated,4.82,0.995237606280547,0.00128397365819589
30,30,Gradient Boosted Trees,uncalibrated,4.83,0.999178872669386,0.000239831180343235
30,30,Gradient Boosted Trees,uncalibrated,4.84,0.999890588364225,3.46115776687084E-05
30,30,Gradient Boosted Trees,uncalibrated,4.85,0.999965020533663,2.41392988109546E-06
30,30,Gradient Boosted Trees,uncalibrated,4.86,0.999974847233496,9.51117893480753E-07
30,30,Gradient Boosted Trees,uncalibrated,4.87,0.999976345992949,7.66207511836363E-07
30,30,Gradient Boosted Trees,uncalibrated,4.88,0.999977638427775,1.44409064063749E-07
30,30,Gradient Boosted Trees,uncalibrated,4.9,0.999977820565131,3.32630614702066E-08
30,30,Gradient Boosted Trees,uncalibrated,4.93,0.99997785382814,5.88313455706836E-15
30,30,kNN,calibrated,4.67,0.000159261026288774,6.40276233237868E-19
30,30,kNN,calibrated,4.7,0.000159261026288775,6.40276233237868E-19
30,30,kNN,calibrated,4.72,0.000160159418411802,8.98392123022154E-07
30,30,kNN,calibrated,4.73,0.0022123287784093,0.000595815690049493
30,30,kNN,calibrated,4.74,0.0153609720419768,0.00200859635298946
30,30,kNN,calibrated,4.75,0.073533967466412,0.00522421589807356
30,30,kNN,calibrated,4.76,0.215646709019512,0.012060369759404
30,30,kNN,calibrated,4.77,0.476973285112829,0.0151487703026362
30,30,kNN,calibrated,4.78,0.732940827411659,0.0135911282022722
30,30,kNN,calibrated,4.79,0.902760406137384,0.00580686078595699
30,30,kNN,calibrated,4.81,0.993835807261298,0.000927772200981986
30,30,kNN,calibrated,4.82,0.999516015527236,0.000220180173402065
30,30,kNN,calibrated,4.83,0.999715796304845,0.000119297486800131
30,30,kNN,calibrated,4.84,0.99983633026821,6.08526428657052E-07
30,30,kNN,calibrated,4.85,0.999836938794591,4.11831391011561E-15
30,30,kNN,calibrated,4.86,0.999836938794608,4.64439612620813E-15
30,30,kNN,calibrated,4.87,0.999836938794604,3.92208970471224E-15
30,30,kNN,calibrated,4.88,0.999836938794604,4.9026121308903E-15
30,30,kNN,calibrated,4.9,0.999836938794595,4.9026121308903E-15
30,30,kNN,calibrated,4.93,0.999836938794604,4.9026121308903E-15
30,30,kNN,uncalibrated,4.67,0,0
30,30,kNN,uncalibrated,4.7,0,0
30,30,kNN,uncalibrated,4.72,3.61729064930387E-05,3.61729064930367E-05
30,30,kNN,uncalibrated,4.73,0.00210992002722477,0.000683166918491909
30,30,kNN,uncalibrated,4.74,0.0153871072238419,0.00191453214846611
30,30,kNN,uncalibrated,4.75,0.0729847494553376,0.00512153611451596
30,30,kNN,uncalibrated,4.76,0.213704368641532,0.0106823184087132
30,30,kNN,uncalibrated,4.77,0.46517047906776,0.0157629993732081
30,30,kNN,uncalibrated,4.78,0.716472222222223,0.0138182648854495
30,30,kNN,uncalibrated,4.79,0.889696969696967,0.00594804564673226
30,30,kNN,uncalibrated,4.81,0.991774891774892,0.00114591291061872
30,30,kNN,uncalibrated,4.82,0.999183117767189,0.000307463302672231
30,30,kNN,uncalibrated,4.83,0.999868835257082,0.000104462298491701
30,30,kNN,uncalibrated,4.84,0.999976470588257,2.35294117647578E-05
30,30,kNN,uncalibrated,4.85,1,0
30,30,kNN,uncalibrated,4.86,1,0
30,30,kNN,uncalibrated,4.87,1,0
30,30,kNN,uncalibrated,4.88,1,0
30,30,kNN,uncalibrated,4.9,1,0
30,30,kNN,uncalibrated,4.93,1,0
30,30,kNN kd_tree,calibrated,4.67,0.000159261026288774,6.40276233237868E-19
30,30,kNN kd_tree,calibrated,4.7,0.000159261026288775,6.40276233237868E-19
30,30,kNN kd_tree,calibrated,4.72,0.000160159418411802,8.98392123022154E-07
30,30,kNN kd_tree,calibrated,4.73,0.0022123287784093,0.000595815690049493
30,30,kNN kd_tree,calibrated,4.74,0.0153609720419768,0.00200859635298946
30,30,kNN kd_tree,calibrated,4.75,0.073533967466412,0.00522421589807356
30,30,kNN kd_tree,calibrated,4.76,0.215646709019512,0.012060369759404
30,30,kNN kd_tree,calibrated,4.77,0.476973285112829,0.0151487703026362
30,30,kNN kd_tree,calibrated,4.78,0.732940827411659,0.0135911282022722
30,30,kNN kd_tree,calibrated,4.79,0.902760406137384,0.00580686078595699
30,30,kNN kd_tree,calibrated,4.81,0.993835807261298,0.000927772200981986
30,30,kNN kd_tree,calibrated,4.82,0.999516015527236,0.000220180173402065
30,30,kNN kd_tree,calibrated,4.83,0.999715796304845,0.000119297486800131
30,30,kNN kd_tree,calibrated,4.84,0.99983633026821,6.08526428657052E-07
30,30,kNN kd_tree,calibrated,4.85,0.999836938794591,4.11831391011561E-15
30,30,kNN kd_tree,calibrated,4.86,0.999836938794608,4.64439612620813E-15
30,30,kNN kd_tree,calibrated,4.87,0.999836938794604,3.92208970471224E-15
30,30,kNN kd_tree,calibrated,4.88,0.999836938794604,4.9026121308903E-15
30,30,kNN kd_tree,calibrated,4.9,0.999836938794595,4.9026121308903E-15
30,30,kNN kd_tree,calibrated,4.93,0.999836938794604,4.9026121308903E-15
30,30,kNN kd_tree,uncalibrated,4.67,0,0
30,30,kNN kd_tree,uncalibrated,4.7,0,0
30,30,kNN kd_tree,uncalibrated,4.72,3.61729064930387E-05,3.61729064930367E-05
30,30,kNN kd_tree,uncalibrated,4.73,0.00210992002722477,0.000683166918491909
30,30,kNN kd_tree,uncalibrated,4.74,0.0153871072238419,0.00191453214846611
30,30,kNN kd_tree,uncalibrated,4.75,0.0729847494553376,0.00512153611451596
30,30,kNN kd_tree,uncalibrated,4.76,0.213704368641532,0.0106823184087132
30,30,kNN kd_tree,uncalibrated,4.77,0.46517047906776,0.0157629993732081
30,30,kNN kd_tree,uncalibrated,4.78,0.716472222222223,0.0138182648854495
30,30,kNN kd_tree,uncalibrated,4.79,0.889696969696967,0.00594804564673226
30,30,kNN kd_tree,uncalibrated,4.81,0.991774891774892,0.00114591291061872
30,30,kNN kd_tree,uncalibrated,4.82,0.999183117767189,0.000307463302672231
30,30,kNN kd_tree,uncalibrated,4.83,0.999868835257082,0.000104462298491701
30,30,kNN kd_tree,uncalibrated,4.84,0.999976470588257,2.35294117647578E-05
30,30,kNN kd_tree,uncalibrated,4.85,1,0
30,30,kNN kd_tree,uncalibrated,4.86,1,0
30,30,kNN kd_tree,uncalibrated,4.87,1,0
30,30,kNN kd_tree,uncalibrated,4.88,1,0
30,30,kNN kd_tree,uncalibrated,4.9,1,0
30,30,kNN kd_tree,uncalibrated,4.93,1,0
30,30,kNN ball_tree,calibrated,4.67,0.000159261026288774,6.40276233237868E-19
30,30,kNN ball_tree,calibrated,4.7,0.000159261026288775,6.40276233237868E-19
30,30,kNN ball_tree,calibrated,4.72,0.000160159418411802,8.98392123022154E-07
30,30,kNN ball_tree,calibrated,4.73,0.0022123287784093,0.000595815690049493
30,30,kNN ball_tree,calibrated,4.74,0.0153609720419768,0.00200859635298946
30,30,kNN ball_tree,calibrated,4.75,0.073533967466412,0.00522421589807356
30,30,kNN ball_tree,calibrated,4.76,0.215646709019512,0.012060369759404
30,30,kNN ball_tree,calibrated,4.77,0.476973285112829,0.0151487703026362
30,30,kNN ball_tree,calibrated,4.78,0.732940827411659,0.0135911282022722
30,30,kNN ball_tree,calibrated,4.79,0.902760406137384,0.00580686078595699
30,30,kNN ball_tree,calibrated,4.81,0.993835807261298,0.000927772200981986
30,30,kNN ball_tree,calibrated,4.82,0.999516015527236,0.000220180173402065
30,30,kNN ball_tree,calibrated,4.83,0.999715796304845,0.000119297486800131
30,30,kNN ball_tree,calibrated,4.84,0.99983633026821,6.08526428657052E-07
30,30,kNN ball_tree,calibrated,4.85,0.999836938794591,4.11831391011561E-15
30,30,kNN ball_tree,calibrated,4.86,0.999836938794608,4.64439612620813E-15
30,30,kNN ball_tree,calibrated,4.87,0.999836938794604,3.92208970471224E-15
30,30,kNN ball_tree,calibrated,4.88,0.999836938794604,4.9026121308903E-15
30,30,kNN ball_tree,calibrated,4.9,0.999836938794595,4.9026121308903E-15
30,30,kNN ball_tree,calibrated,4.93,0.999836938794604,4.9026121308903E-15
30,30,kNN ball_tree,uncalibrated,4.67,0,0
30,30,kNN ball_tree,uncalibrated,4.7,0,0
30,30,kNN ball_tree,uncalibrated,4.72,3.61729064930387E-05,3.61729064930367E-05
30,30,kNN ball_tree,uncalibrated,4.73,0.00210992002722477,0.000683166918491909
30,30,kNN ball_tree,uncalibrated,4.74,0.0153871072238419,0.00191453214846611
30,30,kNN ball_tree,uncalibrated,4.75,0.0729847494553376,0.00512153611451596
30,30,kNN ball_tree,uncalibrated,4.76,0.213704368641532,0.0106823184087132
30,30,kNN ball_tree,uncalibrated,4.77,0.46517047906776,0.0157629993732081
30,30,kNN ball_tree,uncalibrated,4.78,0.716472222222223,0.0138182648854495
30,30,kNN ball_tree,uncalibrated,4.79,0.889696969696967,0.00594804564673226
30,30,kNN ball_tree,uncalibrated,4.81,0.991774891774892,0.00114591291061872
30,30,kNN ball_tree,uncalibrated,4.82,0.999183117767189,0.000307463302672231
30,30,kNN ball_tree,uncalibrated,4.83,0.999868835257082,0.000104462298491701
30,30,kNN ball_tree,uncalibrated,4.84,0.999976470588257,2.35294117647578E-05
30,30,kNN ball_tree,uncalibrated,4.85,1,0
30,30,kNN ball_tree,uncalibrated,4.86,1,0
30,30,kNN ball_tree,uncalibrated,4.87,1,0
30,30,kNN ball_tree,uncalibrated,4.88,1,0
30,30,kNN ball_tree,uncalibrated,4.9,1,0
30,30,kNN ball_tree,uncalibrated,4.93,1,0
30,30,SVM (RBF),calibrated,4.67,0.000307437321907316,2.81218479269723E-05
30,30,SVM (RBF),calibrated,4.7,0.00541709546451834,0.000273367506443976
30,30,SVM (RBF),calibrated,4.72,0.0323625225679921,0.00120461909512394
30,30,SVM (RBF),calibrated,4.73,0.0724507723635426,0.00192611544741848
30,30,SVM (RBF),calibrated,4.74,0.14832174631966,0.00350021216562089
30,30,SVM (RBF),calibrated,4.75,0.264804778566836,0.00747745877994822
30,30,SVM (RBF),calibrated,4.76,0.415786297568928,0.00771354855366173
30,30,SVM (RBF),calibrated,4.77,0.579706660487295,0.00800289167381789
30,30,SVM (RBF),calibrated,4.78,0.72040146030239,0.00702547351164956
30,30,SVM (RBF),calibrated,4.79,0.831819641263878,0.00433401339498066
30,30,SVM (RBF),calibrated,4.81,0.942222979823268,0.0029107074163558
30,30,SVM (RBF),calibrated,4.82,0.968027338699353,0.00113536038377919
30,30,SVM (RBF),calibrated,4.83,0.981894898748659,0.000533037889734899
30,30,SVM (RBF),calibrated,4.84,0.98903596029104,0.000805174845161294
30,30,SVM (RBF),calibrated,4.85,0.993646281362949,0.000241118227866552
30,30,SVM (RBF),calibrated,4.86,0.996065383554401,0.000139668381272299
30,30,SVM (RBF),calibrated,4.87,0.99738708670957,9.20542432710444E-05
30,30,SVM (RBF),calibrated,4.88,0.998244698138938,5.87047111385268E-05
30,30,SVM (RBF),calibrated,4.9,0.999196682618009,2.52673339049197E-05
30,30,SVM (RBF),calibrated,4.93,0.999686681684968,1.16842582497745E-05
30,30,SVM (RBF),uncalibrated,4.67,0.20084385870965,0.00157722900116086
30,30,SVM (RBF),uncalibrated,4.7,0.28267266795881,0.00139987678187078
30,30,SVM (RBF),uncalibrated,4.72,0.344006039140326,0.0012885680140827
30,30,SVM (RBF),uncalibrated,4.73,0.376631021203803,0.00104929720771165
30,30,SVM (RBF),uncalibrated,4.74,0.41042998544519,0.00109861215990993
30,30,SVM (RBF),uncalibrated,4.75,0.443140590208351,0.0017153986513345
30,30,SVM (RBF),uncalibrated,4.76,0.475285915671695,0.00150259073039571
30,30,SVM (RBF),uncalibrated,4.77,0.5068259998561,0.00156219848008541
30,30,SVM (RBF),uncalibrated,4.78,0.535795934707531,0.00152818446968448
30,30,SVM (RBF),uncalibrated,4.79,0.564527791739863,0.0014555877021384
30,30,SVM (RBF),uncalibrated,4.81,0.612250044423655,0.00200050470514335
30,30,SVM (RBF),uncalibrated,4.82,0.635141828452907,0.00101913300835847
30,30,SVM (RBF),uncalibrated,4.83,0.655730866506388,0.000962975693795464
30,30,SVM (RBF),uncalibrated,4.84,0.672667877684261,0.0017374439593751
30,30,SVM (RBF),uncalibrated,4.85,0.690703989835095,0.00115549857189298
30,30,SVM (RBF),uncalibrated,4.86,0.705639393142872,0.00100600687642389
30,30,SVM (RBF),uncalibrated,4.87,0.718569120409057,0.000965128024213902
30,30,SVM (RBF),uncalibrated,4.88,0.730304252006492,0.000970088214709317
30,30,SVM (RBF),uncalibrated,4.9,0.753247672659959,0.000922356001008045
30,30,SVM (RBF),uncalibrated,4.93,0.777958431169964,0.00109849455135064
30,30,Neural Network,calibrated,4.67,0.000212339380174131,9.09131159636453E-19
30,30,Neural Network,calibrated,4.7,0.000948085034730449,0.000298559748332148
30,30,Neural Network,calibrated,4.72,0.00737684581873479,0.00128329974094931
30,30,Neural Network,calibrated,4.73,0.0206299174027828,0.00244935274290837
30,30,Neural Network,calibrated,4.74,0.0502864457695558,0.00325112895188709
30,30,Neural Network,calibrated,4.75,0.100437836241194,0.00633935904655026
30,30,Neural Network,calibrated,4.76,0.176325410138843,0.00696981245678784
30,30,Neural Network,calibrated,4.77,0.285930956520871,0.0109904600211105
30,30,Neural Network,calibrated,4.78,0.405881156629836,0.0125434305843037
30,30,Neural Network,calibrated,4.79,0.533431876189929,0.0084513406811378
30,30,Neural Network,calibrated,4.81,0.758409606831663,0.0160572136859264
30,30,Neural Network,calibrated,4.82,0.846200762414344,0.00648090063570862
30,30,Neural Network,calibrated,4.83,0.910401252246212,0.00798281496219577
30,30,Neural Network,calibrated,4.84,0.945177431258879,0.00756756487545185
30,30,Neural Network,calibrated,4.85,0.972028018138439,0.00349051610462771
30,30,Neural Network,calibrated,4.86,0.9856231440651,0.00334029805434176
30,30,Neural Network,calibrated,4.87,0.993160294873127,0.0011828007278973
30,30,Neural Network,calibrated,4.88,0.996676543096948,0.000702962973179612
30,30,Neural Network,calibrated,4.9,0.999141610172579,0.000301039629517731
30,30,Neural Network,calibrated,4.93,0.999836939190816,6.17747086517342E-15
30,30,Neural Network,uncalibrated,4.67,0,0
30,30,Neural Network,uncalibrated,4.7,0.000200722601364904,0.000200722601364914
30,30,Neural Network,uncalibrated,4.72,0.00942350721212205,0.002005364695892
30,30,Neural Network,uncalibrated,4.73,0.0261218340990444,0.00444148271763431
30,30,Neural Network,uncalibrated,4.74,0.0669394039528265,0.00459943411776798
30,30,Neural Network,uncalibrated,4.75,0.142472886613034,0.0105200707013312
30,30,Neural Network,uncalibrated,4.76,0.260538993735742,0.011666105977374
30,30,Neural Network,uncalibrated,4.77,0.419000474159029,0.0129129543711848
30,30,Neural Network,uncalibrated,4.78,0.579897750810961,0.0132654991165162
30,30,Neural Network,uncalibrated,4.79,0.725716704565324,0.0097831481134573
30,30,Neural Network,uncalibrated,4.81,0.909689229361019,0.00876858077051912
30,30,Neural Network,uncalibrated,4.82,0.956381741876126,0.00783700798625175
30,30,Neural Network,uncalibrated,4.83,0.982906935253025,0.00246521042727524
30,30,Neural Network,uncalibrated,4.84,0.99134914820863,0.00235659004129097
30,30,Neural Network,uncalibrated,4.85,0.99715895903742,0.000680526882556661
30,30,Neural Network,uncalibrated,4.86,0.998472344280166,0.000822496594315028
30,30,Neural Network,uncalibrated,4.87,0.99975742869483,0.000242571254745314
30,30,Neural Network,uncalibrated,4.88,1,0
30,30,Neural Network,uncalibrated,4.9,1,0
30,30,Neural Network,uncalibrated,4.93,1,0
20,20,Logistic Regression,calibrated,4.67,0.000281569640266878,2.50872500779905E-05
20,20,Logistic Regression,calibrated,4.7,0.00330785137968738,0.000321290564146075
20,20,Logistic Regression,calibrated,4.72,0.0165802685197543,0.00102683036349283
20,20,Logistic Regression,calibrated,4.73,0.0372352686126396,0.00234641375654304
20,20,Logistic Regression,calibrated,4.74,0.0775461774720862,0.00350537673920042
20,20,Logistic Regression,calibrated,4.75,0.141040041372328,0.00805699910936483
20,20,Logistic Regression,calibrated,4.76,0.237578206589106,0.00997529706945059
20,20,Logistic Regression,calibrated,4.77,0.363015579087833,0.0128759283337821
20,20,Logistic Regression,calibrated,4.78,0.496869654431654,0.0110514260044795
20,20,Logistic Regression,calibrated,4.79,0.624314428381834,0.00814246779844133
20,20,Logistic Regression,calibrated,4.81,0.826153220013884,0.0105106769598595
20,20,Logistic Regression,calibrated,4.82,0.891481944911416,0.00652550144150347
20,20,Logistic Regression,calibrated,4.83,0.935237731071848,0.0041886551829271
20,20,Logistic Regression,calibrated,4.84,0.960460568956588,0.00435779331285657
20,20,Logistic Regression,calibrated,4.85,0.977269952534152,0.00231846859391891
20,20,Logistic Regression,calibrated,4.86,0.98721442614149,0.00193717399716928
20,20,Logistic Regression,calibrated,4.87,0.992548125386237,0.000636242808049003
20,20,Logistic Regression,calibrated,4.88,0.995766093970439,0.000399013382848963
20,20,Logistic Regression,calibrated,4.9,0.998513555736976,0.000158063348936699
20,20,Logistic Regression,calibrated,4.93,0.999733594291548,2.91013453955541E-05
20,20,Logistic Regression,uncalibrated,4.67,5.28884457017377E-09,3.09113992598985E-09
20,20,Logistic Regression,uncalibrated,4.7,4.85646909409971E-05,4.40942017955738E-05
20,20,Logistic Regression,uncalibrated,4.72,0.0030013113374264,0.000861000126392169
20,20,Logistic Regression,uncalibrated,4.73,0.0131144422749857,0.00220510833240851
20,20,Logistic Regression,uncalibrated,4.74,0.0400126275272112,0.00351057573029033
20,20,Logistic Regression,uncalibrated,4.75,0.0946497417017955,0.00942756241009578
20,20,Logistic Regression,uncalibrated,4.76,0.19756839492738,0.0114053511613401
20,20,Logistic Regression,uncalibrated,4.77,0.353606667937114,0.0168008061047122
20,20,Logistic Regression,uncalibrated,4.78,0.525432697662927,0.0140432466747481
20,20,Logistic Regression,uncalibrated,4.79,0.687324009560092,0.0101235433017269
20,20,Logistic Regression,uncalibrated,4.81,0.901814600040301,0.00758263874146291
20,20,Logistic Regression,uncalibrated,4.82,0.9552439860803,0.00768463087022866
20,20,Logistic Regression,uncalibrated,4.83,0.981559144419056,0.00199332939396924
20,20,Logistic Regression,uncalibrated,4.84,0.993391374790079,0.00182136724002507
20,20,Logistic Regression,uncalibrated,4.85,0.997275373321986,0.000861443195338357
20,20,Logistic Regression,uncalibrated,4.86,0.99918378887058,0.000361083160185202
20,20,Logistic Regression,uncalibrated,4.87,0.999918291635252,4.52491578472299E-05
20,20,Logistic Regression,uncalibrated,4.88,0.999977991799095,1.52231665732083E-05
20,20,Logistic Regression,uncalibrated,4.9,0.99999830121161,1.09732318739619E-06
20,20,Logistic Regression,uncalibrated,4.93,0.999999997612045,1.29518729283717E-09
20,20,Logistic Regression C = 0.00175,calibrated,4.67,0.000214699220818869,1.01986703053422E-05
20,20,Logistic Regression C = 0.00175,calibrated,4.7,0.00317127809508629,0.000173811215403678
20,20,Logistic Regression C = 0.00175,calibrated,4.72,0.0180250378692801,0.000794990169334024
20,20,Logistic Regression C = 0.00175,calibrated,4.73,0.0412537821140132,0.00153970824471401
20,20,Logistic Regression C = 0.00175,calibrated,4.74,0.0883713087053047,0.00315832490849299
20,20,Logistic Regression C = 0.00175,calibrated,4.75,0.168991276445485,0.00739991956656498
20,20,Logistic Regression C = 0.00175,calibrated,4.76,0.28618285596066,0.00995270258975672
20,20,Logistic Regression C = 0.00175,calibrated,4.77,0.435800102516636,0.012513027102271
20,20,Logistic Regression C = 0.00175,calibrated,4.78,0.58717079542564,0.0103693127705432
20,20,Logistic Regression C = 0.00175,calibrated,4.79,0.720893082638561,0.00700676326072263
20,20,Logistic Regression C = 0.00175,calibrated,4.81,0.892405324800231,0.00611529854518617
20,20,Logistic Regression C = 0.00175,calibrated,4.82,0.938856553718087,0.00362656002118317
20,20,Logistic Regression C = 0.00175,calibrated,4.83,0.965952840034708,0.00202490581302084
20,20,Logistic Regression C = 0.00175,calibrated,4.84,0.980259835954076,0.00186916884432226
20,20,Logistic Regression C = 0.00175,calibrated,4.85,0.989088454166268,0.000781376827279893
20,20,Logistic Regression C = 0.00175,calibrated,4.86,0.993868740902946,0.000626393729641458
20,20,Logistic Regression C = 0.00175,calibrated,4.87,0.996295609065523,0.000233517313932336
20,20,Logistic Regression C = 0.00175,calibrated,4.88,0.99777456372105,0.000141896665022266
20,20,Logistic Regression C = 0.00175,calibrated,4.9,0.999171645078544,6.22596118903427E-05
20,20,Logistic Regression C = 0.00175,calibrated,4.93,0.999787936411287,1.6344937618216E-05
20,20,Logistic Regression C = 0.00175,uncalibrated,4.67,6.63548356358792E-08,9.16984188489729E-09
20,20,Logistic Regression C = 0.00175,uncalibrated,4.7,2.97807368133439E-05,1.27422941172527E-05
20,20,Logistic Regression C = 0.00175,uncalibrated,4.72,0.00163434597967046,0.000392237263114093
20,20,Logistic Regression C = 0.00175,uncalibrated,4.73,0.00873227695683991,0.00106137998602765
20,20,Logistic Regression C = 0.00175,uncalibrated,4.74,0.0334670220905021,0.00274639016408676
20,20,Logistic Regression C = 0.00175,uncalibrated,4.75,0.102963485748191,0.00877666085389692
20,20,Logistic Regression C = 0.00175,uncalibrated,4.76,0.23255208122099,0.0137506262792266
20,20,Logistic Regression C = 0.00175,uncalibrated,4.77,0.433122607879085,0.0172542205329098
20,20,Logistic Regression C = 0.00175,uncalibrated,4.78,0.641685741172619,0.0137010351379234
20,20,Logistic Regression C = 0.00175,uncalibrated,4.79,0.81106942810256,0.00792520114044179
20,20,Logistic Regression C = 0.00175,uncalibrated,4.81,0.965370109640005,0.00278111313083191
20,20,Logistic Regression C = 0.00175,uncalibrated,4.82,0.988817603671696,0.00229057258532416
20,20,Logistic Regression C = 0.00175,uncalibrated,4.83,0.996707456199641,0.000462753096266699
20,20,Logistic Regression C = 0.00175,uncalibrated,4.84,0.998921018812889,0.000277876247503195
20,20,Logistic Regression C = 0.00175,uncalibrated,4.85,0.999694053237272,0.0000707685549965001
20,20,Logistic Regression C = 0.00175,uncalibrated,4.86,0.999900370906353,3.2017789037402E-05
20,20,Logistic Regression C = 0.00175,uncalibrated,4.87,0.999970676648829,4.5880280636852E-06
20,20,Logistic Regression C = 0.00175,uncalibrated,4.88,0.999990242131796,2.10418125738292E-06
20,20,Logistic Regression C = 0.00175,uncalibrated,4.9,0.999997962851878,4.36744984363528E-07
20,20,Logistic Regression C = 0.00175,uncalibrated,4.93,0.999999933032658,1.03792229319099E-08
20,20,Decision Tree,calibrated,4.67,0.000159261026288774,6.40276233237868E-19
20,20,Decision Tree,calibrated,4.7,0.000159261026288775,6.40276233237868E-19
20,20,Decision Tree,calibrated,4.72,0.00193931386973964,0.000530132049980088
20,20,Decision Tree,calibrated,4.73,0.00889106082959027,0.00150815601694009
20,20,Decision Tree,calibrated,4.74,0.022766393302656,0.0035070730270984
20,20,Decision Tree,calibrated,4.75,0.0562673244687619,0.00526107241057615
20,20,Decision Tree,calibrated,4.76,0.126639525731947,0.0103650117737873
20,20,Decision Tree,calibrated,4.77,0.245608343130929,0.0138716080850798
20,20,Decision Tree,calibrated,4.78,0.394569129941886,0.0171152876173076
20,20,Decision Tree,calibrated,4.79,0.560181313087747,0.0165131346255669
20,20,Decision Tree,calibrated,4.81,0.831526890888987,0.0104635578958777
20,20,Decision Tree,calibrated,4.82,0.908334514992382,0.00566833794809738
20,20,Decision Tree,calibrated,4.83,0.955427238021581,0.00451935239192176
20,20,Decision Tree,calibrated,4.84,0.985625720340154,0.0020024695866096
20,20,Decision Tree,calibrated,4.85,0.992642533612211,0.00174284410009441
20,20,Decision Tree,calibrated,4.86,0.9983098166056,0.00074398260320685
20,20,Decision Tree,calibrated,4.87,0.999037835934003,0.000319641144679195
20,20,Decision Tree,calibrated,4.88,0.999278209933822,0.000275991697949984
20,20,Decision Tree,calibrated,4.9,0.999836938794595,4.9026121308903E-15
20,20,Decision Tree,calibrated,4.93,0.999836938794604,4.9026121308903E-15
20,20,Decision Tree,uncalibrated,4.67,0,0
20,20,Decision Tree,uncalibrated,4.7,0,0
20,20,Decision Tree,uncalibrated,4.72,0.00195938724617029,0.000594894449209186
20,20,Decision Tree,uncalibrated,4.73,0.00901820656797686,0.0016029814260181
20,20,Decision Tree,uncalibrated,4.74,0.023639896373057,0.00356217616580311
20,20,Decision Tree,uncalibrated,4.75,0.057889822595705,0.00523521510084169
20,20,Decision Tree,uncalibrated,4.76,0.13001196888091,0.0102393408930393
20,20,Decision Tree,uncalibrated,4.77,0.251186879585671,0.0137659314791031
20,20,Decision Tree,uncalibrated,4.78,0.401666666666667,0.0173661103913184
20,20,Decision Tree,uncalibrated,4.79,0.568719741796665,0.0169102272517998
20,20,Decision Tree,uncalibrated,4.81,0.836643748408454,0.0101390997176057
20,20,Decision Tree,uncalibrated,4.82,0.910934502603463,0.00563939415385933
20,20,Decision Tree,uncalibrated,4.83,0.957195378151262,0.00446114686675277
20,20,Decision Tree,uncalibrated,4.84,0.986963100919568,0.00182567653839578
20,20,Decision Tree,uncalibrated,4.85,0.993148028442146,0.00176475718417955
20,20,Decision Tree,uncalibrated,4.86,0.998707403055229,0.000822561692126911
20,20,Decision Tree,uncalibrated,4.87,0.999272286234071,0.000289247786966932
20,20,Decision Tree,uncalibrated,4.88,0.999441090990382,0.000276080684892172
20,20,Decision Tree,uncalibrated,4.9,1,0
20,20,Decision Tree,uncalibrated,4.93,1,0
20,20,Random Forest,calibrated,4.67,0.000159261026288774,6.40276233237868E-19
20,20,Random Forest,calibrated,4.7,0.000160678771830042,1.04239329847354E-06
20,20,Random Forest,calibrated,4.72,0.000230868461136851,1.78717532221361E-05
20,20,Random Forest,calibrated,4.73,0.000886354012144741,0.000219689416328881
20,20,Random Forest,calibrated,4.74,0.00504970937105655,0.000975747816007561
20,20,Random Forest,calibrated,4.75,0.024836804448372,0.00242993239103793
20,20,Random Forest,calibrated,4.76,0.0895262700876826,0.00614759788469451
20,20,Random Forest,calibrated,4.77,0.254045954196974,0.0152647960661685
20,20,Random Forest,calibrated,4.78,0.496500494503523,0.0158020748150801
20,20,Random Forest,calibrated,4.79,0.742436763426541,0.0118380211536626
20,20,Random Forest,calibrated,4.81,0.965467447330919,0.00317265391960142
20,20,Random Forest,calibrated,4.82,0.992051695898054,0.00144143819306826
20,20,Random Forest,calibrated,4.83,0.998041742191916,0.000286266306900124
20,20,Random Forest,calibrated,4.84,0.999432656893511,8.33804677314118E-05
20,20,Random Forest,calibrated,4.85,0.99978992466814,9.43757268910066E-06
20,20,Random Forest,calibrated,4.86,0.999814748921349,7.19677227078095E-06
20,20,Random Forest,calibrated,4.87,0.999832344080941,1.61554112005637E-06
20,20,Random Forest,calibrated,4.88,0.999834496728415,1.89508819857794E-06
20,20,Random Forest,calibrated,4.9,0.999836870457578,6.77832049480556E-08
20,20,Random Forest,calibrated,4.93,0.999836938794604,4.9026121308903E-15
20,20,Random Forest,uncalibrated,4.67,0,0
20,20,Random Forest,uncalibrated,4.7,6.62384584504215E-05,3.91518356312825E-05
20,20,Random Forest,uncalibrated,4.72,0.002904,0.000476832346238962
20,20,Random Forest,uncalibrated,4.73,0.0102177981963587,0.000871577792006026
20,20,Random Forest,uncalibrated,4.74,0.0314750895473787,0.00155004782701537
20,20,Random Forest,uncalibrated,4.75,0.0804147859922178,0.0032054326396359
20,20,Random Forest,uncalibrated,4.76,0.170935816876122,0.00600452413376653
20,20,Random Forest,uncalibrated,4.77,0.311699036109912,0.00927505570990535
20,20,Random Forest,uncalibrated,4.78,0.480222916666666,0.0105055407398428
20,20,Random Forest,uncalibrated,4.79,0.650369822485207,0.00855276870391318
20,20,Random Forest,uncalibrated,4.81,0.879132289279348,0.00457919531448941
20,20,Random Forest,uncalibrated,4.82,0.939263444520079,0.00252833008725539
20,20,Random Forest,uncalibrated,4.83,0.973309064672702,0.00167309703914519
20,20,Random Forest,uncalibrated,4.84,0.989548999068901,0.000794006989805574
20,20,Random Forest,uncalibrated,4.85,0.996556201550387,0.000436121153531134
20,20,Random Forest,uncalibrated,4.86,0.998923619271445,0.000201506201477744
20,20,Random Forest,uncalibrated,4.87,0.999537769784173,0.000124819798339604
20,20,Random Forest,uncalibrated,4.88,0.99984763924545,5.86862672477277E-05
20,20,Random Forest,uncalibrated,4.9,0.999990564990565,9.43500943496275E-06
20,20,Random Forest,uncalibrated,4.93,1,0
20,20,Gradient Boosted Trees,calibrated,4.67,0.000159261025842525,7.88379754938751E-19
20,20,Gradient Boosted Trees,calibrated,4.7,0.000162868846689952,3.41471395996353E-06
20,20,Gradient Boosted Trees,calibrated,4.72,0.000275463567377627,3.37504868614789E-05
20,20,Gradient Boosted Trees,calibrated,4.73,0.00110708868728964,0.000259152605575878
20,20,Gradient Boosted Trees,calibrated,4.74,0.00564460092164649,0.00087024028211038
20,20,Gradient Boosted Trees,calibrated,4.75,0.0288443320538259,0.00270866336598876
20,20,Gradient Boosted Trees,calibrated,4.76,0.0974412084443344,0.00562622961116314
20,20,Gradient Boosted Trees,calibrated,4.77,0.266255397688473,0.0154247559591691
20,20,Gradient Boosted Trees,calibrated,4.78,0.504687680282211,0.0151157057404207
20,20,Gradient Boosted Trees,calibrated,4.79,0.744574884687346,0.0109859892627831
20,20,Gradient Boosted Trees,calibrated,4.81,0.963269176815311,0.00357224803069822
20,20,Gradient Boosted Trees,calibrated,4.82,0.990765390307193,0.00137411184166861
20,20,Gradient Boosted Trees,calibrated,4.83,0.997737872536936,0.000313346391143651
20,20,Gradient Boosted Trees,calibrated,4.84,0.999251036181545,0.000132573445815937
20,20,Gradient Boosted Trees,calibrated,4.85,0.999780890276484,1.25706411376862E-05
20,20,Gradient Boosted Trees,calibrated,4.86,0.999804898782438,1.65774654907747E-05
20,20,Gradient Boosted Trees,calibrated,4.87,0.999831030008243,2.39842725877671E-06
20,20,Gradient Boosted Trees,calibrated,4.88,0.999835108291209,9.83443407046261E-07
20,20,Gradient Boosted Trees,calibrated,4.9,0.99983689669312,4.21087217440509E-08
20,20,Gradient Boosted Trees,calibrated,4.93,0.999836938801839,3.42193717970894E-15
20,20,Gradient Boosted Trees,uncalibrated,4.67,2.1656804879662E-05,8.00345291547335E-20
20,20,Gradient Boosted Trees,uncalibrated,4.7,2.38513765162099E-05,2.19457163654792E-06
20,20,Gradient Boosted Trees,uncalibrated,4.72,7.02875560316578E-05,1.62498474752891E-05
20,20,Gradient Boosted Trees,uncalibrated,4.73,0.000598500325383891,0.000280101966777343
20,20,Gradient Boosted Trees,uncalibrated,4.74,0.00383465726427498,0.000702149747429407
20,20,Gradient Boosted Trees,uncalibrated,4.75,0.0237562174087386,0.00267201391691434
20,20,Gradient Boosted Trees,uncalibrated,4.76,0.0868456914049471,0.00538729484127559
20,20,Gradient Boosted Trees,uncalibrated,4.77,0.25489584158244,0.0164398426383322
20,20,Gradient Boosted Trees,uncalibrated,4.78,0.499963326785093,0.0160719779273461
20,20,Gradient Boosted Trees,uncalibrated,4.79,0.74617870809909,0.0121265769372926
20,20,Gradient Boosted Trees,uncalibrated,4.81,0.966451099980813,0.00340029912653411
20,20,Gradient Boosted Trees,uncalibrated,4.82,0.992646585886204,0.00152034446687392
20,20,Gradient Boosted Trees,uncalibrated,4.83,0.998373420221313,0.000381200029303882
20,20,Gradient Boosted Trees,uncalibrated,4.84,0.999620207377156,0.000125919465802974
20,20,Gradient Boosted Trees,uncalibrated,4.85,0.999960547134467,5.49610898833285E-06
20,20,Gradient Boosted Trees,uncalibrated,4.86,0.999955586699197,1.81157663010634E-05
20,20,Gradient Boosted Trees,uncalibrated,4.87,0.999975876181637,1.36612770837268E-06
20,20,Gradient Boosted Trees,uncalibrated,4.88,0.999977412608917,2.73510853808018E-07
20,20,Gradient Boosted Trees,uncalibrated,4.9,0.999977840720282,1.31079211256257E-08
20,20,Gradient Boosted Trees,uncalibrated,4.93,0.99997785382814,5.88313455706836E-15
20,20,kNN,calibrated,4.67,0.000159261026288774,6.40276233237868E-19
20,20,kNN,calibrated,4.7,0.000159261026288775,6.40276233237868E-19
20,20,kNN,calibrated,4.72,0.000836124894084835,0.00037860167625432
20,20,kNN,calibrated,4.73,0.00672397139093324,0.00134171500362663
20,20,kNN,calibrated,4.74,0.0275482612313723,0.00289937405739457
20,20,kNN,calibrated,4.75,0.0865042353955698,0.00778581356320366
20,20,kNN,calibrated,4.76,0.207960699471831,0.0099688667943909
20,20,kNN,calibrated,4.77,0.421415206868778,0.0150581970329496
20,20,kNN,calibrated,4.78,0.640014952864962,0.0151280341641755
20,20,kNN,calibrated,4.79,0.822145041238541,0.00822546910754061
20,20,kNN,calibrated,4.81,0.974263931870785,0.00283056233064116
20,20,kNN,calibrated,4.82,0.994057825763089,0.00142261860272179
20,20,kNN,calibrated,4.83,0.998847189711519,0.000404467188455146
20,20,kNN,calibrated,4.84,0.999491187126978,0.000195210088815368
20,20,kNN,calibrated,4.85,0.999783975950056,3.92692561753879E-05
20,20,kNN,calibrated,4.86,0.999836938794608,4.64439612620813E-15
20,20,kNN,calibrated,4.87,0.999836938794604,3.92208970471224E-15
20,20,kNN,calibrated,4.88,0.999836938794604,4.9026121308903E-15
20,20,kNN,calibrated,4.9,0.999836938794595,4.9026121308903E-15
20,20,kNN,calibrated,4.93,0.999836938794604,4.9026121308903E-15
20,20,kNN,uncalibrated,4.67,0,0
20,20,kNN,uncalibrated,4.7,0,0
20,20,kNN,uncalibrated,4.72,0.000962566844919783,0.000384692368180165
20,20,kNN,uncalibrated,4.73,0.00760443307757886,0.00134674230943995
20,20,kNN,uncalibrated,4.74,0.0300259403372243,0.00297948387577001
20,20,kNN,uncalibrated,4.75,0.0959091616114482,0.00769148532114873
20,20,kNN,uncalibrated,4.76,0.221992818671454,0.0105408151123061
20,20,kNN,uncalibrated,4.77,0.435246727089627,0.0153496014313268
20,20,kNN,uncalibrated,4.78,0.64875,0.0144601321505268
20,20,kNN,uncalibrated,4.79,0.824323232323235,0.00774555530765417
20,20,kNN,uncalibrated,4.81,0.972579001019368,0.00294989932734932
20,20,kNN,uncalibrated,4.82,0.992783224400871,0.00167588795667385
20,20,kNN,uncalibrated,4.83,0.998578199052137,0.00039336175665041
20,20,kNN,uncalibrated,4.84,0.999487895716946,0.000279329608938506
20,20,kNN,uncalibrated,4.85,0.999896640826873,7.66532143368666E-05
20,20,kNN,uncalibrated,4.86,1,0
20,20,kNN,uncalibrated,4.87,1,0
20,20,kNN,uncalibrated,4.88,1,0
20,20,kNN,uncalibrated,4.9,1,0
20,20,kNN,uncalibrated,4.93,1,0
20,20,kNN kd_tree,calibrated,4.67,0.000159261026288774,6.40276233237868E-19
20,20,kNN kd_tree,calibrated,4.7,0.000159261026288775,6.40276233237868E-19
20,20,kNN kd_tree,calibrated,4.72,0.000836124894084835,0.00037860167625432
20,20,kNN kd_tree,calibrated,4.73,0.00672397139093324,0.00134171500362663
20,20,kNN kd_tree,calibrated,4.74,0.0275482612313723,0.00289937405739457
20,20,kNN kd_tree,calibrated,4.75,0.0865042353955698,0.00778581356320366
20,20,kNN kd_tree,calibrated,4.76,0.207960699471831,0.0099688667943909
20,20,kNN kd_tree,calibrated,4.77,0.421415206868778,0.0150581970329496
20,20,kNN kd_tree,calibrated,4.78,0.640014952864962,0.0151280341641755
20,20,kNN kd_tree,calibrated,4.79,0.822145041238541,0.00822546910754061
20,20,kNN kd_tree,calibrated,4.81,0.974263931870785,0.00283056233064116
20,20,kNN kd_tree,calibrated,4.82,0.994057825763089,0.00142261860272179
20,20,kNN kd_tree,calibrated,4.83,0.998847189711519,0.000404467188455146
20,20,kNN kd_tree,calibrated,4.84,0.999491187126978,0.000195210088815368
20,20,kNN kd_tree,calibrated,4.85,0.999783975950056,3.92692561753879E-05
20,20,kNN kd_tree,calibrated,4.86,0.999836938794608,4.64439612620813E-15
20,20,kNN kd_tree,calibrated,4.87,0.999836938794604,3.92208970471224E-15
20,20,kNN kd_tree,calibrated,4.88,0.999836938794604,4.9026121308903E-15
20,20,kNN kd_tree,calibrated,4.9,0.999836938794595,4.9026121308903E-15
20,20,kNN kd_tree,calibrated,4.93,0.999836938794604,4.9026121308903E-15
20,20,kNN kd_tree,uncalibrated,4.67,0,0
20,20,kNN kd_tree,uncalibrated,4.7,0,0
20,20,kNN kd_tree,uncalibrated,4.72,0.000962566844919783,0.000384692368180165
20,20,kNN kd_tree,uncalibrated,4.73,0.00760443307757886,0.00134674230943995
20,20,kNN kd_tree,uncalibrated,4.74,0.0300259403372243,0.00297948387577001
20,20,kNN kd_tree,uncalibrated,4.75,0.0959091616114482,0.00769148532114873
20,20,kNN kd_tree,uncalibrated,4.76,0.221992818671454,0.0105408151123061
20,20,kNN kd_tree,uncalibrated,4.77,0.435246727089627,0.0153496014313268
20,20,kNN kd_tree,uncalibrated,4.78,0.64875,0.0144601321505268
20,20,kNN kd_tree,uncalibrated,4.79,0.824323232323235,0.00774555530765417
20,20,kNN kd_tree,uncalibrated,4.81,0.972579001019368,0.00294989932734932
20,20,kNN kd_tree,uncalibrated,4.82,0.992783224400871,0.00167588795667385
20,20,kNN kd_tree,uncalibrated,4.83,0.998578199052137,0.00039336175665041
20,20,kNN kd_tree,uncalibrated,4.84,0.999487895716946,0.000279329608938506
20,20,kNN kd_tree,uncalibrated,4.85,0.999896640826873,7.66532143368666E-05
20,20,kNN kd_tree,uncalibrated,4.86,1,0
20,20,kNN kd_tree,uncalibrated,4.87,1,0
20,20,kNN kd_tree,uncalibrated,4.88,1,0
20,20,kNN kd_tree,uncalibrated,4.9,1,0
20,20,kNN kd_tree,uncalibrated,4.93,1,0
20,20,kNN ball_tree,calibrated,4.67,0.000159261026288774,6.40276233237868E-19
20,20,kNN ball_tree,calibrated,4.7,0.000159261026288775,6.40276233237868E-19
20,20,kNN ball_tree,calibrated,4.72,0.000836124894084835,0.00037860167625432
20,20,kNN ball_tree,calibrated,4.73,0.00672397139093324,0.00134171500362663
20,20,kNN ball_tree,calibrated,4.74,0.0275482612313723,0.00289937405739457
20,20,kNN ball_tree,calibrated,4.75,0.0865042353955698,0.00778581356320366
20,20,kNN ball_tree,calibrated,4.76,0.207960699471831,0.0099688667943909
20,20,kNN ball_tree,calibrated,4.77,0.421415206868778,0.0150581970329496
20,20,kNN ball_tree,calibrated,4.78,0.640014952864962,0.0151280341641755
20,20,kNN ball_tree,calibrated,4.79,0.822145041238541,0.00822546910754061
20,20,kNN ball_tree,calibrated,4.81,0.974263931870785,0.00283056233064116
20,20,kNN ball_tree,calibrated,4.82,0.994057825763089,0.00142261860272179
20,20,kNN ball_tree,calibrated,4.83,0.998847189711519,0.000404467188455146
20,20,kNN ball_tree,calibrated,4.84,0.999491187126978,0.000195210088815368
20,20,kNN ball_tree,calibrated,4.85,0.999783975950056,3.92692561753879E-05
20,20,kNN ball_tree,calibrated,4.86,0.999836938794608,4.64439612620813E-15
20,20,kNN ball_tree,calibrated,4.87,0.999836938794604,3.92208970471224E-15
20,20,kNN ball_tree,calibrated,4.88,0.999836938794604,4.9026121308903E-15
20,20,kNN ball_tree,calibrated,4.9,0.999836938794595,4.9026121308903E-15
20,20,kNN ball_tree,calibrated,4.93,0.999836938794604,4.9026121308903E-15
20,20,kNN ball_tree,uncalibrated,4.67,0,0
20,20,kNN ball_tree,uncalibrated,4.7,0,0
20,20,kNN ball_tree,uncalibrated,4.72,0.000962566844919783,0.000384692368180165
20,20,kNN ball_tree,uncalibrated,4.73,0.00760443307757886,0.00134674230943995
20,20,kNN ball_tree,uncalibrated,4.74,0.0300259403372243,0.00297948387577001
20,20,kNN ball_tree,uncalibrated,4.75,0.0959091616114482,0.00769148532114873
20,20,kNN ball_tree,uncalibrated,4.76,0.221992818671454,0.0105408151123061
20,20,kNN ball_tree,uncalibrated,4.77,0.435246727089627,0.0153496014313268
20,20,kNN ball_tree,uncalibrated,4.78,0.64875,0.0144601321505268
20,20,kNN ball_tree,uncalibrated,4.79,0.824323232323235,0.00774555530765417
20,20,kNN ball_tree,uncalibrated,4.81,0.972579001019368,0.00294989932734932
20,20,kNN ball_tree,uncalibrated,4.82,0.992783224400871,0.00167588795667385
20,20,kNN ball_tree,uncalibrated,4.83,0.998578199052137,0.00039336175665041
20,20,kNN ball_tree,uncalibrated,4.84,0.999487895716946,0.000279329608938506
20,20,kNN ball_tree,uncalibrated,4.85,0.999896640826873,7.66532143368666E-05
20,20,kNN ball_tree,uncalibrated,4.86,1,0
20,20,kNN ball_tree,uncalibrated,4.87,1,0
20,20,kNN ball_tree,uncalibrated,4.88,1,0
20,20,kNN ball_tree,uncalibrated,4.9,1,0
20,20,kNN ball_tree,uncalibrated,4.93,1,0
20,20,SVM (RBF),calibrated,4.67,0.000342209981489855,2.32544648830572E-05
20,20,SVM (RBF),calibrated,4.7,0.00438275369416258,0.000226902878369183
20,20,SVM (RBF),calibrated,4.72,0.0226009840791067,0.000907727055875556
20,20,SVM (RBF),calibrated,4.73,0.0494258191741381,0.0014815441215444
20,20,SVM (RBF),calibrated,4.74,0.101829222932295,0.0029463725399971
20,20,SVM (RBF),calibrated,4.75,0.185352607436535,0.0065680592003216
20,20,SVM (RBF),calibrated,4.76,0.304401612182829,0.00831929639534076
20,20,SVM (RBF),calibrated,4.77,0.450846336002114,0.0104975883080504
20,20,SVM (RBF),calibrated,4.78,0.595152891871481,0.00953435802994323
20,20,SVM (RBF),calibrated,4.79,0.725103186873125,0.0062368258632731
20,20,SVM (RBF),calibrated,4.81,0.889400197496222,0.00547140642315586
20,20,SVM (RBF),calibrated,4.82,0.935485594941854,0.00308139421610722
20,20,SVM (RBF),calibrated,4.83,0.962830018107028,0.00158911470050972
20,20,SVM (RBF),calibrated,4.84,0.977466137920482,0.00209492047118875
20,20,SVM (RBF),calibrated,4.85,0.987184422451299,0.000685732316948316
20,20,SVM (RBF),calibrated,4.86,0.992555849884267,0.000538029750093849
20,20,SVM (RBF),calibrated,4.87,0.995220003509203,0.000280104514774652
20,20,SVM (RBF),calibrated,4.88,0.997054705103531,0.000170213492877824
20,20,SVM (RBF),calibrated,4.9,0.998827178846137,7.25256009244155E-05
20,20,SVM (RBF),calibrated,4.93,0.999653656841261,2.42930300541469E-05
20,20,SVM (RBF),uncalibrated,4.67,0.216613827521493,0.00116994343554694
20,20,SVM (RBF),uncalibrated,4.7,0.290515800553762,0.00139141777142804
20,20,SVM (RBF),uncalibrated,4.72,0.344411663591699,0.0011941211523893
20,20,SVM (RBF),uncalibrated,4.73,0.373678886794881,0.00108110579175309
20,20,SVM (RBF),uncalibrated,4.74,0.404790307467677,0.00111251275405563
20,20,SVM (RBF),uncalibrated,4.75,0.434732090690563,0.00186415922691803
20,20,SVM (RBF),uncalibrated,4.76,0.465262717589429,0.00161878171888044
20,20,SVM (RBF),uncalibrated,4.77,0.495734962810574,0.00201051644975169
20,20,SVM (RBF),uncalibrated,4.78,0.524337706343487,0.00191097780048933
20,20,SVM (RBF),uncalibrated,4.79,0.552739136746021,0.00198510325359535
20,20,SVM (RBF),uncalibrated,4.81,0.603071588547672,0.00283318667259519
20,20,SVM (RBF),uncalibrated,4.82,0.628385825220552,0.00169581977740733
20,20,SVM (RBF),uncalibrated,4.83,0.651307217848472,0.00182713768179884
20,20,SVM (RBF),uncalibrated,4.84,0.670412527785314,0.00269351940957508
20,20,SVM (RBF),uncalibrated,4.85,0.692022841071427,0.00192464175715216
20,20,SVM (RBF),uncalibrated,4.86,0.711324316869216,0.00190600784369652
20,20,SVM (RBF),uncalibrated,4.87,0.726516273526934,0.00196202109273153
20,20,SVM (RBF),uncalibrated,4.88,0.741224296529281,0.00186727562457618
20,20,SVM (RBF),uncalibrated,4.9,0.772435089954167,0.00200568433802021
20,20,SVM (RBF),uncalibrated,4.93,0.803452358554511,0.00244505881330084
20,20,Neural Network,calibrated,4.67,0.000159261026288774,6.40276233237868E-19
20,20,Neural Network,calibrated,4.7,0.00396546772157702,0.00091951919100313
20,20,Neural Network,calibrated,4.72,0.0345820950204339,0.0030548082238864
20,20,Neural Network,calibrated,4.73,0.0825995368321727,0.00547128107894216
20,20,Neural Network,calibrated,4.74,0.182543940702202,0.00715261413159245
20,20,Neural Network,calibrated,4.75,0.316682828156752,0.0117827063401885
20,20,Neural Network,calibrated,4.76,0.4817440348514,0.013200982750374
20,20,Neural Network,calibrated,4.77,0.64431201853683,0.0126248399459513
20,20,Neural Network,calibrated,4.78,0.776717521048558,0.00798419384956355
20,20,Neural Network,calibrated,4.79,0.876722771499459,0.00667593823735121
20,20,Neural Network,calibrated,4.81,0.971492423436276,0.00269956962101447
20,20,Neural Network,calibrated,4.82,0.984641349850694,0.00377072093656255
20,20,Neural Network,calibrated,4.83,0.994360821459206,0.000889169631798147
20,20,Neural Network,calibrated,4.84,0.997902797993296,0.000582821678722503
20,20,Neural Network,calibrated,4.85,0.999400784761507,0.000231885506635982
20,20,Neural Network,calibrated,4.86,0.999484308505059,0.000179548682699686
20,20,Neural Network,calibrated,4.87,0.999792475096189,4.44636984491265E-05
20,20,Neural Network,calibrated,4.88,0.99983692539332,1.33951882102572E-08
20,20,Neural Network,calibrated,4.9,0.999836938794633,1.04000108498399E-14
20,20,Neural Network,calibrated,4.93,0.999836938794604,4.9026121308903E-15
20,20,Neural Network,uncalibrated,4.67,1.62159520230388E-60,1.62159520209395E-60
20,20,Neural Network,uncalibrated,4.7,0.000637547412426668,0.000443972137461351
20,20,Neural Network,uncalibrated,4.72,0.0117921047749331,0.00232577084492767
20,20,Neural Network,uncalibrated,4.73,0.0287109845188172,0.00375789197191827
20,20,Neural Network,uncalibrated,4.74,0.0660494015227875,0.00641983819744838
20,20,Neural Network,uncalibrated,4.75,0.14474271798131,0.00946912181148201
20,20,Neural Network,uncalibrated,4.76,0.258335601881125,0.0135423999772453
20,20,Neural Network,uncalibrated,4.77,0.418088691075036,0.01402164627135
20,20,Neural Network,uncalibrated,4.78,0.568608912258694,0.0118887208008665
20,20,Neural Network,uncalibrated,4.79,0.722529393424486,0.0102016921926129
20,20,Neural Network,uncalibrated,4.81,0.897164508775604,0.0102472362660708
20,20,Neural Network,uncalibrated,4.82,0.942046968777535,0.00675047334186897
20,20,Neural Network,uncalibrated,4.83,0.971921871543877,0.00521586562161036
20,20,Neural Network,uncalibrated,4.84,0.9861524607712,0.00420284821844752
20,20,Neural Network,uncalibrated,4.85,0.993871627245598,0.00162553119246008
20,20,Neural Network,uncalibrated,4.86,0.997163356833371,0.00135720369413382
20,20,Neural Network,uncalibrated,4.87,0.998952859400417,0.000508545499033014
20,20,Neural Network,uncalibrated,4.88,0.999775054376249,0.00022494562374172
20,20,Neural Network,uncalibrated,4.9,0.999662930835921,0.000337069164089951
20,20,Neural Network,uncalibrated,4.93,1,0
12,12,Logistic Regression,calibrated,4.67,0.000287897372663599,2.35728299365972E-05
12,12,Logistic Regression,calibrated,4.7,0.00357206335993189,0.00037971375185797
12,12,Logistic Regression,calibrated,4.72,0.0184021644237056,0.00127097349001405
12,12,Logistic Regression,calibrated,4.73,0.0404741457340437,0.00279453873146087
12,12,Logistic Regression,calibrated,4.74,0.0825893705427787,0.00354849382309081
12,12,Logistic Regression,calibrated,4.75,0.148943853445413,0.00721464511265298
12,12,Logistic Regression,calibrated,4.76,0.245870416470867,0.00911702451410915
12,12,Logistic Regression,calibrated,4.77,0.372917031243956,0.0120072429583392
12,12,Logistic Regression,calibrated,4.78,0.504094165198327,0.0113781905649717
12,12,Logistic Regression,calibrated,4.79,0.630802408581291,0.00765317686751647
12,12,Logistic Regression,calibrated,4.81,0.828839067593314,0.0101131642288205
12,12,Logistic Regression,calibrated,4.82,0.894376024067393,0.00559529791919667
12,12,Logistic Regression,calibrated,4.83,0.936563063895982,0.00450480239536022
12,12,Logistic Regression,calibrated,4.84,0.960841671611893,0.00426191117394603
12,12,Logistic Regression,calibrated,4.85,0.977496829234514,0.00238716945911664
12,12,Logistic Regression,calibrated,4.86,0.987230122926581,0.00202241654413578
12,12,Logistic Regression,calibrated,4.87,0.992819192193708,0.00067182279618064
12,12,Logistic Regression,calibrated,4.88,0.995768001379826,0.000412756702867212
12,12,Logistic Regression,calibrated,4.9,0.998481586906162,0.000174007613334507
12,12,Logistic Regression,calibrated,4.93,0.9997325157053,3.01169496368306E-05
12,12,Logistic Regression,uncalibrated,4.67,3.29577331222991E-10,1.54892549435497E-10
12,12,Logistic Regression,uncalibrated,4.7,0.000168267164279741,0.000165333538605509
12,12,Logistic Regression,uncalibrated,4.72,0.00404105241499031,0.00093891411946409
12,12,Logistic Regression,uncalibrated,4.73,0.014399346550434,0.00244201425486786
12,12,Logistic Regression,uncalibrated,4.74,0.0410471270565866,0.00352009226150471
12,12,Logistic Regression,uncalibrated,4.75,0.0966800162119853,0.00967153731448137
12,12,Logistic Regression,uncalibrated,4.76,0.198675167994371,0.0107137645386725
12,12,Logistic Regression,uncalibrated,4.77,0.355398922201584,0.01659711668077
12,12,Logistic Regression,uncalibrated,4.78,0.519332788846963,0.0153745512709098
12,12,Logistic Regression,uncalibrated,4.79,0.683452910713611,0.00982041816951837
12,12,Logistic Regression,uncalibrated,4.81,0.901213588520302,0.0086237970704708
12,12,Logistic Regression,uncalibrated,4.82,0.955146075393417,0.00804471120542499
12,12,Logistic Regression,uncalibrated,4.83,0.981472510383671,0.00209592690246868
12,12,Logistic Regression,uncalibrated,4.84,0.993880828981404,0.00195672252327029
12,12,Logistic Regression,uncalibrated,4.85,0.997451058523776,0.000778034003422361
12,12,Logistic Regression,uncalibrated,4.86,0.999258796144858,0.000325626289470418
12,12,Logistic Regression,uncalibrated,4.87,0.999958249009938,1.59508577866167E-05
12,12,Logistic Regression,uncalibrated,4.88,0.999993211068809,3.99872334880197E-06
12,12,Logistic Regression,uncalibrated,4.9,0.999997351195303,2.21195380506467E-06
12,12,Logistic Regression,uncalibrated,4.93,0.999999999616154,2.06498849290402E-10
12,12,Logistic Regression C = 0.00175,calibrated,4.67,0.000205616069977324,1.07263511460863E-05
12,12,Logistic Regression C = 0.00175,calibrated,4.7,0.00326748162402615,0.000160863295788334
12,12,Logistic Regression C = 0.00175,calibrated,4.72,0.0194864313588704,0.000850521446882356
12,12,Logistic Regression C = 0.00175,calibrated,4.73,0.0445946483594256,0.00152100666833879
12,12,Logistic Regression C = 0.00175,calibrated,4.74,0.0960426704447908,0.00305025851308436
12,12,Logistic Regression C = 0.00175,calibrated,4.75,0.182979827560475,0.00720081440380146
12,12,Logistic Regression C = 0.00175,calibrated,4.76,0.308124135211106,0.00852460683421828
12,12,Logistic Regression C = 0.00175,calibrated,4.77,0.46469182162988,0.011214617528008
12,12,Logistic Regression C = 0.00175,calibrated,4.78,0.61833338549901,0.00956105369147224
12,12,Logistic Regression C = 0.00175,calibrated,4.79,0.75014914251075,0.0056720643149704
12,12,Logistic Regression C = 0.00175,calibrated,4.81,0.90822957835346,0.00561005893114647
12,12,Logistic Regression C = 0.00175,calibrated,4.82,0.948904278184049,0.00263131234854542
12,12,Logistic Regression C = 0.00175,calibrated,4.83,0.971758405055778,0.00165696108962399
12,12,Logistic Regression C = 0.00175,calibrated,4.84,0.983776397391624,0.00160526730654031
12,12,Logistic Regression C = 0.00175,calibrated,4.85,0.991076948852935,0.000599880662998917
12,12,Logistic Regression C = 0.00175,calibrated,4.86,0.994938201541202,0.000472926162669921
12,12,Logistic Regression C = 0.00175,calibrated,4.87,0.996907138614411,0.000191587436935165
12,12,Logistic Regression C = 0.00175,calibrated,4.88,0.998095689034554,0.00011914986929142
12,12,Logistic Regression C = 0.00175,calibrated,4.9,0.9992855135349,4.86640776770006E-05
12,12,Logistic Regression C = 0.00175,calibrated,4.93,0.999797028103106,1.49226444806346E-05
12,12,Logistic Regression C = 0.00175,uncalibrated,4.67,2.45212735313641E-08,3.34691198368101E-09
12,12,Logistic Regression C = 0.00175,uncalibrated,4.7,1.65373777719668E-05,6.46441336151386E-06
12,12,Logistic Regression C = 0.00175,uncalibrated,4.72,0.00134623230783974,0.000329695821472734
12,12,Logistic Regression C = 0.00175,uncalibrated,4.73,0.00731771255193993,0.000950834954864941
12,12,Logistic Regression C = 0.00175,uncalibrated,4.74,0.0304675946082844,0.00251246669897368
12,12,Logistic Regression C = 0.00175,uncalibrated,4.75,0.0989866169193639,0.00782027740689813
12,12,Logistic Regression C = 0.00175,uncalibrated,4.76,0.234539387159947,0.0124206975095595
12,12,Logistic Regression C = 0.00175,uncalibrated,4.77,0.446775593082394,0.0165861974809538
12,12,Logistic Regression C = 0.00175,uncalibrated,4.78,0.664490101880631,0.0130164000103412
12,12,Logistic Regression C = 0.00175,uncalibrated,4.79,0.834977976743777,0.00673174420654238
12,12,Logistic Regression C = 0.00175,uncalibrated,4.81,0.97433792063037,0.00240799208101988
12,12,Logistic Regression C = 0.00175,uncalibrated,4.82,0.992657751995474,0.00159803723886952
12,12,Logistic Regression C = 0.00175,uncalibrated,4.83,0.998129720978445,0.000298123558011509
12,12,Logistic Regression C = 0.00175,uncalibrated,4.84,0.999421736138061,0.000176269839129661
12,12,Logistic Regression C = 0.00175,uncalibrated,4.85,0.999847912585152,3.72720815534586E-05
12,12,Logistic Regression C = 0.00175,uncalibrated,4.86,0.999954489010086,1.41624052381602E-05
12,12,Logistic Regression C = 0.00175,uncalibrated,4.87,0.999986331889901,2.52553975036698E-06
12,12,Logistic Regression C = 0.00175,uncalibrated,4.88,0.999995579837091,9.13968093080434E-07
12,12,Logistic Regression C = 0.00175,uncalibrated,4.9,0.999999158517717,1.79509407926872E-07
12,12,Logistic Regression C = 0.00175,uncalibrated,4.93,0.999999970502766,4.43232147386076E-09
12,12,Decision Tree,calibrated,4.67,0.000159261026288774,6.40276233237868E-19
12,12,Decision Tree,calibrated,4.7,0.000159261026288775,6.40276233237868E-19
12,12,Decision Tree,calibrated,4.72,0.000159261026288774,6.40276233237868E-19
12,12,Decision Tree,calibrated,4.73,0.000953872240752585,0.000306819725274406
12,12,Decision Tree,calibrated,4.74,0.00507075371295306,0.000990802426157298
12,12,Decision Tree,calibrated,4.75,0.0312727894426765,0.00272191514848162
12,12,Decision Tree,calibrated,4.76,0.115771295625338,0.00800209835730986
12,12,Decision Tree,calibrated,4.77,0.314353260506198,0.0142830076454534
12,12,Decision Tree,calibrated,4.78,0.574002015435849,0.0146893975205208
12,12,Decision Tree,calibrated,4.79,0.813750333223428,0.00915895264636292
12,12,Decision Tree,calibrated,4.81,0.983884183955966,0.00280021760397031
12,12,Decision Tree,calibrated,4.82,0.997568243973242,0.000600240228990285
12,12,Decision Tree,calibrated,4.83,0.99948727888326,0.000219160947860394
12,12,Decision Tree,calibrated,4.84,0.999758532701558,7.84060930690034E-05
12,12,Decision Tree,calibrated,4.85,0.999836938794591,4.11831391011561E-15
12,12,Decision Tree,calibrated,4.86,0.999836938794608,4.64439612620813E-15
12,12,Decision Tree,calibrated,4.87,0.999836938794604,3.92208970471224E-15
12,12,Decision Tree,calibrated,4.88,0.999836938794604,4.9026121308903E-15
12,12,Decision Tree,calibrated,4.9,0.999836938794595,4.9026121308903E-15
12,12,Decision Tree,calibrated,4.93,0.999836938794604,4.9026121308903E-15
12,12,Decision Tree,uncalibrated,4.67,0,0
12,12,Decision Tree,uncalibrated,4.7,0,0
12,12,Decision Tree,uncalibrated,4.72,0,0
12,12,Decision Tree,uncalibrated,4.73,0.000340947834981246,0.000340947834981248
12,12,Decision Tree,uncalibrated,4.74,0.00161943319838057,0.000680675854948367
12,12,Decision Tree,uncalibrated,4.75,0.0157173980703392,0.00274258441955309
12,12,Decision Tree,uncalibrated,4.76,0.0763016157989229,0.00668545304309703
12,12,Decision Tree,uncalibrated,4.77,0.256222126312761,0.0153732874593709
12,12,Decision Tree,uncalibrated,4.78,0.517777777777778,0.0160213616081086
12,12,Decision Tree,uncalibrated,4.79,0.786012104909213,0.0105034153870431
12,12,Decision Tree,uncalibrated,4.81,0.980901451489687,0.00407435701553349
12,12,Decision Tree,uncalibrated,4.82,0.997679497679501,0.00062365775602307
12,12,Decision Tree,uncalibrated,4.83,0.999606505771249,0.000276025330959712
12,12,Decision Tree,uncalibrated,4.84,0.999882352941187,0.000117647058823569
12,12,Decision Tree,uncalibrated,4.85,1,0
12,12,Decision Tree,uncalibrated,4.86,1,0
12,12,Decision Tree,uncalibrated,4.87,1,0
12,12,Decision Tree,uncalibrated,4.88,1,0
12,12,Decision Tree,uncalibrated,4.9,1,0
12,12,Decision Tree,uncalibrated,4.93,1,0
12,12,Random Forest,calibrated,4.67,0.000158057502844036,1.49250670277624E-06
12,12,Random Forest,calibrated,4.7,0.000168674347594968,1.68940292354429E-06
12,12,Random Forest,calibrated,4.72,0.000188903793900658,5.58641858247294E-06
12,12,Random Forest,calibrated,4.73,0.00163547457043811,0.00043320541926179
12,12,Random Forest,calibrated,4.74,0.00955638249352512,0.00151497446436407
12,12,Random Forest,calibrated,4.75,0.0513496784745094,0.00407672965744745
12,12,Random Forest,calibrated,4.76,0.167962653754983,0.0117332457486954
12,12,Random Forest,calibrated,4.77,0.399848868831576,0.0155732291651701
12,12,Random Forest,calibrated,4.78,0.664804283337462,0.0153165843889456
12,12,Random Forest,calibrated,4.79,0.863774085016142,0.00744421336349286
12,12,Random Forest,calibrated,4.81,0.990036622351207,0.0011721231480822
12,12,Random Forest,calibrated,4.82,0.998723856226188,0.000462566334157366
12,12,Random Forest,calibrated,4.83,0.999540247887787,0.000120854346093795
12,12,Random Forest,calibrated,4.84,0.999754124036607,2.84059638147038E-05
12,12,Random Forest,calibrated,4.85,0.999793654735026,2.44895699775663E-06
12,12,Random Forest,calibrated,4.86,0.999803512871851,2.51083495111711E-06
12,12,Random Forest,calibrated,4.87,0.99981103399478,1.81002178664879E-06
12,12,Random Forest,calibrated,4.88,0.999818476495831,1.35660831473983E-06
12,12,Random Forest,calibrated,4.9,0.999828107933058,1.0641940305446E-06
12,12,Random Forest,calibrated,4.93,0.999836829182386,6.36543078618481E-07
12,12,Random Forest,uncalibrated,4.67,0.00116900361164223,0.000243030229377161
12,12,Random Forest,uncalibrated,4.7,0.00321224086870681,0.000337249334287571
12,12,Random Forest,uncalibrated,4.72,0.00548984681154258,0.000402410080763866
12,12,Random Forest,uncalibrated,4.73,0.0092574931880109,0.000707430889608048
12,12,Random Forest,uncalibrated,4.74,0.0220413961038961,0.00159125399669373
12,12,Random Forest,uncalibrated,4.75,0.0653882664176782,0.00427157728503638
12,12,Random Forest,uncalibrated,4.76,0.172564332734889,0.00948588932351561
12,12,Random Forest,uncalibrated,4.77,0.376885340238814,0.0142904736880949
12,12,Random Forest,uncalibrated,4.78,0.612958333333333,0.0141702687669319
12,12,Random Forest,uncalibrated,4.79,0.81395979020979,0.00747927313835364
12,12,Random Forest,uncalibrated,4.81,0.96151833460657,0.0028195823784059
12,12,Random Forest,uncalibrated,4.82,0.977242271551138,0.000835347225748533
12,12,Random Forest,uncalibrated,4.83,0.982245673833246,0.000954378605138917
12,12,Random Forest,uncalibrated,4.84,0.984577218728161,0.000728949727193914
12,12,Random Forest,uncalibrated,4.85,0.988257751937985,0.00055420050628189
12,12,Random Forest,uncalibrated,4.86,0.990636235459993,0.000748068662819599
12,12,Random Forest,uncalibrated,4.87,0.992241007194243,0.000474164371142054
12,12,Random Forest,uncalibrated,4.88,0.994126869002455,0.000442423566168249
12,12,Random Forest,uncalibrated,4.9,0.996606083900728,0.00027503525170537
12,12,Random Forest,uncalibrated,4.93,0.998571972996512,0.000148173259166146
12,12,Gradient Boosted Trees,calibrated,4.67,0.000159261025842528,6.40276233237868E-19
12,12,Gradient Boosted Trees,calibrated,4.7,0.00015926102584253,6.40276233237868E-19
12,12,Gradient Boosted Trees,calibrated,4.72,0.000159261025842526,6.40276233237868E-19
12,12,Gradient Boosted Trees,calibrated,4.73,0.000953872240312435,0.00030681972527675
12,12,Gradient Boosted Trees,calibrated,4.74,0.00507075371254448,0.000990802426164882
12,12,Gradient Boosted Trees,calibrated,4.75,0.0312727894424685,0.00272191514850238
12,12,Gradient Boosted Trees,calibrated,4.76,0.115771295625776,0.00800209835737096
12,12,Gradient Boosted Trees,calibrated,4.77,0.314353260508151,0.0142830076455623
12,12,Gradient Boosted Trees,calibrated,4.78,0.574002015439781,0.0146893975206326
12,12,Gradient Boosted Trees,calibrated,4.79,0.813750333229184,0.00915895264643251
12,12,Gradient Boosted Trees,calibrated,4.81,0.983884183963016,0.00280021760399157
12,12,Gradient Boosted Trees,calibrated,4.82,0.997568243980397,0.000600240228994831
12,12,Gradient Boosted Trees,calibrated,4.83,0.999487278890428,0.000219160947862143
12,12,Gradient Boosted Trees,calibrated,4.84,0.999758532708751,7.84060930696628E-05
12,12,Gradient Boosted Trees,calibrated,4.85,0.99983693880183,3.76494945393561E-15
12,12,Gradient Boosted Trees,calibrated,4.86,0.999836938801845,3.72380122987091E-15
12,12,Gradient Boosted Trees,calibrated,4.87,0.999836938801825,3.76494945393561E-15
12,12,Gradient Boosted Trees,calibrated,4.88,0.999836938801822,3.42193717970894E-15
12,12,Gradient Boosted Trees,calibrated,4.9,0.999836938801835,3.42193717970894E-15
12,12,Gradient Boosted Trees,calibrated,4.93,0.999836938801839,3.42193717970894E-15
12,12,Gradient Boosted Trees,uncalibrated,4.67,2.1656804879662E-05,8.00345291547335E-20
12,12,Gradient Boosted Trees,uncalibrated,4.7,2.1656804879662E-05,8.00345291547335E-20
12,12,Gradient Boosted Trees,uncalibrated,4.72,2.16568048796622E-05,8.00345291547335E-20
12,12,Gradient Boosted Trees,uncalibrated,4.73,0.000362589705330842,0.000340932900451181
12,12,Gradient Boosted Trees,uncalibrated,4.74,0.00164101906726559,0.000680646039319761
12,12,Gradient Boosted Trees,uncalibrated,4.75,0.0157383664063976,0.0027424642861917
12,12,Gradient Boosted Trees,uncalibrated,4.76,0.0763199303659044,0.00668516020035325
12,12,Gradient Boosted Trees,uncalibrated,4.77,0.256232559825815,0.0153726140636187
12,12,Gradient Boosted Trees,uncalibrated,4.78,0.517776754374729,0.0160206598247797
12,12,Gradient Boosted Trees,uncalibrated,4.79,0.785999332044185,0.0105029553061837
12,12,Gradient Boosted Trees,uncalibrated,4.81,0.980880141891154,0.00407417854656816
12,12,Gradient Boosted Trees,uncalibrated,4.82,0.997657453152599,0.000623630437956696
12,12,Gradient Boosted Trees,uncalibrated,4.83,0.999584376835659,0.000276013240228511
12,12,Gradient Boosted Trees,uncalibrated,4.84,0.999860211922682,0.000117641905532195
12,12,Gradient Boosted Trees,uncalibrated,4.85,0.999977853828131,5.88313455706836E-15
12,12,Gradient Boosted Trees,uncalibrated,4.86,0.999977853828138,6.50215457669137E-15
12,12,Gradient Boosted Trees,uncalibrated,4.87,0.999977853828154,4.11831391011561E-15
12,12,Gradient Boosted Trees,uncalibrated,4.88,0.99997785382812,5.35330155814915E-15
12,12,Gradient Boosted Trees,uncalibrated,4.9,0.99997785382814,4.9026121308903E-15
12,12,Gradient Boosted Trees,uncalibrated,4.93,0.99997785382814,5.88313455706836E-15
12,12,kNN,calibrated,4.67,0.000159261026288774,6.40276233237868E-19
12,12,kNN,calibrated,4.7,0.000159261026288775,6.40276233237868E-19
12,12,kNN,calibrated,4.72,0.000159870241832781,6.09215544006386E-07
12,12,kNN,calibrated,4.73,0.0019119204742779,0.000578950168751156
12,12,kNN,calibrated,4.74,0.013253194878945,0.00184835263213494
12,12,kNN,calibrated,4.75,0.0655690909660662,0.00546021720817417
12,12,kNN,calibrated,4.76,0.197976371023795,0.011850823766763
12,12,kNN,calibrated,4.77,0.453559848776879,0.0163407775737291
12,12,kNN,calibrated,4.78,0.717943381083388,0.0142170536366667
12,12,kNN,calibrated,4.79,0.893397307376464,0.0063697295910649
12,12,kNN,calibrated,4.81,0.993561164293426,0.000974527264244429
12,12,kNN,calibrated,4.82,0.999428732825609,0.000244525677455976
12,12,kNN,calibrated,4.83,0.999789055989925,4.60746408632029E-05
12,12,kNN,calibrated,4.84,0.999824713095551,1.22256990883196E-05
12,12,kNN,calibrated,4.85,0.999836938794591,4.11831391011561E-15
12,12,kNN,calibrated,4.86,0.999836938794608,4.64439612620813E-15
12,12,kNN,calibrated,4.87,0.999836938794604,3.92208970471224E-15
12,12,kNN,calibrated,4.88,0.999836938794604,4.9026121308903E-15
12,12,kNN,calibrated,4.9,0.999836938794595,4.9026121308903E-15
12,12,kNN,calibrated,4.93,0.999836938794604,4.9026121308903E-15
12,12,kNN,uncalibrated,4.67,0,0
12,12,kNN,uncalibrated,4.7,0,0
12,12,kNN,uncalibrated,4.72,3.61729064930387E-05,3.61729064930367E-05
12,12,kNN,uncalibrated,4.73,0.00186335403726706,0.00048510690117682
12,12,kNN,uncalibrated,4.74,0.0130202429149798,0.00172913205550408
12,12,kNN,uncalibrated,4.75,0.0644880174291939,0.00519340853581739
12,12,kNN,uncalibrated,4.76,0.194165170556553,0.0113295747545069
12,12,kNN,uncalibrated,4.77,0.43878578621781,0.015244962010833
12,12,kNN,uncalibrated,4.78,0.695388888888889,0.0141879197876656
12,12,kNN,uncalibrated,4.79,0.877548821548819,0.0065204446821439
12,12,kNN,uncalibrated,4.81,0.990501655207538,0.00119684237331291
12,12,kNN,uncalibrated,4.82,0.998773841961853,0.000375037653443442
12,12,kNN,uncalibrated,4.83,0.999816369359917,0.000128131621925304
12,12,kNN,uncalibrated,4.84,0.999930167597765,6.98324022346819E-05
12,12,kNN,uncalibrated,4.85,1,0
12,12,kNN,uncalibrated,4.86,1,0
12,12,kNN,uncalibrated,4.87,1,0
12,12,kNN,uncalibrated,4.88,1,0
12,12,kNN,uncalibrated,4.9,1,0
12,12,kNN,uncalibrated,4.93,1,0
12,12,kNN kd_tree,calibrated,4.67,0.000159261026288774,6.40276233237868E-19
12,12,kNN kd_tree,calibrated,4.7,0.000159261026288775,6.40276233237868E-19
12,12,kNN kd_tree,calibrated,4.72,0.000159870241832781,6.09215544006386E-07
12,12,kNN kd_tree,calibrated,4.73,0.0019119204742779,0.000578950168751156
12,12,kNN kd_tree,calibrated,4.74,0.013253194878945,0.00184835263213494
12,12,kNN kd_tree,calibrated,4.75,0.0655690909660662,0.00546021720817417
12,12,kNN kd_tree,calibrated,4.76,0.197976371023795,0.011850823766763
12,12,kNN kd_tree,calibrated,4.77,0.453559848776879,0.0163407775737291
12,12,kNN kd_tree,calibrated,4.78,0.717943381083388,0.0142170536366667
12,12,kNN kd_tree,calibrated,4.79,0.893397307376464,0.0063697295910649
12,12,kNN kd_tree,calibrated,4.81,0.993561164293426,0.000974527264244429
12,12,kNN kd_tree,calibrated,4.82,0.999428732825609,0.000244525677455976
12,12,kNN kd_tree,calibrated,4.83,0.999789055989925,4.60746408632029E-05
12,12,kNN kd_tree,calibrated,4.84,0.999824713095551,1.22256990883196E-05
12,12,kNN kd_tree,calibrated,4.85,0.999836938794591,4.11831391011561E-15
12,12,kNN kd_tree,calibrated,4.86,0.999836938794608,4.64439612620813E-15
12,12,kNN kd_tree,calibrated,4.87,0.999836938794604,3.92208970471224E-15
12,12,kNN kd_tree,calibrated,4.88,0.999836938794604,4.9026121308903E-15
12,12,kNN kd_tree,calibrated,4.9,0.999836938794595,4.9026121308903E-15
12,12,kNN kd_tree,calibrated,4.93,0.999836938794604,4.9026121308903E-15
12,12,kNN kd_tree,uncalibrated,4.67,0,0
12,12,kNN kd_tree,uncalibrated,4.7,0,0
12,12,kNN kd_tree,uncalibrated,4.72,3.61729064930387E-05,3.61729064930367E-05
12,12,kNN kd_tree,uncalibrated,4.73,0.00186335403726706,0.00048510690117682
12,12,kNN kd_tree,uncalibrated,4.74,0.0130202429149798,0.00172913205550408
12,12,kNN kd_tree,uncalibrated,4.75,0.0644880174291939,0.00519340853581739
12,12,kNN kd_tree,uncalibrated,4.76,0.194165170556553,0.0113295747545069
12,12,kNN kd_tree,uncalibrated,4.77,0.43878578621781,0.015244962010833
12,12,kNN kd_tree,uncalibrated,4.78,0.695388888888889,0.0141879197876656
12,12,kNN kd_tree,uncalibrated,4.79,0.877548821548819,0.0065204446821439
12,12,kNN kd_tree,uncalibrated,4.81,0.990501655207538,0.00119684237331291
12,12,kNN kd_tree,uncalibrated,4.82,0.998773841961853,0.000375037653443442
12,12,kNN kd_tree,uncalibrated,4.83,0.999816369359917,0.000128131621925304
12,12,kNN kd_tree,uncalibrated,4.84,0.999930167597765,6.98324022346819E-05
12,12,kNN kd_tree,uncalibrated,4.85,1,0
12,12,kNN kd_tree,uncalibrated,4.86,1,0
12,12,kNN kd_tree,uncalibrated,4.87,1,0
12,12,kNN kd_tree,uncalibrated,4.88,1,0
12,12,kNN kd_tree,uncalibrated,4.9,1,0
12,12,kNN kd_tree,uncalibrated,4.93,1,0
12,12,kNN ball_tree,calibrated,4.67,0.000159261026288774,6.40276233237868E-19
12,12,kNN ball_tree,calibrated,4.7,0.000159261026288775,6.40276233237868E-19
12,12,kNN ball_tree,calibrated,4.72,0.000159870241832781,6.09215544006386E-07
12,12,kNN ball_tree,calibrated,4.73,0.0019119204742779,0.000578950168751156
12,12,kNN ball_tree,calibrated,4.74,0.013253194878945,0.00184835263213494
12,12,kNN ball_tree,calibrated,4.75,0.0655690909660662,0.00546021720817417
12,12,kNN ball_tree,calibrated,4.76,0.197976371023795,0.011850823766763
12,12,kNN ball_tree,calibrated,4.77,0.453559848776879,0.0163407775737291
12,12,kNN ball_tree,calibrated,4.78,0.717943381083388,0.0142170536366667
12,12,kNN ball_tree,calibrated,4.79,0.893397307376464,0.0063697295910649
12,12,kNN ball_tree,calibrated,4.81,0.993561164293426,0.000974527264244429
12,12,kNN ball_tree,calibrated,4.82,0.999428732825609,0.000244525677455976
12,12,kNN ball_tree,calibrated,4.83,0.999789055989925,4.60746408632029E-05
12,12,kNN ball_tree,calibrated,4.84,0.999824713095551,1.22256990883196E-05
12,12,kNN ball_tree,calibrated,4.85,0.999836938794591,4.11831391011561E-15
12,12,kNN ball_tree,calibrated,4.86,0.999836938794608,4.64439612620813E-15
12,12,kNN ball_tree,calibrated,4.87,0.999836938794604,3.92208970471224E-15
12,12,kNN ball_tree,calibrated,4.88,0.999836938794604,4.9026121308903E-15
12,12,kNN ball_tree,calibrated,4.9,0.999836938794595,4.9026121308903E-15
12,12,kNN ball_tree,calibrated,4.93,0.999836938794604,4.9026121308903E-15
12,12,kNN ball_tree,uncalibrated,4.67,0,0
12,12,kNN ball_tree,uncalibrated,4.7,0,0
12,12,kNN ball_tree,uncalibrated,4.72,3.61729064930387E-05,3.61729064930367E-05
12,12,kNN ball_tree,uncalibrated,4.73,0.00186335403726706,0.00048510690117682
12,12,kNN ball_tree,uncalibrated,4.74,0.0130202429149798,0.00172913205550408
12,12,kNN ball_tree,uncalibrated,4.75,0.0644880174291939,0.00519340853581739
12,12,kNN ball_tree,uncalibrated,4.76,0.194165170556553,0.0113295747545069
12,12,kNN ball_tree,uncalibrated,4.77,0.43878578621781,0.015244962010833
12,12,kNN ball_tree,uncalibrated,4.78,0.695388888888889,0.0141879197876656
12,12,kNN ball_tree,uncalibrated,4.79,0.877548821548819,0.0065204446821439
12,12,kNN ball_tree,uncalibrated,4.81,0.990501655207538,0.00119684237331291
12,12,kNN ball_tree,uncalibrated,4.82,0.998773841961853,0.000375037653443442
12,12,kNN ball_tree,uncalibrated,4.83,0.999816369359917,0.000128131621925304
12,12,kNN ball_tree,uncalibrated,4.84,0.999930167597765,6.98324022346819E-05
12,12,kNN ball_tree,uncalibrated,4.85,1,0
12,12,kNN ball_tree,uncalibrated,4.86,1,0
12,12,kNN ball_tree,uncalibrated,4.87,1,0
12,12,kNN ball_tree,uncalibrated,4.88,1,0
12,12,kNN ball_tree,uncalibrated,4.9,1,0
12,12,kNN ball_tree,uncalibrated,4.93,1,0
12,12,SVM (RBF),calibrated,4.67,0.000308655403547456,2.77020421383463E-05
12,12,SVM (RBF),calibrated,4.7,0.00530515998680727,0.00026677464452038
12,12,SVM (RBF),calibrated,4.72,0.0313615142642535,0.00116806706737372
12,12,SVM (RBF),calibrated,4.73,0.0701132946843966,0.00187296923827694
12,12,SVM (RBF),calibrated,4.74,0.143764017364666,0.00343205515660274
12,12,SVM (RBF),calibrated,4.75,0.25738180535149,0.00738997074250043
12,12,SVM (RBF),calibrated,4.76,0.406021741690862,0.00766419629812961
12,12,SVM (RBF),calibrated,4.77,0.56932504169009,0.00820478023499652
12,12,SVM (RBF),calibrated,4.78,0.711117855066537,0.00723411164482668
12,12,SVM (RBF),calibrated,4.79,0.824649395086219,0.0044437463721359
12,12,SVM (RBF),calibrated,4.81,0.939151910559581,0.00308408462031395
12,12,SVM (RBF),calibrated,4.82,0.966252635978675,0.00121870380324066
12,12,SVM (RBF),calibrated,4.83,0.980881338002507,0.000573959843107156
12,12,SVM (RBF),calibrated,4.84,0.988425843742683,0.000883364523766528
12,12,SVM (RBF),calibrated,4.85,0.993311555870828,0.000261493365430634
12,12,SVM (RBF),calibrated,4.86,0.995885009058743,0.000155551422693527
12,12,SVM (RBF),calibrated,4.87,0.997274085458162,0.000101805810323272
12,12,SVM (RBF),calibrated,4.88,0.99817945516688,6.31855641428237E-05
12,12,SVM (RBF),calibrated,4.9,0.99917845322298,2.75489330428455E-05
12,12,SVM (RBF),calibrated,4.93,0.999685562011563,1.26032113688246E-05
12,12,SVM (RBF),uncalibrated,4.67,0.20043699170887,0.00154820414984977
12,12,SVM (RBF),uncalibrated,4.7,0.281830926987155,0.00138926944220765
12,12,SVM (RBF),uncalibrated,4.72,0.342819578295842,0.00128612006405678
12,12,SVM (RBF),uncalibrated,4.73,0.375342577707936,0.00105019296040992
12,12,SVM (RBF),uncalibrated,4.74,0.409119149836228,0.00110467168179162
12,12,SVM (RBF),uncalibrated,4.75,0.441793876546625,0.00173069006033701
12,12,SVM (RBF),uncalibrated,4.76,0.473990783223834,0.00150946427972313
12,12,SVM (RBF),uncalibrated,4.77,0.505629769733752,0.00160354634020608
12,12,SVM (RBF),uncalibrated,4.78,0.534711896602373,0.00156554034920859
12,12,SVM (RBF),uncalibrated,4.79,0.563571835851802,0.001491160652
12,12,SVM (RBF),uncalibrated,4.81,0.61174052708766,0.00208680048768584
12,12,SVM (RBF),uncalibrated,4.82,0.635008529731673,0.00104860563067977
12,12,SVM (RBF),uncalibrated,4.83,0.655780360513958,0.00101481892769482
12,12,SVM (RBF),uncalibrated,4.84,0.672906670406463,0.0018241071193346
12,12,SVM (RBF),uncalibrated,4.85,0.691319606585676,0.00121010303454223
12,12,SVM (RBF),uncalibrated,4.86,0.706646701768521,0.00105679351018673
12,12,SVM (RBF),uncalibrated,4.87,0.719796251827048,0.00104859639039691
12,12,SVM (RBF),uncalibrated,4.88,0.731768368795172,0.00104331446178669
12,12,SVM (RBF),uncalibrated,4.9,0.755396192833775,0.00100372723972788
12,12,SVM (RBF),uncalibrated,4.93,0.780708575158494,0.00120883633897571
12,12,Neural Network,calibrated,4.67,0.0022358554209655,5.02208401090678E-05
12,12,Neural Network,calibrated,4.7,0.00381150172437194,0.000668100674696329
12,12,Neural Network,calibrated,4.72,0.0112860209553852,0.00141064180835112
12,12,Neural Network,calibrated,4.73,0.025224113626958,0.00323117380857195
12,12,Neural Network,calibrated,4.74,0.0508663511165788,0.00320573957452824
12,12,Neural Network,calibrated,4.75,0.0941691137065083,0.0118812252546715
12,12,Neural Network,calibrated,4.76,0.162481184005929,0.00747812742149172
12,12,Neural Network,calibrated,4.77,0.255229945203929,0.0126923225968464
12,12,Neural Network,calibrated,4.78,0.356601845568163,0.0113006533503716
12,12,Neural Network,calibrated,4.79,0.460795744804446,0.00941313382857717
12,12,Neural Network,calibrated,4.81,0.678671012375219,0.0152413057330709
12,12,Neural Network,calibrated,4.82,0.765900620285954,0.0110354624791713
12,12,Neural Network,calibrated,4.83,0.836933045927949,0.00705843751439067
12,12,Neural Network,calibrated,4.84,0.879755487008316,0.0103183242566632
12,12,Neural Network,calibrated,4.85,0.918117760016492,0.00596971731082295
12,12,Neural Network,calibrated,4.86,0.947556419033637,0.00720435647381072
12,12,Neural Network,calibrated,4.87,0.964632290634682,0.00302695858259402
12,12,Neural Network,calibrated,4.88,0.975799076270165,0.0021761883098036
12,12,Neural Network,calibrated,4.9,0.990634829122454,0.00141406740789954
12,12,Neural Network,calibrated,4.93,0.998323122284376,0.000683926204458563
12,12,Neural Network,uncalibrated,4.67,3.33622968141967E-29,3.33622968141972E-29
12,12,Neural Network,uncalibrated,4.7,0.00164606395182276,0.000856486375619536
12,12,Neural Network,uncalibrated,4.72,0.027503180329277,0.00322663928172236
12,12,Neural Network,uncalibrated,4.73,0.0832871951082856,0.00589510536932871
12,12,Neural Network,uncalibrated,4.74,0.189971059366416,0.00928885408774825
12,12,Neural Network,uncalibrated,4.75,0.358461942288443,0.0173882998631317
12,12,Neural Network,uncalibrated,4.76,0.560606582362967,0.018279199444056
12,12,Neural Network,uncalibrated,4.77,0.740176059464566,0.0144411363428692
12,12,Neural Network,uncalibrated,4.78,0.870957455889258,0.0120598384847574
12,12,Neural Network,uncalibrated,4.79,0.947270078317701,0.00519871327439865
12,12,Neural Network,uncalibrated,4.81,0.992013543340767,0.00152556894309205
12,12,Neural Network,uncalibrated,4.82,0.997999965197987,0.000760975436632655
12,12,Neural Network,uncalibrated,4.83,0.999286929537809,0.000576335594948185
12,12,Neural Network,uncalibrated,4.84,0.999639984488879,0.00021420728633223
12,12,Neural Network,uncalibrated,4.85,1,0
12,12,Neural Network,uncalibrated,4.86,1,0
12,12,Neural Network,uncalibrated,4.87,1,0
12,12,Neural Network,uncalibrated,4.88,1,0
12,12,Neural Network,uncalibrated,4.9,1,0
12,12,Neural Network,uncalibrated,4.93,1,0
