feature_set,n_features,model,calibration,train_acc,K0_crit,K0_crit_err,K0_close,N_K0,runtime_model,runtime_jackknife_mean,runtime_jackknife_chi,summary_mean_time,summary_chi_time,runtime_k0_crit,runtime_total
30,30,Logistic Regression,calibrated,1,4.77688837381718,0.000778667073086316,4.78,20,2.393,1.327,3.64,0.0161,0.0144,0.00025,7.391
30,30,Logistic Regression,uncalibrated,1,4.77550877767867,0.000807067638717084,4.78,20,0.501,1.285,3.38,0.0143,0.0137,0.00016,5.195
30,30,Logistic Regression C = 0.00175,calibrated,1,4.77650318939598,0.000777215313317072,4.78,20,2.382,1.258,3.712,0.0143,0.0146,0.00017,7.381
30,30,Logistic Regression C = 0.00175,uncalibrated,1,4.77209578537785,0.000698873219654018,4.77,20,0.776,1.562,3.737,0.0139,0.0151,0.00016,6.104
30,30,Decision Tree,calibrated,1,4.78277715010181,0.000737199622717075,4.78,20,0.866,1.286,3.981,0.0152,0.0161,0.00017,6.164
30,30,Decision Tree,uncalibrated,1,4.78070072704616,0.000786298121095243,4.78,20,0.095,1.314,3.592,0.0148,0.0151,0.00016,5.031
30,30,Random Forest,calibrated,1,4.77806209491088,0.00060860411450645,4.78,20,6.706,1.236,3.66,0.0166,0.0153,0.00027,11.634
30,30,Random Forest,uncalibrated,1,4.77983677102662,0.00058693484415896,4.78,20,2.646,1.245,3.434,0.0151,0.0156,0.00026,7.357
30,30,Gradient Boosted Trees,calibrated,1,4.78024463542826,0.000629801274216216,4.78,20,19.239,1.29,3.776,0.0149,0.0148,0.00036,24.334
30,30,Gradient Boosted Trees,uncalibrated,1,4.78083187568626,0.000607864876264139,4.78,20,8.767,1.266,3.567,0.0148,0.0142,0.00016,13.629
30,30,kNN,calibrated,1,4.77089959510805,0.000586349560045285,4.77,20,167.211,1.22,3.438,0.0206,0.0136,0.00024,171.903
30,30,kNN,uncalibrated,1,4.77138596415986,0.000616528399233519,4.77,20,80.328,1.187,3.14,0.0139,0.0136,0.00017,84.682
30,30,kNN kd_tree,calibrated,1,4.77089959510805,0.000586349560045285,4.77,20,17.771,1.198,3.372,0.0141,0.0137,0.00017,22.369
30,30,kNN kd_tree,uncalibrated,1,4.77138596415986,0.000616528399233519,4.77,20,5.994,1.186,3.132,0.014,0.0136,0.00016,10.34
30,30,kNN ball_tree,calibrated,1,4.77089959510805,0.000586349560045285,4.77,20,56.359,1.262,3.445,0.0157,0.0145,0.00016,61.097
30,30,kNN ball_tree,uncalibrated,1,4.77138596415986,0.000616528399233519,4.77,20,20.379,1.061,2.835,0.0132,0.0133,0.00015,24.301
30,30,SVM (RBF),calibrated,1,4.76513747657288,0.00047963521821322,4.77,20,37.595,1.289,3.67,0.0188,0.0137,0.00025,42.586
30,30,SVM (RBF),uncalibrated,1,4.76783576993131,0.000491215553708284,4.77,20,8.442,1.243,3.523,0.0146,0.0142,0.00017,13.237
30,30,Neural Network,calibrated,1,4.78737893472454,0.000746675846981528,4.79,20,5.593,1.228,3.358,0.0142,0.0137,0.00016,10.208
30,30,Neural Network,uncalibrated,1,4.77503423846111,0.000813589519673801,4.78,20,2.253,1.208,3.235,0.014,0.0138,0.00016,6.725
20,20,Logistic Regression,calibrated,1,4.78024562369027,0.000861547693107467,4.78,20,2.436,2.018,5.022,0.0147,0.014,0.00026,9.505
20,20,Logistic Regression,uncalibrated,1,4.77851985768958,0.000841048631362158,4.78,20,0.619,1.334,3.573,0.0137,0.0149,0.00016,5.554
20,20,Logistic Regression C = 0.00175,calibrated,1,4.77424123694287,0.000766583467209129,4.77,20,2.607,1.194,3.199,0.0151,0.0144,0.00025,7.03
20,20,Logistic Regression C = 0.00175,uncalibrated,1,4.7732065778388,0.000772661194908327,4.77,20,0.689,1.347,3.59,0.0143,0.0141,0.00016,5.655
20,20,Decision Tree,calibrated,1,4.78636613007904,0.00101030907703693,4.79,20,0.686,1.303,3.58,0.0142,0.014,0.00016,5.597
20,20,Decision Tree,uncalibrated,1,4.7858863527808,0.00102349277194748,4.79,20,0.053,1.259,3.363,0.0141,0.0143,0.00015,4.704
20,20,Random Forest,calibrated,1,4.78014229318481,0.000640233711847737,4.78,20,5.125,1.259,3.596,0.0147,0.0141,0.00019,10.009
20,20,Random Forest,uncalibrated,1,4.78116235339328,0.000604099120708025,4.78,20,1.987,1.259,3.456,0.0144,0.0138,0.00028,6.73
20,20,Gradient Boosted Trees,calibrated,1,4.77980339573856,0.000634217046237315,4.78,20,12.06,1.249,3.557,0.0145,0.0155,0.00027,16.897
20,20,Gradient Boosted Trees,uncalibrated,1,4.78000148947701,0.000652737054166587,4.78,20,5.37,1.243,3.504,0.0142,0.0139,0.00015,10.144
20,20,kNN,calibrated,1,4.77359491694618,0.00068999635991643,4.77,20,173.674,1.279,3.599,0.0143,0.0145,0.00018,178.58
20,20,kNN,uncalibrated,1,4.77303289368953,0.000706304622354963,4.77,20,86.453,1.189,3.125,0.0156,0.0145,0.00017,90.798
20,20,kNN kd_tree,calibrated,1,4.77359491694618,0.00068999635991643,4.77,20,23.192,1.27,3.586,0.0154,0.014,0.00017,28.078
20,20,kNN kd_tree,uncalibrated,1,4.77303289368953,0.000706304622354963,4.77,20,9.63,1.259,3.33,0.0146,0.0139,0.00015,14.248
20,20,kNN ball_tree,calibrated,1,4.77359491694618,0.00068999635991643,4.77,20,94.385,1.265,3.581,0.0145,0.0138,0.00015,99.26
20,20,kNN ball_tree,uncalibrated,1,4.77303289368953,0.000706304622354963,4.77,20,43.371,1.155,3.076,0.0148,0.0147,0.00024,47.632
20,20,SVM (RBF),calibrated,1,4.77340619757029,0.000704714556001555,4.77,20,78.232,1.137,3.143,0.0136,0.0132,0.00015,82.539
20,20,SVM (RBF),uncalibrated,1,4.77149112870397,0.000697721165715622,4.77,20,14.308,1.119,3.147,0.0149,0.0147,0.00015,18.604
20,20,Neural Network,calibrated,1,4.76112297420038,0.000808048614620367,4.76,20,5.432,1.286,3.459,0.0157,0.0147,0.00024,10.208
20,20,Neural Network,uncalibrated,1,4.77544188071748,0.000854432286323485,4.78,20,2.298,1.351,3.463,0.0156,0.0144,0.00016,7.142
12,12,Logistic Regression,calibrated,1,4.77968789033005,0.000868888010804127,4.78,20,1.006,1.207,3.308,0.0132,0.013,0.00015,5.547
12,12,Logistic Regression,uncalibrated,1,4.77882069585482,0.000946645695244937,4.78,20,0.046,1.177,3.303,0.0137,0.0133,0.00015,4.553
12,12,Logistic Regression C = 0.00175,calibrated,1,4.77229808767113,0.000705187697166383,4.77,20,0.907,1.185,3.27,0.0135,0.0134,0.00015,5.389
12,12,Logistic Regression C = 0.00175,uncalibrated,1,4.77244468810147,0.000721747642248828,4.77,20,0.079,1.217,3.279,0.0134,0.0132,0.00015,4.602
12,12,Decision Tree,calibrated,1,4.77714991834042,0.00056128029928406,4.78,20,0.541,1.165,3.243,0.0141,0.0142,0.00016,4.978
12,12,Decision Tree,uncalibrated,1,4.7793203061116,0.000610857089678824,4.78,20,0.038,1.19,2.935,0.0132,0.013,0.00015,4.19
12,12,Random Forest,calibrated,1,4.77377992393004,0.000584106553206908,4.77,20,11.119,1.133,3.261,0.0136,0.0133,0.00017,15.54
12,12,Random Forest,uncalibrated,1,4.77521510987544,0.000602685860608205,4.78,20,4.819,1.151,3.252,0.0137,0.0133,0.00015,9.249
12,12,Gradient Boosted Trees,calibrated,1,4.77714991834029,0.000561280299283854,4.78,20,8.419,1.144,3.3,0.0136,0.0134,0.00015,12.89
12,12,Gradient Boosted Trees,uncalibrated,1,4.77932031546694,0.000610857112859181,4.78,20,3.661,1.145,3.237,0.0134,0.0131,0.00015,8.069
12,12,kNN,calibrated,1,4.77175654477486,0.000603961064289351,4.77,20,13.363,1.105,3.122,0.0133,0.0133,0.00022,17.617
12,12,kNN,uncalibrated,1,4.77238556015672,0.000584279693955872,4.77,20,3.01,1.11,2.924,0.0146,0.0125,0.00014,7.071
12,12,kNN kd_tree,calibrated,1,4.77175654477486,0.000603961064289351,4.77,20,15.333,1.082,3.089,0.0145,0.0132,0.00018,19.531
12,12,kNN kd_tree,uncalibrated,1,4.77238556015672,0.000584279693955872,4.77,20,4.806,1.108,2.917,0.0151,0.0132,0.00014,8.86
12,12,kNN ball_tree,calibrated,1,4.77175654477486,0.000603961064289351,4.77,20,76.858,1.184,3.36,0.014,0.0137,0.00016,81.43
12,12,kNN ball_tree,uncalibrated,1,4.77238556015672,0.000584279693955872,4.77,20,28.717,1.213,3.194,0.0144,0.0141,0.00015,33.152
12,12,SVM (RBF),calibrated,1,4.76575482910079,0.000488373052797925,4.77,20,25.724,1.125,3.149,0.0148,0.0144,0.00015,30.028
12,12,SVM (RBF),uncalibrated,1,4.76822062260686,0.000501534899215661,4.77,20,5.192,1.126,3.195,0.0146,0.0138,0.00015,9.542
12,12,Neural Network,calibrated,1,4.79359877976355,0.00096035215934704,4.79,20,5.769,1.259,3.494,0.0139,0.0138,0.00016,10.55
12,12,Neural Network,uncalibrated,1,4.75700182095649,0.000891049685614966,4.76,20,2.358,1.256,3.317,0.0139,0.0137,0.00016,6.96
