feature_set,n_features,model,calibration,K0,chi,chi_err
30,30,Logistic Regression,calibrated,4.67,9.42370623496197E-08,1.62680039481542E-08
30,30,Logistic Regression,calibrated,4.7,2.92053475034869E-05,4.63922827041372E-06
30,30,Logistic Regression,calibrated,4.72,0.00105505563439632,0.000145660527128108
30,30,Logistic Regression,calibrated,4.73,0.00426992741364406,0.000388935411409624
30,30,Logistic Regression,calibrated,4.74,0.0130586079734329,0.0008743379545218
30,30,Logistic Regression,calibrated,4.75,0.0294902791109263,0.00171007931567837
30,30,Logistic Regression,calibrated,4.76,0.0447312624530285,0.00150457564747713
30,30,Logistic Regression,calibrated,4.77,0.0507394138409643,0.00104347007707642
30,30,Logistic Regression,calibrated,4.78,0.0408520177186262,0.000985291746286874
30,30,Logistic Regression,calibrated,4.79,0.0239741242519103,0.00103733197696708
30,30,Logistic Regression,calibrated,4.81,0.00513720091289574,0.000413483945511904
30,30,Logistic Regression,calibrated,4.82,0.00171138819681734,0.000295924209001042
30,30,Logistic Regression,calibrated,4.83,0.000542243152706913,6.11808328432013E-05
30,30,Logistic Regression,calibrated,4.84,0.000204352453877221,5.36899647073998E-05
30,30,Logistic Regression,calibrated,4.85,6.22823069978798E-05,1.1272386442577E-05
30,30,Logistic Regression,calibrated,4.86,2.26668041720026E-05,4.27394230175497E-06
30,30,Logistic Regression,calibrated,4.87,9.16009841412309E-06,1.33118175704738E-06
30,30,Logistic Regression,calibrated,4.88,3.56382315955662E-06,4.21964826142373E-07
30,30,Logistic Regression,calibrated,4.9,7.40499749138413E-07,9.3707533478236E-08
30,30,Logistic Regression,calibrated,4.93,6.20934812317546E-08,6.98345368743912E-09
30,30,Logistic Regression,uncalibrated,4.67,4.70924620334748E-08,8.56351518203084E-09
30,30,Logistic Regression,uncalibrated,4.7,2.19057401150016E-05,4.02075450895085E-06
30,30,Logistic Regression,uncalibrated,4.72,0.00101523881027657,0.000160704609365191
30,30,Logistic Regression,uncalibrated,4.73,0.00439257965855003,0.000421008082416854
30,30,Logistic Regression,uncalibrated,4.74,0.0140821704772661,0.000962704372147412
30,30,Logistic Regression,uncalibrated,4.75,0.0326249854928556,0.00188275430102637
30,30,Logistic Regression,uncalibrated,4.76,0.0496069403815441,0.00162669312998332
30,30,Logistic Regression,uncalibrated,4.77,0.0549390771395159,0.00105614039093381
30,30,Logistic Regression,uncalibrated,4.78,0.0424035957256175,0.00108395584512696
30,30,Logistic Regression,uncalibrated,4.79,0.0233393492311363,0.00109250083185447
30,30,Logistic Regression,uncalibrated,4.81,0.00430091877386776,0.000386341592618557
30,30,Logistic Regression,uncalibrated,4.82,0.00129606757563188,0.000251273441979711
30,30,Logistic Regression,uncalibrated,4.83,0.000368067162505274,4.69372978294005E-05
30,30,Logistic Regression,uncalibrated,4.84,0.000130460545266827,3.82536619544223E-05
30,30,Logistic Regression,uncalibrated,4.85,3.57396734582782E-05,7.07055966566953E-06
30,30,Logistic Regression,uncalibrated,4.86,1.20550537150164E-05,2.50577750064017E-06
30,30,Logistic Regression,uncalibrated,4.87,4.5590494455189E-06,7.19221038013222E-07
30,30,Logistic Regression,uncalibrated,4.88,1.64346302382578E-06,2.13872651523752E-07
30,30,Logistic Regression,uncalibrated,4.9,3.128626266813E-07,4.39114495617559E-08
30,30,Logistic Regression,uncalibrated,4.93,2.15604334225542E-08,2.64665477126201E-09
30,30,Logistic Regression C = 0.00175,calibrated,4.67,9.46281721344629E-08,1.64629721655182E-08
30,30,Logistic Regression C = 0.00175,calibrated,4.7,2.88072730997965E-05,4.67691522273927E-06
30,30,Logistic Regression C = 0.00175,calibrated,4.72,0.00104292436767673,0.00014398723998368
30,30,Logistic Regression C = 0.00175,calibrated,4.73,0.00423849062603822,0.000390993445197298
30,30,Logistic Regression C = 0.00175,calibrated,4.74,0.0129710692731111,0.000873853934977921
30,30,Logistic Regression C = 0.00175,calibrated,4.75,0.0293796017671842,0.00171935056025652
30,30,Logistic Regression C = 0.00175,calibrated,4.76,0.0447453262717262,0.00151109039339366
30,30,Logistic Regression C = 0.00175,calibrated,4.77,0.0510632236975964,0.00105752562677669
30,30,Logistic Regression C = 0.00175,calibrated,4.78,0.0413857828847272,0.00098791990086284
30,30,Logistic Regression C = 0.00175,calibrated,4.79,0.0244990464276328,0.00105382651893768
30,30,Logistic Regression C = 0.00175,calibrated,4.81,0.00531957039045215,0.000419777720633636
30,30,Logistic Regression C = 0.00175,calibrated,4.82,0.00179002327890567,0.000310645693316394
30,30,Logistic Regression C = 0.00175,calibrated,4.83,0.000569942381817681,6.46190694107647E-05
30,30,Logistic Regression C = 0.00175,calibrated,4.84,0.000215310657492826,5.67784977643749E-05
30,30,Logistic Regression C = 0.00175,calibrated,4.85,6.60251668613424E-05,1.20817023015124E-05
30,30,Logistic Regression C = 0.00175,calibrated,4.86,2.39514918533137E-05,4.56324382038882E-06
30,30,Logistic Regression C = 0.00175,calibrated,4.87,9.72093374338148E-06,1.41607165951503E-06
30,30,Logistic Regression C = 0.00175,calibrated,4.88,3.75786021345574E-06,4.46856983906663E-07
30,30,Logistic Regression C = 0.00175,calibrated,4.9,7.86001857039849E-07,1.00946454656399E-07
30,30,Logistic Regression C = 0.00175,calibrated,4.93,6.49530229841867E-08,7.40419284605394E-09
30,30,Logistic Regression C = 0.00175,uncalibrated,4.67,2.57344692887249E-05,2.65190207906083E-06
30,30,Logistic Regression C = 0.00175,uncalibrated,4.7,0.000525098523497917,3.56299780173553E-05
30,30,Logistic Regression C = 0.00175,uncalibrated,4.72,0.00309640625127644,0.000176382028192827
30,30,Logistic Regression C = 0.00175,uncalibrated,4.73,0.00627027652274463,0.000293550206943815
30,30,Logistic Regression C = 0.00175,uncalibrated,4.74,0.0110194051087562,0.000469201471897349
30,30,Logistic Regression C = 0.00175,uncalibrated,4.75,0.0165080503466195,0.000786673616689206
30,30,Logistic Regression C = 0.00175,uncalibrated,4.76,0.0196702016725337,0.000585168224607782
30,30,Logistic Regression C = 0.00175,uncalibrated,4.77,0.0210450006832361,0.000561013103706752
30,30,Logistic Regression C = 0.00175,uncalibrated,4.78,0.0187693702213716,0.000428432864474493
30,30,Logistic Regression C = 0.00175,uncalibrated,4.79,0.0144404787618647,0.000482559825713365
30,30,Logistic Regression C = 0.00175,uncalibrated,4.81,0.00685575023513134,0.000275999502448806
30,30,Logistic Regression C = 0.00175,uncalibrated,4.82,0.0041086349770884,0.000366774350479714
30,30,Logistic Regression C = 0.00175,uncalibrated,4.83,0.00240290575131822,0.000121849061000316
30,30,Logistic Regression C = 0.00175,uncalibrated,4.84,0.00144213601593918,0.000186450982720314
30,30,Logistic Regression C = 0.00175,uncalibrated,4.85,0.000822417816368699,6.98644595464821E-05
30,30,Logistic Regression C = 0.00175,uncalibrated,4.86,0.000499025591985023,4.72260529227544E-05
30,30,Logistic Regression C = 0.00175,uncalibrated,4.87,0.000310014934218541,2.13304035356603E-05
30,30,Logistic Regression C = 0.00175,uncalibrated,4.88,0.00019447240109902,1.121966851674E-05
30,30,Logistic Regression C = 0.00175,uncalibrated,4.9,8.1271046235078E-05,4.94088050605463E-06
30,30,Logistic Regression C = 0.00175,uncalibrated,4.93,2.2990929900547E-05,1.26671385149034E-06
30,30,kNN kd_tree,calibrated,4.67,-5.14334442385442E-38,2.72973070466928E-54
30,30,kNN kd_tree,calibrated,4.7,-7.20134374387332E-38,3.22986092704004E-54
30,30,kNN kd_tree,calibrated,4.72,3.33517448184472E-05,3.33490592232114E-05
30,30,kNN kd_tree,calibrated,4.73,0.00106644165605131,0.000544280633664703
30,30,kNN kd_tree,calibrated,4.74,0.0101026783492364,0.00167539028287176
30,30,kNN kd_tree,calibrated,4.75,0.057690693871014,0.00474784488620662
30,30,kNN kd_tree,calibrated,4.76,0.149187685860033,0.00709541960167895
30,30,kNN kd_tree,calibrated,4.77,0.223089266103841,0.0013412070917886
30,30,kNN kd_tree,calibrated,4.78,0.158449668309892,0.00636275038746021
30,30,kNN kd_tree,calibrated,4.79,0.057366395524286,0.00410966151865618
30,30,kNN kd_tree,calibrated,4.81,0.00184840063448422,0.000709952352036128
30,30,kNN kd_tree,calibrated,4.82,0.000167246283797793,0.000144168897912375
30,30,kNN kd_tree,calibrated,4.83,1.5760691601222E-09,1.57606916012227E-09
30,30,kNN kd_tree,calibrated,4.84,1.10933563257793E-31,5.72636099599745E-46
30,30,kNN kd_tree,calibrated,4.85,-4.14207009120738E-30,3.6110634883919E-46
30,30,kNN kd_tree,calibrated,4.86,1.1093356324172E-31,5.76391130651135E-46
30,30,kNN kd_tree,calibrated,4.87,-8.2594028046481E-30,4.31287166031574E-46
30,30,kNN kd_tree,calibrated,4.88,-5.42404820672223E-30,5.32735362034965E-46
30,30,kNN kd_tree,calibrated,4.9,-6.0527195831175E-30,4.35710739887498E-46
30,30,kNN kd_tree,calibrated,4.93,-6.0527195831175E-30,4.35710739887498E-46
30,30,kNN kd_tree,uncalibrated,4.67,0,0
30,30,kNN kd_tree,uncalibrated,4.7,0,0
30,30,kNN kd_tree,uncalibrated,4.72,4.33995560788616E-05,3.68008570109511E-05
30,30,kNN kd_tree,uncalibrated,4.73,0.00108637461411841,0.000528657237669695
30,30,kNN kd_tree,uncalibrated,4.74,0.00936973366686637,0.00160136306537621
30,30,kNN kd_tree,uncalibrated,4.75,0.0522209653587573,0.00454842770746468
30,30,kNN kd_tree,uncalibrated,4.76,0.132162813300158,0.00658427875846768
30,30,kNN kd_tree,uncalibrated,4.77,0.196754439510087,0.00236500401519979
30,30,kNN kd_tree,uncalibrated,4.78,0.142188752204187,0.00540035370413859
30,30,kNN kd_tree,uncalibrated,4.79,0.0526642089426796,0.00352248280382586
30,30,kNN kd_tree,uncalibrated,4.81,0.00211987840103729,0.000632856640040063
30,30,kNN kd_tree,uncalibrated,4.82,0.000163222921857494,8.16259218954193E-05
30,30,kNN kd_tree,uncalibrated,4.83,0,0
30,30,kNN kd_tree,uncalibrated,4.84,0,0
30,30,kNN kd_tree,uncalibrated,4.85,0,0
30,30,kNN kd_tree,uncalibrated,4.86,0,0
30,30,kNN kd_tree,uncalibrated,4.87,0,0
30,30,kNN kd_tree,uncalibrated,4.88,0,0
30,30,kNN kd_tree,uncalibrated,4.9,0,0
30,30,kNN kd_tree,uncalibrated,4.93,0,0
30,30,SVM (RBF),calibrated,4.67,4.08165916875166E-07,1.23267310209919E-07
30,30,SVM (RBF),calibrated,4.7,3.40670257193241E-05,8.32652268508934E-06
30,30,SVM (RBF),calibrated,4.72,0.0017629526513821,0.000407431463624289
30,30,SVM (RBF),calibrated,4.73,0.00780158284685748,0.000788039734739149
30,30,SVM (RBF),calibrated,4.74,0.0245667982697326,0.00142485664292673
30,30,SVM (RBF),calibrated,4.75,0.0567233865805515,0.0029891618936021
30,30,SVM (RBF),calibrated,4.76,0.0810642692736477,0.00186713113945244
30,30,SVM (RBF),calibrated,4.77,0.0805682909697052,0.00128772867861993
30,30,SVM (RBF),calibrated,4.78,0.0532011312702258,0.00177471160164582
30,30,SVM (RBF),calibrated,4.79,0.0225891505552172,0.00147357148339608
30,30,SVM (RBF),calibrated,4.81,0.00233232022772002,0.000305539946354604
30,30,SVM (RBF),calibrated,4.82,0.000322774329866006,6.44695321193875E-05
30,30,SVM (RBF),calibrated,4.83,6.18942772560718E-05,1.67397754036548E-05
30,30,SVM (RBF),calibrated,4.84,1.99235163634158E-05,8.2341473409937E-06
30,30,SVM (RBF),calibrated,4.85,3.12019799909611E-06,7.82721518824904E-07
30,30,SVM (RBF),calibrated,4.86,8.14303392383929E-07,1.56069895849301E-07
30,30,SVM (RBF),calibrated,4.87,2.89764077153829E-07,5.28427231232105E-08
30,30,SVM (RBF),calibrated,4.88,9.10607050063315E-08,9.31535221881839E-09
30,30,SVM (RBF),calibrated,4.9,2.17357974042904E-08,2.41805326713373E-09
30,30,SVM (RBF),calibrated,4.93,8.88956275236383E-09,9.80362059315829E-10
30,30,SVM (RBF),uncalibrated,4.67,0.00052220822133225,1.88576676176081E-05
30,30,SVM (RBF),uncalibrated,4.7,0.00136078899043749,4.89447802562941E-05
30,30,SVM (RBF),uncalibrated,4.72,0.00256682882384624,0.000109480143087633
30,30,SVM (RBF),uncalibrated,4.73,0.00332158259548853,0.00011133738970957
30,30,SVM (RBF),uncalibrated,4.74,0.00392958420684235,0.000103278177537085
30,30,SVM (RBF),uncalibrated,4.75,0.00451885799696244,0.000164327464620583
30,30,SVM (RBF),uncalibrated,4.76,0.00456221651077861,0.000123297029390582
30,30,SVM (RBF),uncalibrated,4.77,0.00445513435010734,0.000104401827187074
30,30,SVM (RBF),uncalibrated,4.78,0.00407837992638114,0.000100588373589997
30,30,SVM (RBF),uncalibrated,4.79,0.0035475518732668,0.000112116375540924
30,30,SVM (RBF),uncalibrated,4.81,0.00243284473121728,8.78938508652265E-05
30,30,SVM (RBF),uncalibrated,4.82,0.00183178573728458,0.000105904590031912
30,30,SVM (RBF),uncalibrated,4.83,0.001363882876258,4.21148514725577E-05
30,30,SVM (RBF),uncalibrated,4.84,0.00102605326606675,9.84734876286832E-05
30,30,SVM (RBF),uncalibrated,4.85,0.000738512699541325,4.5381421593455E-05
30,30,SVM (RBF),uncalibrated,4.86,0.000537339453789362,3.5568233615517E-05
30,30,SVM (RBF),uncalibrated,4.87,0.000400570249376575,2.29928069152414E-05
30,30,SVM (RBF),uncalibrated,4.88,0.000301217503870986,1.10645672275356E-05
30,30,SVM (RBF),uncalibrated,4.9,0.000200129320863581,7.8833992545832E-06
30,30,SVM (RBF),uncalibrated,4.93,0.000195745542528434,1.43263037089521E-05
30,30,Neural Network,calibrated,4.67,6.54436329329142E-15,9.6412662156838E-16
30,30,Neural Network,calibrated,4.7,2.92684184832995E-07,2.92659574279255E-07
30,30,Neural Network,calibrated,4.72,0.000618441820162021,0.000270913066764681
30,30,Neural Network,calibrated,4.73,0.00417952416069194,0.000912735307047931
30,30,Neural Network,calibrated,4.74,0.0226493741668364,0.00273658301182033
30,30,Neural Network,calibrated,4.75,0.077062223466189,0.00663174327038243
30,30,Neural Network,calibrated,4.76,0.152609462675604,0.00416216003858379
30,30,Neural Network,calibrated,4.77,0.179516481763271,0.00150644512645386
30,30,Neural Network,calibrated,4.78,0.118539320505065,0.00508105158640098
30,30,Neural Network,calibrated,4.79,0.0465600331400166,0.00345835690464306
30,30,Neural Network,calibrated,4.81,0.002625850735666,0.000545857588366158
30,30,Neural Network,calibrated,4.82,0.000305512326559434,0.000173911024207959
30,30,Neural Network,calibrated,4.83,5.0823221700108E-08,3.63391542525292E-08
30,30,Neural Network,calibrated,4.84,3.13911639687079E-07,3.13382810796389E-07
30,30,Neural Network,calibrated,4.85,3.30933010789833E-10,2.4322847946256E-10
30,30,Neural Network,calibrated,4.86,8.78584127469054E-12,3.55243314000908E-12
30,30,Neural Network,calibrated,4.87,2.69097715257102E-12,7.23540431302475E-13
30,30,Neural Network,calibrated,4.88,5.48459726722814E-13,8.21367821646973E-14
30,30,Neural Network,calibrated,4.9,1.13065255865473E-13,3.1418322174082E-14
30,30,Neural Network,calibrated,4.93,3.09414348365699E-15,6.50321150245973E-16
30,30,Neural Network,uncalibrated,4.67,1.06666566173283E-11,2.79914134299543E-12
30,30,Neural Network,uncalibrated,4.7,6.41465115961454E-07,5.4212242674024E-07
30,30,Neural Network,uncalibrated,4.72,0.000606038486703868,0.000228903600282371
30,30,Neural Network,uncalibrated,4.73,0.00325180451343042,0.000746365412607662
30,30,Neural Network,uncalibrated,4.74,0.0163284504932187,0.00152397313003113
30,30,Neural Network,uncalibrated,4.75,0.0521586676146875,0.00419677212655863
30,30,Neural Network,uncalibrated,4.76,0.0990670838515713,0.00341864228674599
30,30,Neural Network,uncalibrated,4.77,0.118409283044179,0.00138604728431726
30,30,Neural Network,uncalibrated,4.78,0.0843804853973457,0.0028882872288311
30,30,Neural Network,uncalibrated,4.79,0.0373485168802966,0.002461844538338
30,30,Neural Network,uncalibrated,4.81,0.00330042629243123,0.000658881041331345
30,30,Neural Network,uncalibrated,4.82,0.00048138971151586,0.000193420565215113
30,30,Neural Network,uncalibrated,4.83,4.12119967914815E-05,1.59051398804523E-05
30,30,Neural Network,uncalibrated,4.84,1.22351464143872E-05,6.06501674796806E-06
30,30,Neural Network,uncalibrated,4.85,8.82611986536025E-07,3.17271573215754E-07
30,30,Neural Network,uncalibrated,4.86,1.55346018540206E-07,5.76368432889041E-08
30,30,Neural Network,uncalibrated,4.87,4.66573391288426E-08,1.39547319601613E-08
30,30,Neural Network,uncalibrated,4.88,1.23864089849634E-08,2.86171581448177E-09
30,30,Neural Network,uncalibrated,4.9,1.64191245653295E-09,3.4905633339265E-10
30,30,Neural Network,uncalibrated,4.93,8.89508459162439E-11,1.86256187729097E-11
20,20,Logistic Regression,calibrated,4.67,9.88971104400805E-08,1.8126538721525E-08
20,20,Logistic Regression,calibrated,4.7,3.14121141456328E-05,5.95132364523476E-06
20,20,Logistic Regression,calibrated,4.72,0.00102523182354958,0.000136141987910136
20,20,Logistic Regression,calibrated,4.73,0.00423890935275201,0.00038316197674519
20,20,Logistic Regression,calibrated,4.74,0.0129999900039705,0.000912708749316174
20,20,Logistic Regression,calibrated,4.75,0.0297148759465264,0.00181864823159282
20,20,Logistic Regression,calibrated,4.76,0.0449785959382436,0.00164832149631403
20,20,Logistic Regression,calibrated,4.77,0.0511509212498791,0.000953391647323504
20,20,Logistic Regression,calibrated,4.78,0.0414028569999451,0.00100656372686091
20,20,Logistic Regression,calibrated,4.79,0.0243049671241159,0.00102345659683346
20,20,Logistic Regression,calibrated,4.81,0.00524073601270124,0.00037446749113077
20,20,Logistic Regression,calibrated,4.82,0.00175487881912492,0.000319618719381423
20,20,Logistic Regression,calibrated,4.83,0.000561472590388718,4.80627354115156E-05
20,20,Logistic Regression,calibrated,4.84,0.00020515223353077,5.24333161714784E-05
20,20,Logistic Regression,calibrated,4.85,6.22644410126011E-05,1.13745716444536E-05
20,20,Logistic Regression,calibrated,4.86,2.31980542512259E-05,4.34137582136377E-06
20,20,Logistic Regression,calibrated,4.87,9.48570393629349E-06,1.32615417699903E-06
20,20,Logistic Regression,calibrated,4.88,3.53176651758482E-06,4.20144261717441E-07
20,20,Logistic Regression,calibrated,4.9,7.3583429091664E-07,9.57894879261114E-08
20,20,Logistic Regression,calibrated,4.93,5.91239931996324E-08,6.06080141014856E-09
20,20,Logistic Regression,uncalibrated,4.67,3.90491942425641E-08,7.85463154368848E-09
20,20,Logistic Regression,uncalibrated,4.7,2.11158066050296E-05,4.79290071770254E-06
20,20,Logistic Regression,uncalibrated,4.72,0.000936277136251283,0.000148979881531199
20,20,Logistic Regression,uncalibrated,4.73,0.00427660635134084,0.000417440055250324
20,20,Logistic Regression,uncalibrated,4.74,0.0140200833351295,0.00101863339184547
20,20,Logistic Regression,uncalibrated,4.75,0.033341402253364,0.00206499492544726
20,20,Logistic Regression,uncalibrated,4.76,0.0509757764055652,0.00182297668057651
20,20,Logistic Regression,uncalibrated,4.77,0.0567031149597743,0.00100489330070244
20,20,Logistic Regression,uncalibrated,4.78,0.0438054230363748,0.00113442004398505
20,20,Logistic Regression,uncalibrated,4.79,0.0238661129989181,0.00110013304255621
20,20,Logistic Regression,uncalibrated,4.81,0.00429258716229822,0.000352856276075614
20,20,Logistic Regression,uncalibrated,4.82,0.00126911346380068,0.000272055351314237
20,20,Logistic Regression,uncalibrated,4.83,0.000355205021510558,3.49449087154796E-05
20,20,Logistic Regression,uncalibrated,4.84,0.000118239408026903,3.43922542694209E-05
20,20,Logistic Regression,uncalibrated,4.85,3.15445531980929E-05,6.46542862337924E-06
20,20,Logistic Regression,uncalibrated,4.86,1.07276129199632E-05,2.27968078589309E-06
20,20,Logistic Regression,uncalibrated,4.87,4.03127304210803E-06,6.27312293855323E-07
20,20,Logistic Regression,uncalibrated,4.88,1.34911331466981E-06,1.80714387433528E-07
20,20,Logistic Regression,uncalibrated,4.9,2.51363572245733E-07,3.76989975248977E-08
20,20,Logistic Regression,uncalibrated,4.93,1.55431551921635E-08,1.77986523186926E-09
20,20,Logistic Regression C = 0.00175,calibrated,4.67,9.94483952263522E-08,1.8134516903748E-08
20,20,Logistic Regression C = 0.00175,calibrated,4.7,3.07279099406738E-05,6.05605636003822E-06
20,20,Logistic Regression C = 0.00175,calibrated,4.72,0.000996228808159029,0.0001343947754379
20,20,Logistic Regression C = 0.00175,calibrated,4.73,0.00413998367147329,0.000384424808410304
20,20,Logistic Regression C = 0.00175,calibrated,4.74,0.012758192996965,0.000911764186562998
20,20,Logistic Regression C = 0.00175,calibrated,4.75,0.0293602898727629,0.00185141424531264
20,20,Logistic Regression C = 0.00175,calibrated,4.76,0.0449129924478108,0.00168175877146141
20,20,Logistic Regression C = 0.00175,calibrated,4.77,0.0517562786242952,0.000975099718828052
20,20,Logistic Regression C = 0.00175,calibrated,4.78,0.0425007380864699,0.00101056359885878
20,20,Logistic Regression C = 0.00175,calibrated,4.79,0.0254456350665717,0.00105198722841516
20,20,Logistic Regression C = 0.00175,calibrated,4.81,0.00567152428115855,0.000389641871506744
20,20,Logistic Regression C = 0.00175,calibrated,4.82,0.00193936180807781,0.000357608712860348
20,20,Logistic Regression C = 0.00175,calibrated,4.83,0.000624512012754776,5.34312984891847E-05
20,20,Logistic Regression C = 0.00175,calibrated,4.84,0.000229621016774669,5.86711535988477E-05
20,20,Logistic Regression C = 0.00175,calibrated,4.85,7.05426326542913E-05,1.30260621918254E-05
20,20,Logistic Regression C = 0.00175,calibrated,4.86,2.61942079544206E-05,5.00757211411934E-06
20,20,Logistic Regression C = 0.00175,calibrated,4.87,1.07222181347271E-05,1.52356644105809E-06
20,20,Logistic Regression C = 0.00175,calibrated,4.88,3.9761368392675E-06,4.84259545176458E-07
20,20,Logistic Regression C = 0.00175,calibrated,4.9,8.35848268327948E-07,1.12134802718725E-07
20,20,Logistic Regression C = 0.00175,calibrated,4.93,6.52646097287444E-08,7.0128157216416E-09
20,20,Logistic Regression C = 0.00175,uncalibrated,4.67,3.86974980125722E-05,3.62004840704446E-06
20,20,Logistic Regression C = 0.00175,uncalibrated,4.7,0.000646707664454051,4.17208295357686E-05
20,20,Logistic Regression C = 0.00175,uncalibrated,4.72,0.0032923577512957,0.000160723391715694
20,20,Logistic Regression C = 0.00175,uncalibrated,4.73,0.00626428010650837,0.000272132949137087
20,20,Logistic Regression C = 0.00175,uncalibrated,4.74,0.0105851176942214,0.000457585930957707
20,20,Logistic Regression C = 0.00175,uncalibrated,4.75,0.0154933619578435,0.000741321719028582
20,20,Logistic Regression C = 0.00175,uncalibrated,4.76,0.0181553544580693,0.000590492646988989
20,20,Logistic Regression C = 0.00175,uncalibrated,4.77,0.019397096912102,0.000473755395828147
20,20,Logistic Regression C = 0.00175,uncalibrated,4.78,0.0175318683460296,0.000415510694052613
20,20,Logistic Regression C = 0.00175,uncalibrated,4.79,0.0138097950647351,0.000445942306999422
20,20,Logistic Regression C = 0.00175,uncalibrated,4.81,0.00699251751409224,0.000273957494785893
20,20,Logistic Regression C = 0.00175,uncalibrated,4.82,0.0044231745859223,0.000379127559851732
20,20,Logistic Regression C = 0.00175,uncalibrated,4.83,0.00268662631175067,0.000105511570556667
20,20,Logistic Regression C = 0.00175,uncalibrated,4.84,0.00167746384668272,0.000211057405835916
20,20,Logistic Regression C = 0.00175,uncalibrated,4.85,0.000992696197970607,7.75655999991391E-05
20,20,Logistic Regression C = 0.00175,uncalibrated,4.86,0.000629927583810889,5.43129255330135E-05
20,20,Logistic Regression C = 0.00175,uncalibrated,4.87,0.000404029190770745,2.49489635861574E-05
20,20,Logistic Regression C = 0.00175,uncalibrated,4.88,0.00025918351796254,1.44905793098155E-05
20,20,Logistic Regression C = 0.00175,uncalibrated,4.9,0.000115015477227959,6.49147313567889E-06
20,20,Logistic Regression C = 0.00175,uncalibrated,4.93,3.47376515805226E-05,1.75112651140549E-06
20,20,kNN kd_tree,calibrated,4.67,-5.14334442385442E-38,2.72973070466928E-54
20,20,kNN kd_tree,calibrated,4.7,-7.20134374387332E-38,3.22986092704004E-54
20,20,kNN kd_tree,calibrated,4.72,4.10342434912052E-09,2.88587956009168E-09
20,20,kNN kd_tree,calibrated,4.73,0.00104980002684929,0.000652357479126039
20,20,kNN kd_tree,calibrated,4.74,0.00878848633622963,0.00166580330657705
20,20,kNN kd_tree,calibrated,4.75,0.0530033610616021,0.00518816527971938
20,20,kNN kd_tree,calibrated,4.76,0.143929824057382,0.00661593392000955
20,20,kNN kd_tree,calibrated,4.77,0.222836672214048,0.00182531233257488
20,20,kNN kd_tree,calibrated,4.78,0.16681547438901,0.00590357160233355
20,20,kNN kd_tree,calibrated,4.79,0.063884952516775,0.00429720444391996
20,20,kNN kd_tree,calibrated,4.81,0.00217155009608384,0.000733118724005038
20,20,kNN kd_tree,calibrated,4.82,0.00024853385773689,0.000246316895820801
20,20,kNN kd_tree,calibrated,4.83,1.5760691601222E-09,1.57606916012227E-09
20,20,kNN kd_tree,calibrated,4.84,1.10933563257793E-31,5.72636099599745E-46
20,20,kNN kd_tree,calibrated,4.85,-4.14207009120738E-30,3.6110634883919E-46
20,20,kNN kd_tree,calibrated,4.86,1.1093356324172E-31,5.76391130651135E-46
20,20,kNN kd_tree,calibrated,4.87,-8.2594028046481E-30,4.31287166031574E-46
20,20,kNN kd_tree,calibrated,4.88,-5.42404820672223E-30,5.32735362034965E-46
20,20,kNN kd_tree,calibrated,4.9,-6.0527195831175E-30,4.35710739887498E-46
20,20,kNN kd_tree,calibrated,4.93,-6.0527195831175E-30,4.35710739887498E-46
20,20,kNN kd_tree,uncalibrated,4.67,0,0
20,20,kNN kd_tree,uncalibrated,4.7,0,0
20,20,kNN kd_tree,uncalibrated,4.72,7.23458129860702E-06,7.23458129860735E-06
20,20,kNN kd_tree,uncalibrated,4.73,0.000868434464451031,0.000435244512017638
20,20,kNN kd_tree,uncalibrated,4.74,0.00843445240339869,0.00172109887107959
20,20,kNN kd_tree,uncalibrated,4.75,0.047377667982705,0.00517735693264564
20,20,kNN kd_tree,uncalibrated,4.76,0.126313313557595,0.00632650465474187
20,20,kNN kd_tree,uncalibrated,4.77,0.196024895341968,0.00175501307427853
20,20,kNN kd_tree,uncalibrated,4.78,0.149364011102883,0.00454873280216215
20,20,kNN kd_tree,uncalibrated,4.79,0.0586332936349761,0.0037245596866488
20,20,kNN kd_tree,uncalibrated,4.81,0.00264247905064016,0.000613251747773452
20,20,kNN kd_tree,uncalibrated,4.82,0.00029926168999009,0.000217783466396019
20,20,kNN kd_tree,uncalibrated,4.83,5.30222693531283E-06,5.30222693531283E-06
20,20,kNN kd_tree,uncalibrated,4.84,0,0
20,20,kNN kd_tree,uncalibrated,4.85,0,0
20,20,kNN kd_tree,uncalibrated,4.86,0,0
20,20,kNN kd_tree,uncalibrated,4.87,0,0
20,20,kNN kd_tree,uncalibrated,4.88,0,0
20,20,kNN kd_tree,uncalibrated,4.9,0,0
20,20,kNN kd_tree,uncalibrated,4.93,0,0
20,20,SVM (RBF),calibrated,4.67,1.55259079262164E-07,4.79238761937557E-08
20,20,SVM (RBF),calibrated,4.7,1.5764089216634E-05,4.34987048989878E-06
20,20,SVM (RBF),calibrated,4.72,0.00109156771516334,0.000257381982528885
20,20,SVM (RBF),calibrated,4.73,0.00579681088929433,0.000699893878896931
20,20,SVM (RBF),calibrated,4.74,0.0196614598692053,0.00132601647678915
20,20,SVM (RBF),calibrated,4.75,0.0500598149096196,0.00309522932038883
20,20,SVM (RBF),calibrated,4.76,0.0770546626399141,0.00217296002464281
20,20,SVM (RBF),calibrated,4.77,0.0813098619204065,0.00119542116166451
20,20,SVM (RBF),calibrated,4.78,0.0562984281296365,0.00173800989685904
20,20,SVM (RBF),calibrated,4.79,0.0248737788154463,0.00151501338132737
20,20,SVM (RBF),calibrated,4.81,0.00260837975954459,0.000324111288272023
20,20,SVM (RBF),calibrated,4.82,0.000381348377422821,7.16781080000302E-05
20,20,SVM (RBF),calibrated,4.83,8.38870415199261E-05,2.46426302382605E-05
20,20,SVM (RBF),calibrated,4.84,2.09711971920994E-05,8.14534964461894E-06
20,20,SVM (RBF),calibrated,4.85,3.70895627251262E-06,8.46014318424259E-07
20,20,SVM (RBF),calibrated,4.86,1.14194954694235E-06,2.580837006847E-07
20,20,SVM (RBF),calibrated,4.87,3.62655171229368E-07,6.16362291063668E-08
20,20,SVM (RBF),calibrated,4.88,1.08295580637289E-07,1.13267898654653E-08
20,20,SVM (RBF),calibrated,4.9,2.67553895503069E-08,3.48943343823684E-09
20,20,SVM (RBF),calibrated,4.93,9.54992351171222E-09,1.58146963545858E-09
20,20,SVM (RBF),uncalibrated,4.67,0.000356746027680183,1.19975861184524E-05
20,20,SVM (RBF),uncalibrated,4.7,0.00108118449584523,4.25918758491519E-05
20,20,SVM (RBF),uncalibrated,4.72,0.00217662936610398,7.98088641650552E-05
20,20,SVM (RBF),uncalibrated,4.73,0.00288073963058238,9.48598310065275E-05
20,20,SVM (RBF),uncalibrated,4.74,0.00349460728118977,9.30591581671931E-05
20,20,SVM (RBF),uncalibrated,4.75,0.00408838474197721,0.000170550699643189
20,20,SVM (RBF),uncalibrated,4.76,0.00418477064168111,0.000112598911409142
20,20,SVM (RBF),uncalibrated,4.77,0.00414075057914178,0.000103232445740937
20,20,SVM (RBF),uncalibrated,4.78,0.00384914629150227,9.96258194373581E-05
20,20,SVM (RBF),uncalibrated,4.79,0.00336852771510471,0.000109575307400476
20,20,SVM (RBF),uncalibrated,4.81,0.00232399454908312,8.21142227911148E-05
20,20,SVM (RBF),uncalibrated,4.82,0.00179913423792704,9.89683845208771E-05
20,20,SVM (RBF),uncalibrated,4.83,0.00136724783953396,4.08745987847758E-05
20,20,SVM (RBF),uncalibrated,4.84,0.00103865164009833,9.8885756176014E-05
20,20,SVM (RBF),uncalibrated,4.85,0.000765252529600537,4.27534203055428E-05
20,20,SVM (RBF),uncalibrated,4.86,0.000568471998680239,3.30972741322385E-05
20,20,SVM (RBF),uncalibrated,4.87,0.000431779545952686,2.19559863869057E-05
20,20,SVM (RBF),uncalibrated,4.88,0.000328530721658787,1.05662953585415E-05
20,20,SVM (RBF),uncalibrated,4.9,0.000219577472542478,8.88253087123986E-06
20,20,SVM (RBF),uncalibrated,4.93,0.000198252877026379,1.93520309807702E-05
20,20,Neural Network,calibrated,4.67,2.87152054500446E-15,4.25166244545064E-16
20,20,Neural Network,calibrated,4.7,1.06009801127278E-10,7.47024203158947E-11
20,20,Neural Network,calibrated,4.72,0.000342082506254591,0.00021728603227877
20,20,Neural Network,calibrated,4.73,0.00454868689974773,0.00110978017162247
20,20,Neural Network,calibrated,4.74,0.0240502324965056,0.00244815398137928
20,20,Neural Network,calibrated,4.75,0.0809428610614237,0.00670079184314891
20,20,Neural Network,calibrated,4.76,0.157123381251069,0.00374511480080639
20,20,Neural Network,calibrated,4.77,0.1756488186273,0.00158043697491562
20,20,Neural Network,calibrated,4.78,0.110774341861945,0.00514559255232793
20,20,Neural Network,calibrated,4.79,0.0397499868121408,0.00344916550395336
20,20,Neural Network,calibrated,4.81,0.00207661753444046,0.000470519388869035
20,20,Neural Network,calibrated,4.82,0.000263180675048148,0.00022691134308258
20,20,Neural Network,calibrated,4.83,1.0415285170791E-08,5.28730854176787E-09
20,20,Neural Network,calibrated,4.84,5.0898300479503E-09,3.11681566625132E-09
20,20,Neural Network,calibrated,4.85,1.77004794844846E-11,5.35457870827782E-12
20,20,Neural Network,calibrated,4.86,6.81717267226366E-12,5.03130014169427E-12
20,20,Neural Network,calibrated,4.87,6.70765536645001E-13,2.1127297722861E-13
20,20,Neural Network,calibrated,4.88,1.2844272133958E-13,1.7985354190538E-14
20,20,Neural Network,calibrated,4.9,2.562870572391E-14,9.88062301733656E-15
20,20,Neural Network,calibrated,4.93,6.75623704563052E-16,1.17193691107492E-16
20,20,Neural Network,uncalibrated,4.67,3.41055111980701E-10,7.77289848550681E-11
20,20,Neural Network,uncalibrated,4.7,5.72315954932689E-06,5.10764631878865E-06
20,20,Neural Network,uncalibrated,4.72,0.000658536028134348,0.000264421259768057
20,20,Neural Network,uncalibrated,4.73,0.00425441842016914,0.000928829267346161
20,20,Neural Network,uncalibrated,4.74,0.0173902090344586,0.00185346190383433
20,20,Neural Network,uncalibrated,4.75,0.0509413407910092,0.00476798406139308
20,20,Neural Network,uncalibrated,4.76,0.095751629303421,0.00317427631916981
20,20,Neural Network,uncalibrated,4.77,0.118749995694982,0.00168929975715018
20,20,Neural Network,uncalibrated,4.78,0.0926876966258108,0.00264731731125012
20,20,Neural Network,uncalibrated,4.79,0.0462257684241511,0.00268098770286403
20,20,Neural Network,uncalibrated,4.81,0.0052619122144759,0.000578329942982941
20,20,Neural Network,uncalibrated,4.82,0.000793168535404701,0.000280314015034626
20,20,Neural Network,uncalibrated,4.83,8.8488090493851E-05,3.79586638547673E-05
20,20,Neural Network,uncalibrated,4.84,1.65938518731394E-05,7.97918319827129E-06
20,20,Neural Network,uncalibrated,4.85,2.20832967608493E-06,8.76282872343347E-07
20,20,Neural Network,uncalibrated,4.86,4.1898504662782E-07,1.74472769246297E-07
20,20,Neural Network,uncalibrated,4.87,8.58590466235551E-08,2.19609829256293E-08
20,20,Neural Network,uncalibrated,4.88,1.65031377110939E-08,2.39403635433713E-09
20,20,Neural Network,uncalibrated,4.9,3.74331383582689E-09,1.25294449117426E-09
20,20,Neural Network,uncalibrated,4.93,1.23702953081321E-10,2.13756323219015E-11
12,12,Logistic Regression,calibrated,4.67,2.56768843270229E-07,3.98754719406395E-08
12,12,Logistic Regression,calibrated,4.7,6.65256041366205E-05,3.66307712017571E-05
12,12,Logistic Regression,calibrated,4.72,0.00133380131113714,0.000257146591852863
12,12,Logistic Regression,calibrated,4.73,0.00519637771463237,0.000782123228897832
12,12,Logistic Regression,calibrated,4.74,0.0138587383800235,0.00110867398524781
12,12,Logistic Regression,calibrated,4.75,0.0309798982481815,0.00306074897330409
12,12,Logistic Regression,calibrated,4.76,0.0534731098949073,0.0025075082853248
12,12,Logistic Regression,calibrated,4.77,0.0731649472522812,0.00271113124347512
12,12,Logistic Regression,calibrated,4.78,0.0764795484786233,0.00121960398167292
12,12,Logistic Regression,calibrated,4.79,0.0653591883354918,0.00140966297558946
12,12,Logistic Regression,calibrated,4.81,0.0285086809791058,0.00157782902382072
12,12,Logistic Regression,calibrated,4.82,0.0149408920535314,0.00223253967204481
12,12,Logistic Regression,calibrated,4.83,0.0067039861464366,0.000738151799927884
12,12,Logistic Regression,calibrated,4.84,0.00292405335418341,0.000523252339610527
12,12,Logistic Regression,calibrated,4.85,0.00125123484805068,0.000288111151363252
12,12,Logistic Regression,calibrated,4.86,0.00051287208020268,0.000136890350438947
12,12,Logistic Regression,calibrated,4.87,0.000173790362174411,2.79417527590211E-05
12,12,Logistic Regression,calibrated,4.88,6.67581423078387E-05,1.29471061025741E-05
12,12,Logistic Regression,calibrated,4.9,1.69562564180885E-05,3.93113399149858E-06
12,12,Logistic Regression,calibrated,4.93,6.86700887405952E-07,1.2823850547145E-07
12,12,Logistic Regression,uncalibrated,4.67,2.61361944494173E-07,3.85327430457262E-08
12,12,Logistic Regression,uncalibrated,4.7,6.17254365911463E-05,3.27871816233381E-05
12,12,Logistic Regression,uncalibrated,4.72,0.00123877963453001,0.000236208777971834
12,12,Logistic Regression,uncalibrated,4.73,0.0048537504079079,0.000725699373628912
12,12,Logistic Regression,uncalibrated,4.74,0.0130256731142641,0.00104775770924036
12,12,Logistic Regression,uncalibrated,4.75,0.0294426554430027,0.00292982690259435
12,12,Logistic Regression,uncalibrated,4.76,0.0510945381741456,0.00243927046478551
12,12,Logistic Regression,uncalibrated,4.77,0.0704855371334042,0.00266574427803847
12,12,Logistic Regression,uncalibrated,4.78,0.0742337220952857,0.00120022809963922
12,12,Logistic Regression,uncalibrated,4.79,0.0638647879607079,0.00137448525886424
12,12,Logistic Regression,uncalibrated,4.81,0.0282398575788761,0.00152931281762653
12,12,Logistic Regression,uncalibrated,4.82,0.0148911305686066,0.00217575784983016
12,12,Logistic Regression,uncalibrated,4.83,0.00674257760693897,0.000730364714544214
12,12,Logistic Regression,uncalibrated,4.84,0.00297251333794365,0.000524630979256431
12,12,Logistic Regression,uncalibrated,4.85,0.00127922509085563,0.00028645703197835
12,12,Logistic Regression,uncalibrated,4.86,0.000528712603318992,0.00013733372146271
12,12,Logistic Regression,uncalibrated,4.87,0.000185222965617294,2.91603585174507E-05
12,12,Logistic Regression,uncalibrated,4.88,7.24403158257309E-05,1.33997147577769E-05
12,12,Logistic Regression,uncalibrated,4.9,1.84126763275233E-05,4.03130254545825E-06
12,12,Logistic Regression,uncalibrated,4.93,8.15305450807569E-07,1.46956238678012E-07
12,12,Logistic Regression C = 0.00175,calibrated,4.67,3.67742552409854E-06,1.14146379102892E-06
12,12,Logistic Regression C = 0.00175,calibrated,4.7,0.000423105595695301,0.000218142994307007
12,12,Logistic Regression C = 0.00175,calibrated,4.72,0.0041678619528991,0.000741612197766964
12,12,Logistic Regression C = 0.00175,calibrated,4.73,0.0115908540654811,0.00182401388768548
12,12,Logistic Regression C = 0.00175,calibrated,4.74,0.0248669034894734,0.00174835631873291
12,12,Logistic Regression C = 0.00175,calibrated,4.75,0.0457382292356204,0.00474655709751982
12,12,Logistic Regression C = 0.00175,calibrated,4.76,0.0753077949650059,0.00352998296696131
12,12,Logistic Regression C = 0.00175,calibrated,4.77,0.102455110249217,0.00436184615258793
12,12,Logistic Regression C = 0.00175,calibrated,4.78,0.115796888417564,0.00173198998659807
12,12,Logistic Regression C = 0.00175,calibrated,4.79,0.11349611678966,0.00143343659268328
12,12,Logistic Regression C = 0.00175,calibrated,4.81,0.0736752773401571,0.00323892258786188
12,12,Logistic Regression C = 0.00175,calibrated,4.82,0.0490928741437365,0.00464261735800575
12,12,Logistic Regression C = 0.00175,calibrated,4.83,0.029791544163844,0.002239934229069
12,12,Logistic Regression C = 0.00175,calibrated,4.84,0.0171522941507738,0.00249794057480245
12,12,Logistic Regression C = 0.00175,calibrated,4.85,0.00955967384422376,0.002068837852584
12,12,Logistic Regression C = 0.00175,calibrated,4.86,0.00504728388673439,0.0012891583706282
12,12,Logistic Regression C = 0.00175,calibrated,4.87,0.00189455793761005,0.000298404974894517
12,12,Logistic Regression C = 0.00175,calibrated,4.88,0.000833570148557377,0.000196357803161571
12,12,Logistic Regression C = 0.00175,calibrated,4.9,0.000271885649469133,8.33829169271036E-05
12,12,Logistic Regression C = 0.00175,calibrated,4.93,6.22899401963553E-06,1.83104889961812E-06
12,12,Logistic Regression C = 0.00175,uncalibrated,4.67,0.000364458074041073,3.51430948712485E-05
12,12,Logistic Regression C = 0.00175,uncalibrated,4.7,0.00151110924838171,0.000149180452896392
12,12,Logistic Regression C = 0.00175,uncalibrated,4.72,0.00393402664926097,0.000297367506560722
12,12,Logistic Regression C = 0.00175,uncalibrated,4.73,0.00681446699820961,0.00066037860597776
12,12,Logistic Regression C = 0.00175,uncalibrated,4.74,0.0101715105652251,0.000494929442725408
12,12,Logistic Regression C = 0.00175,uncalibrated,4.75,0.015014447150238,0.00115819119515927
12,12,Logistic Regression C = 0.00175,uncalibrated,4.76,0.0206391604950977,0.000907728916552834
12,12,Logistic Regression C = 0.00175,uncalibrated,4.77,0.0269465436066582,0.00154736597332971
12,12,Logistic Regression C = 0.00175,uncalibrated,4.78,0.0318784502205633,0.000927088603850727
12,12,Logistic Regression C = 0.00175,uncalibrated,4.79,0.035824297304778,0.0013263074685917
12,12,Logistic Regression C = 0.00175,uncalibrated,4.81,0.0364518045585591,0.00121188789049842
12,12,Logistic Regression C = 0.00175,uncalibrated,4.82,0.0342576520922601,0.00160610662438366
12,12,Logistic Regression C = 0.00175,uncalibrated,4.83,0.0299718179753667,0.00106300249788724
12,12,Logistic Regression C = 0.00175,uncalibrated,4.84,0.0257886306511117,0.00126117402742769
12,12,Logistic Regression C = 0.00175,uncalibrated,4.85,0.0212346206484789,0.00126532677021207
12,12,Logistic Regression C = 0.00175,uncalibrated,4.86,0.0167757455066612,0.00148901757145385
12,12,Logistic Regression C = 0.00175,uncalibrated,4.87,0.0129174121195897,0.000637592210912999
12,12,Logistic Regression C = 0.00175,uncalibrated,4.88,0.00997875307486174,0.000547021125161416
12,12,Logistic Regression C = 0.00175,uncalibrated,4.9,0.00557580917560047,0.000464290363811944
12,12,Logistic Regression C = 0.00175,uncalibrated,4.93,0.00204897283523328,0.00017450278025464
12,12,kNN kd_tree,calibrated,4.67,-5.14334442385442E-38,2.72973070466928E-54
12,12,kNN kd_tree,calibrated,4.7,2.27743475715816E-09,2.27743475715785E-09
12,12,kNN kd_tree,calibrated,4.72,0.000744018968663599,0.000414741155679815
12,12,kNN kd_tree,calibrated,4.73,0.00549675124030993,0.00136547140115158
12,12,kNN kd_tree,calibrated,4.74,0.0189243646532194,0.00229868159820331
12,12,kNN kd_tree,calibrated,4.75,0.0499454342862083,0.00597698526998903
12,12,kNN kd_tree,calibrated,4.76,0.10791242414875,0.00620639611688082
12,12,kNN kd_tree,calibrated,4.77,0.179304889005527,0.00558286314535159
12,12,kNN kd_tree,calibrated,4.78,0.206598596900756,0.00126921991600256
12,12,kNN kd_tree,calibrated,4.79,0.17814952941196,0.00310473755043343
12,12,kNN kd_tree,calibrated,4.81,0.0606461928977296,0.00610563709487488
12,12,kNN kd_tree,calibrated,4.82,0.0254669444939752,0.00518261154016486
12,12,kNN kd_tree,calibrated,4.83,0.00868392646880262,0.00229174850220229
12,12,kNN kd_tree,calibrated,4.84,0.00300236629610579,0.000909835016382193
12,12,kNN kd_tree,calibrated,4.85,0.00104483436958208,0.000493683364454632
12,12,kNN kd_tree,calibrated,4.86,0.000109641278967844,7.96269463899282E-05
12,12,kNN kd_tree,calibrated,4.87,6.12474091164641E-05,5.56937443164029E-05
12,12,kNN kd_tree,calibrated,4.88,1.36381584518812E-05,1.36361789888408E-05
12,12,kNN kd_tree,calibrated,4.9,3.17032803876296E-07,3.1636655380972E-07
12,12,kNN kd_tree,calibrated,4.93,3.26644663295634E-10,3.26644663295629E-10
12,12,kNN kd_tree,uncalibrated,4.67,0,0
12,12,kNN kd_tree,uncalibrated,4.7,0,0
12,12,kNN kd_tree,uncalibrated,4.72,0.000786753702715536,0.00031722559062463
12,12,kNN kd_tree,uncalibrated,4.73,0.00576208939825222,0.00122966760595582
12,12,kNN kd_tree,uncalibrated,4.74,0.0181085997632076,0.00190216775936824
12,12,kNN kd_tree,uncalibrated,4.75,0.0484042144639104,0.00535132876720927
12,12,kNN kd_tree,uncalibrated,4.76,0.0994145291159996,0.00555237895948233
12,12,kNN kd_tree,uncalibrated,4.77,0.154036941257508,0.0040435819167906
12,12,kNN kd_tree,uncalibrated,4.78,0.167820127254533,0.001478891529013
12,12,kNN kd_tree,uncalibrated,4.79,0.140033443916936,0.00274034488677407
12,12,kNN kd_tree,uncalibrated,4.81,0.0453070881942744,0.00434369162845984
12,12,kNN kd_tree,uncalibrated,4.82,0.0185888268660638,0.00394277154406743
12,12,kNN kd_tree,uncalibrated,4.83,0.00622222687423186,0.00164054580478481
12,12,kNN kd_tree,uncalibrated,4.84,0.00239899473364444,0.000704938183284448
12,12,kNN kd_tree,uncalibrated,4.85,0.00077763766675991,0.000349262917896583
12,12,kNN kd_tree,uncalibrated,4.86,0.000206499658287382,0.000138171928016622
12,12,kNN kd_tree,uncalibrated,4.87,6.23677983673505E-05,4.6681149405977E-05
12,12,kNN kd_tree,uncalibrated,4.88,4.50399729760169E-06,4.50399729760162E-06
12,12,kNN kd_tree,uncalibrated,4.9,4.4400044400041E-06,4.44000444000444E-06
12,12,kNN kd_tree,uncalibrated,4.93,0,0
12,12,SVM (RBF),calibrated,4.67,1.16952920330626E-06,6.23953787081923E-07
12,12,SVM (RBF),calibrated,4.7,0.000159453787957922,4.04602194074862E-05
12,12,SVM (RBF),calibrated,4.72,0.00367860580906073,0.000688103555100065
12,12,SVM (RBF),calibrated,4.73,0.0133989155089231,0.001435467680267
12,12,SVM (RBF),calibrated,4.74,0.0330280880278059,0.00179986684098888
12,12,SVM (RBF),calibrated,4.75,0.0619796663968833,0.00353431399828453
12,12,SVM (RBF),calibrated,4.76,0.0803014946197452,0.00163976259853791
12,12,SVM (RBF),calibrated,4.77,0.0771813160455159,0.00123979394311925
12,12,SVM (RBF),calibrated,4.78,0.0528452524947304,0.00165751027586298
12,12,SVM (RBF),calibrated,4.79,0.0265462871667659,0.00153650381554853
12,12,SVM (RBF),calibrated,4.81,0.004026045242372,0.00040506251651524
12,12,SVM (RBF),calibrated,4.82,0.000936879856231852,0.000206968366789781
12,12,SVM (RBF),calibrated,4.83,0.000197679674018377,4.20500254702726E-05
12,12,SVM (RBF),calibrated,4.84,6.75407302697536E-05,2.0849010780255E-05
12,12,SVM (RBF),calibrated,4.85,1.83419333304795E-05,4.64072940091321E-06
12,12,SVM (RBF),calibrated,4.86,4.01979190465189E-06,1.22691647088919E-06
12,12,SVM (RBF),calibrated,4.87,1.71629027338903E-06,3.78293456680711E-07
12,12,SVM (RBF),calibrated,4.88,4.08532002579821E-07,6.20258607603575E-08
12,12,SVM (RBF),calibrated,4.9,9.8555183448849E-08,1.82168603007944E-08
12,12,SVM (RBF),calibrated,4.93,2.26089337774662E-08,1.56866647498777E-09
12,12,SVM (RBF),uncalibrated,4.67,0.000890380437945906,2.7788697379244E-05
12,12,SVM (RBF),uncalibrated,4.7,0.00181835391622052,6.3381782820087E-05
12,12,SVM (RBF),uncalibrated,4.72,0.00273809715550058,0.000112590311439952
12,12,SVM (RBF),uncalibrated,4.73,0.00335229542728488,0.000159777867201693
12,12,SVM (RBF),uncalibrated,4.74,0.00377503694549571,0.000126177073060713
12,12,SVM (RBF),uncalibrated,4.75,0.00424796402124047,0.000194441336609895
12,12,SVM (RBF),uncalibrated,4.76,0.00436860757861795,0.000127124991494209
12,12,SVM (RBF),uncalibrated,4.77,0.00446427695727724,0.000108918886311404
12,12,SVM (RBF),uncalibrated,4.78,0.00429107400029599,0.000117471082804306
12,12,SVM (RBF),uncalibrated,4.79,0.00407464665864342,0.000148190059750138
12,12,SVM (RBF),uncalibrated,4.81,0.00317669802137254,0.000104896018007685
12,12,SVM (RBF),uncalibrated,4.82,0.00262301000298622,0.00016547777388183
12,12,SVM (RBF),uncalibrated,4.83,0.00211559198893196,6.29442266909734E-05
12,12,SVM (RBF),uncalibrated,4.84,0.00167857887902205,0.000153179236530831
12,12,SVM (RBF),uncalibrated,4.85,0.00129857329384276,8.18178960648008E-05
12,12,SVM (RBF),uncalibrated,4.86,0.000975953977882426,7.28546967307131E-05
12,12,SVM (RBF),uncalibrated,4.87,0.000773648726398984,4.17989813359581E-05
12,12,SVM (RBF),uncalibrated,4.88,0.000600390510826961,2.04124348948636E-05
12,12,SVM (RBF),uncalibrated,4.9,0.000478871765930373,1.65994544964554E-05
12,12,SVM (RBF),uncalibrated,4.93,0.000542989118814196,2.21799899066318E-05
12,12,Neural Network,calibrated,4.67,7.16290997059725E-11,7.09167499935976E-11
12,12,Neural Network,calibrated,4.7,0.000176664210658696,0.000103659085576584
12,12,Neural Network,calibrated,4.72,0.00343374694840732,0.000963416825052104
12,12,Neural Network,calibrated,4.73,0.0119514568608543,0.00236494428460174
12,12,Neural Network,calibrated,4.74,0.031190502796388,0.0027888734037578
12,12,Neural Network,calibrated,4.75,0.0683980190270428,0.00651472341469992
12,12,Neural Network,calibrated,4.76,0.120289587368613,0.00595923535224143
12,12,Neural Network,calibrated,4.77,0.17665541625695,0.00564977354298521
12,12,Neural Network,calibrated,4.78,0.201520100067348,0.00126588924658641
12,12,Neural Network,calibrated,4.79,0.187248294641853,0.00243775409386464
12,12,Neural Network,calibrated,4.81,0.0907094855529222,0.00582840430986456
12,12,Neural Network,calibrated,4.82,0.0440205047029738,0.00605063841630262
12,12,Neural Network,calibrated,4.83,0.019006581845766,0.00192796703044921
12,12,Neural Network,calibrated,4.84,0.00668360816005902,0.00241470726118842
12,12,Neural Network,calibrated,4.85,0.00303559660581027,0.00106629953183848
12,12,Neural Network,calibrated,4.86,0.000922003781046717,0.000427607045108994
12,12,Neural Network,calibrated,4.87,6.66846323472296E-05,6.15533006961143E-05
12,12,Neural Network,calibrated,4.88,4.18007118362119E-06,4.17190280825728E-06
12,12,Neural Network,calibrated,4.9,1.12856237848811E-05,1.12626345862324E-05
12,12,Neural Network,calibrated,4.93,2.25944527691788E-13,1.91818721794758E-13
12,12,Neural Network,uncalibrated,4.67,2.59430785003196E-08,2.18005400944289E-08
12,12,Neural Network,uncalibrated,4.7,0.000250320355757108,0.000223330499669433
12,12,Neural Network,uncalibrated,4.72,0.00300054116260021,0.000760909555030431
12,12,Neural Network,uncalibrated,4.73,0.0105030964144639,0.00193592319405602
12,12,Neural Network,uncalibrated,4.74,0.0297158585200927,0.00239296099547734
12,12,Neural Network,uncalibrated,4.75,0.0638270621758606,0.00671887814762987
12,12,Neural Network,uncalibrated,4.76,0.108575900167054,0.0052772141227425
12,12,Neural Network,uncalibrated,4.77,0.150675686049589,0.00426897332870067
12,12,Neural Network,uncalibrated,4.78,0.159458729950691,0.00126653009397324
12,12,Neural Network,uncalibrated,4.79,0.137693568512987,0.00256881025529592
12,12,Neural Network,uncalibrated,4.81,0.0581067284950937,0.00468323880386922
12,12,Neural Network,uncalibrated,4.82,0.0271123130753342,0.00463848093278215
12,12,Neural Network,uncalibrated,4.83,0.0104303437342717,0.0011714805337542
12,12,Neural Network,uncalibrated,4.84,0.00359438229344501,0.00100932153951621
12,12,Neural Network,uncalibrated,4.85,0.00145357955172598,0.000510574197770447
12,12,Neural Network,uncalibrated,4.86,0.000486329116673332,0.000210680774270705
12,12,Neural Network,uncalibrated,4.87,5.81873691156739E-05,3.50689899231731E-05
12,12,Neural Network,uncalibrated,4.88,6.08736175324588E-06,3.05803448251352E-06
12,12,Neural Network,uncalibrated,4.9,1.36946841669369E-06,8.56446449097451E-07
12,12,Neural Network,uncalibrated,4.93,7.72237756497683E-10,6.58459088767833E-10
